ISO-10303-21;
HEADER;
FILE_DESCRIPTION(('KiCad electronic assembly'),'2;1');
FILE_NAME('FW-Floppy256.step','2026-10-01T13:22:43',('Pcbnew'),('Kicad')
  ,'Open CASCADE STEP processor 7.6','KiCad to STEP converter','Unknown'
  );
FILE_SCHEMA(('AUTOMOTIVE_DESIGN { 1 0 10303 214 1 1 1 1 }'));
ENDSEC;
DATA;
#1 = APPLICATION_PROTOCOL_DEFINITION('international standard',
  'automotive_design',2000,#2);
#2 = APPLICATION_CONTEXT(
  'core data for automotive mechanical design processes');
#3 = SHAPE_DEFINITION_REPRESENTATION(#4,#10);
#4 = PRODUCT_DEFINITION_SHAPE('','',#5);
#5 = PRODUCT_DEFINITION('design','',#6,#9);
#6 = PRODUCT_DEFINITION_FORMATION('','',#7);
#7 = PRODUCT('FW-Floppy256 1','FW-Floppy256 1','',(#8));
#8 = PRODUCT_CONTEXT('',#2,'mechanical');
#9 = PRODUCT_DEFINITION_CONTEXT('part definition',#2,'design');
#10 = SHAPE_REPRESENTATION('',(#11,#15,#19,#23,#27,#31),#35);
#11 = AXIS2_PLACEMENT_3D('',#12,#13,#14);
#12 = CARTESIAN_POINT('',(0.,0.,0.));
#13 = DIRECTION('',(0.,0.,1.));
#14 = DIRECTION('',(1.,0.,-0.));
#15 = AXIS2_PLACEMENT_3D('',#16,#17,#18);
#16 = CARTESIAN_POINT('',(140.22,-65.63,-8.5E-02));
#17 = DIRECTION('',(0.,-1.224646799147E-16,-1.));
#18 = DIRECTION('',(1.,0.,0.));
#19 = AXIS2_PLACEMENT_3D('',#20,#21,#22);
#20 = CARTESIAN_POINT('',(146.97,-72.15,-8.5E-02));
#21 = DIRECTION('',(1.499759782662E-32,1.224646799147E-16,-1.));
#22 = DIRECTION('',(-1.,1.224646799147E-16,0.));
#23 = AXIS2_PLACEMENT_3D('',#24,#25,#26);
#24 = CARTESIAN_POINT('',(146.97,-76.06,-8.5E-02));
#25 = DIRECTION('',(1.499759782662E-32,1.224646799147E-16,-1.));
#26 = DIRECTION('',(-1.,1.224646799147E-16,0.));
#27 = AXIS2_PLACEMENT_3D('',#28,#29,#30);
#28 = CARTESIAN_POINT('',(139.545,-71.255,-8.5E-02));
#29 = DIRECTION('',(-1.224646799147E-16,-1.359631073447E-32,-1.));
#30 = DIRECTION('',(1.110223024625E-16,-1.,0.));
#31 = AXIS2_PLACEMENT_3D('',#32,#33,#34);
#32 = CARTESIAN_POINT('',(0.,0.,0.));
#33 = DIRECTION('',(0.,0.,1.));
#34 = DIRECTION('',(1.,0.,-0.));
#35 = ( GEOMETRIC_REPRESENTATION_CONTEXT(3) 
GLOBAL_UNCERTAINTY_ASSIGNED_CONTEXT((#39)) GLOBAL_UNIT_ASSIGNED_CONTEXT(
(#36,#37,#38)) REPRESENTATION_CONTEXT('Context #1',
  '3D Context with UNIT and UNCERTAINTY') );
#36 = ( LENGTH_UNIT() NAMED_UNIT(*) SI_UNIT(.MILLI.,.METRE.) );
#37 = ( NAMED_UNIT(*) PLANE_ANGLE_UNIT() SI_UNIT($,.RADIAN.) );
#38 = ( NAMED_UNIT(*) SI_UNIT($,.STERADIAN.) SOLID_ANGLE_UNIT() );
#39 = UNCERTAINTY_MEASURE_WITH_UNIT(LENGTH_MEASURE(1.E-07),#36,
  'distance_accuracy_value','confusion accuracy');
#40 = PRODUCT_RELATED_PRODUCT_CATEGORY('part',$,(#7));
#41 = SHAPE_DEFINITION_REPRESENTATION(#42,#48);
#42 = PRODUCT_DEFINITION_SHAPE('','',#43);
#43 = PRODUCT_DEFINITION('design','',#44,#47);
#44 = PRODUCT_DEFINITION_FORMATION('','',#45);
#45 = PRODUCT('C_0805_2012Metric','C_0805_2012Metric','',(#46));
#46 = PRODUCT_CONTEXT('',#2,'mechanical');
#47 = PRODUCT_DEFINITION_CONTEXT('part definition',#2,'design');
#48 = SHAPE_REPRESENTATION('',(#11,#49),#53);
#49 = AXIS2_PLACEMENT_3D('',#50,#51,#52);
#50 = CARTESIAN_POINT('',(0.,0.,0.));
#51 = DIRECTION('',(0.,0.,1.));
#52 = DIRECTION('',(1.,0.,-0.));
#53 = ( GEOMETRIC_REPRESENTATION_CONTEXT(3) 
GLOBAL_UNCERTAINTY_ASSIGNED_CONTEXT((#57)) GLOBAL_UNIT_ASSIGNED_CONTEXT(
(#54,#55,#56)) REPRESENTATION_CONTEXT('Context #1',
  '3D Context with UNIT and UNCERTAINTY') );
#54 = ( LENGTH_UNIT() NAMED_UNIT(*) SI_UNIT(.MILLI.,.METRE.) );
#55 = ( NAMED_UNIT(*) PLANE_ANGLE_UNIT() SI_UNIT($,.RADIAN.) );
#56 = ( NAMED_UNIT(*) SI_UNIT($,.STERADIAN.) SOLID_ANGLE_UNIT() );
#57 = UNCERTAINTY_MEASURE_WITH_UNIT(LENGTH_MEASURE(1.E-07),#54,
  'distance_accuracy_value','confusion accuracy');
#58 = CONTEXT_DEPENDENT_SHAPE_REPRESENTATION(#59,#61);
#59 = ( REPRESENTATION_RELATIONSHIP('','',#48,#10) 
REPRESENTATION_RELATIONSHIP_WITH_TRANSFORMATION(#60) 
SHAPE_REPRESENTATION_RELATIONSHIP() );
#60 = ITEM_DEFINED_TRANSFORMATION('','',#11,#15);
#61 = PRODUCT_DEFINITION_SHAPE('Placement','Placement of an item',#62);
#62 = NEXT_ASSEMBLY_USAGE_OCCURRENCE('2','C1','',#5,#43,$);
#63 = PRODUCT_RELATED_PRODUCT_CATEGORY('part',$,(#45));
#64 = SHAPE_DEFINITION_REPRESENTATION(#65,#71);
#65 = PRODUCT_DEFINITION_SHAPE('','',#66);
#66 = PRODUCT_DEFINITION('design','',#67,#70);
#67 = PRODUCT_DEFINITION_FORMATION('','',#68);
#68 = PRODUCT('C_0805_2012Metric','C_0805_2012Metric','',(#69));
#69 = PRODUCT_CONTEXT('',#2,'mechanical');
#70 = PRODUCT_DEFINITION_CONTEXT('part definition',#2,'design');
#71 = ADVANCED_BREP_SHAPE_REPRESENTATION('',(#11,#72),#926);
#72 = MANIFOLD_SOLID_BREP('',#73);
#73 = CLOSED_SHELL('',(#74,#150,#181,#206,#231,#255,#279,#304,#329,#346,
    #432,#464,#488,#513,#537,#562,#586,#611,#628,#714,#745,#770,#795,
    #819,#843,#868,#893,#910));
#74 = ADVANCED_FACE('',(#75),#145,.F.);
#75 = FACE_BOUND('',#76,.F.);
#76 = EDGE_LOOP('',(#77,#87,#96,#104,#113,#121,#130,#138));
#77 = ORIENTED_EDGE('',*,*,#78,.F.);
#78 = EDGE_CURVE('',#79,#81,#83,.T.);
#79 = VERTEX_POINT('',#80);
#80 = CARTESIAN_POINT('',(-1.,-0.625,4.E-02));
#81 = VERTEX_POINT('',#82);
#82 = CARTESIAN_POINT('',(-1.,-0.625,1.21));
#83 = LINE('',#84,#85);
#84 = CARTESIAN_POINT('',(-1.,-0.625,0.));
#85 = VECTOR('',#86,1.);
#86 = DIRECTION('',(0.,0.,1.));
#87 = ORIENTED_EDGE('',*,*,#88,.T.);
#88 = EDGE_CURVE('',#79,#89,#91,.T.);
#89 = VERTEX_POINT('',#90);
#90 = CARTESIAN_POINT('',(-1.,-0.585,0.));
#91 = CIRCLE('',#92,4.E-02);
#92 = AXIS2_PLACEMENT_3D('',#93,#94,#95);
#93 = CARTESIAN_POINT('',(-1.,-0.585,4.E-02));
#94 = DIRECTION('',(1.,0.,-0.));
#95 = DIRECTION('',(0.,0.,1.));
#96 = ORIENTED_EDGE('',*,*,#97,.T.);
#97 = EDGE_CURVE('',#89,#98,#100,.T.);
#98 = VERTEX_POINT('',#99);
#99 = CARTESIAN_POINT('',(-1.,0.585,0.));
#100 = LINE('',#101,#102);
#101 = CARTESIAN_POINT('',(-1.,-0.625,0.));
#102 = VECTOR('',#103,1.);
#103 = DIRECTION('',(0.,1.,0.));
#104 = ORIENTED_EDGE('',*,*,#105,.F.);
#105 = EDGE_CURVE('',#106,#98,#108,.T.);
#106 = VERTEX_POINT('',#107);
#107 = CARTESIAN_POINT('',(-1.,0.625,4.E-02));
#108 = CIRCLE('',#109,4.E-02);
#109 = AXIS2_PLACEMENT_3D('',#110,#111,#112);
#110 = CARTESIAN_POINT('',(-1.,0.585,4.E-02));
#111 = DIRECTION('',(-1.,0.,0.));
#112 = DIRECTION('',(0.,0.,1.));
#113 = ORIENTED_EDGE('',*,*,#114,.T.);
#114 = EDGE_CURVE('',#106,#115,#117,.T.);
#115 = VERTEX_POINT('',#116);
#116 = CARTESIAN_POINT('',(-1.,0.625,1.21));
#117 = LINE('',#118,#119);
#118 = CARTESIAN_POINT('',(-1.,0.625,0.));
#119 = VECTOR('',#120,1.);
#120 = DIRECTION('',(0.,0.,1.));
#121 = ORIENTED_EDGE('',*,*,#122,.T.);
#122 = EDGE_CURVE('',#115,#123,#125,.T.);
#123 = VERTEX_POINT('',#124);
#124 = CARTESIAN_POINT('',(-1.,0.585,1.25));
#125 = CIRCLE('',#126,4.E-02);
#126 = AXIS2_PLACEMENT_3D('',#127,#128,#129);
#127 = CARTESIAN_POINT('',(-1.,0.585,1.21));
#128 = DIRECTION('',(1.,0.,-0.));
#129 = DIRECTION('',(0.,0.,1.));
#130 = ORIENTED_EDGE('',*,*,#131,.F.);
#131 = EDGE_CURVE('',#132,#123,#134,.T.);
#132 = VERTEX_POINT('',#133);
#133 = CARTESIAN_POINT('',(-1.,-0.585,1.25));
#134 = LINE('',#135,#136);
#135 = CARTESIAN_POINT('',(-1.,-0.625,1.25));
#136 = VECTOR('',#137,1.);
#137 = DIRECTION('',(0.,1.,0.));
#138 = ORIENTED_EDGE('',*,*,#139,.F.);
#139 = EDGE_CURVE('',#81,#132,#140,.T.);
#140 = CIRCLE('',#141,4.E-02);
#141 = AXIS2_PLACEMENT_3D('',#142,#143,#144);
#142 = CARTESIAN_POINT('',(-1.,-0.585,1.21));
#143 = DIRECTION('',(-1.,0.,0.));
#144 = DIRECTION('',(0.,0.,1.));
#145 = PLANE('',#146);
#146 = AXIS2_PLACEMENT_3D('',#147,#148,#149);
#147 = CARTESIAN_POINT('',(-1.,-0.625,0.));
#148 = DIRECTION('',(1.,0.,0.));
#149 = DIRECTION('',(0.,0.,1.));
#150 = ADVANCED_FACE('',(#151),#176,.F.);
#151 = FACE_BOUND('',#152,.F.);
#152 = EDGE_LOOP('',(#153,#163,#169,#170));
#153 = ORIENTED_EDGE('',*,*,#154,.F.);
#154 = EDGE_CURVE('',#155,#157,#159,.T.);
#155 = VERTEX_POINT('',#156);
#156 = CARTESIAN_POINT('',(-0.6,-0.625,4.E-02));
#157 = VERTEX_POINT('',#158);
#158 = CARTESIAN_POINT('',(-0.6,-0.625,1.21));
#159 = LINE('',#160,#161);
#160 = CARTESIAN_POINT('',(-0.6,-0.625,0.));
#161 = VECTOR('',#162,1.);
#162 = DIRECTION('',(0.,0.,1.));
#163 = ORIENTED_EDGE('',*,*,#164,.F.);
#164 = EDGE_CURVE('',#79,#155,#165,.T.);
#165 = LINE('',#166,#167);
#166 = CARTESIAN_POINT('',(-1.,-0.625,4.E-02));
#167 = VECTOR('',#168,1.);
#168 = DIRECTION('',(1.,0.,0.));
#169 = ORIENTED_EDGE('',*,*,#78,.T.);
#170 = ORIENTED_EDGE('',*,*,#171,.T.);
#171 = EDGE_CURVE('',#81,#157,#172,.T.);
#172 = LINE('',#173,#174);
#173 = CARTESIAN_POINT('',(-1.,-0.625,1.21));
#174 = VECTOR('',#175,1.);
#175 = DIRECTION('',(1.,0.,0.));
#176 = PLANE('',#177);
#177 = AXIS2_PLACEMENT_3D('',#178,#179,#180);
#178 = CARTESIAN_POINT('',(-1.,-0.625,0.));
#179 = DIRECTION('',(0.,1.,0.));
#180 = DIRECTION('',(0.,-0.,1.));
#181 = ADVANCED_FACE('',(#182),#201,.T.);
#182 = FACE_BOUND('',#183,.T.);
#183 = EDGE_LOOP('',(#184,#185,#193,#200));
#184 = ORIENTED_EDGE('',*,*,#88,.T.);
#185 = ORIENTED_EDGE('',*,*,#186,.T.);
#186 = EDGE_CURVE('',#89,#187,#189,.T.);
#187 = VERTEX_POINT('',#188);
#188 = CARTESIAN_POINT('',(-0.6,-0.585,0.));
#189 = LINE('',#190,#191);
#190 = CARTESIAN_POINT('',(-1.,-0.585,0.));
#191 = VECTOR('',#192,1.);
#192 = DIRECTION('',(1.,0.,0.));
#193 = ORIENTED_EDGE('',*,*,#194,.F.);
#194 = EDGE_CURVE('',#155,#187,#195,.T.);
#195 = CIRCLE('',#196,4.E-02);
#196 = AXIS2_PLACEMENT_3D('',#197,#198,#199);
#197 = CARTESIAN_POINT('',(-0.6,-0.585,4.E-02));
#198 = DIRECTION('',(1.,0.,-0.));
#199 = DIRECTION('',(0.,0.,1.));
#200 = ORIENTED_EDGE('',*,*,#164,.F.);
#201 = CYLINDRICAL_SURFACE('',#202,4.E-02);
#202 = AXIS2_PLACEMENT_3D('',#203,#204,#205);
#203 = CARTESIAN_POINT('',(-1.,-0.585,4.E-02));
#204 = DIRECTION('',(1.,0.,0.));
#205 = DIRECTION('',(0.,-1.,0.));
#206 = ADVANCED_FACE('',(#207),#226,.T.);
#207 = FACE_BOUND('',#208,.T.);
#208 = EDGE_LOOP('',(#209,#210,#219,#225));
#209 = ORIENTED_EDGE('',*,*,#171,.T.);
#210 = ORIENTED_EDGE('',*,*,#211,.T.);
#211 = EDGE_CURVE('',#157,#212,#214,.T.);
#212 = VERTEX_POINT('',#213);
#213 = CARTESIAN_POINT('',(-0.6,-0.585,1.25));
#214 = CIRCLE('',#215,4.E-02);
#215 = AXIS2_PLACEMENT_3D('',#216,#217,#218);
#216 = CARTESIAN_POINT('',(-0.6,-0.585,1.21));
#217 = DIRECTION('',(-1.,0.,0.));
#218 = DIRECTION('',(0.,0.,1.));
#219 = ORIENTED_EDGE('',*,*,#220,.F.);
#220 = EDGE_CURVE('',#132,#212,#221,.T.);
#221 = LINE('',#222,#223);
#222 = CARTESIAN_POINT('',(-1.,-0.585,1.25));
#223 = VECTOR('',#224,1.);
#224 = DIRECTION('',(1.,0.,0.));
#225 = ORIENTED_EDGE('',*,*,#139,.F.);
#226 = CYLINDRICAL_SURFACE('',#227,4.E-02);
#227 = AXIS2_PLACEMENT_3D('',#228,#229,#230);
#228 = CARTESIAN_POINT('',(-1.,-0.585,1.21));
#229 = DIRECTION('',(1.,0.,0.));
#230 = DIRECTION('',(0.,-1.,0.));
#231 = ADVANCED_FACE('',(#232),#250,.F.);
#232 = FACE_BOUND('',#233,.F.);
#233 = EDGE_LOOP('',(#234,#235,#236,#244));
#234 = ORIENTED_EDGE('',*,*,#97,.F.);
#235 = ORIENTED_EDGE('',*,*,#186,.T.);
#236 = ORIENTED_EDGE('',*,*,#237,.T.);
#237 = EDGE_CURVE('',#187,#238,#240,.T.);
#238 = VERTEX_POINT('',#239);
#239 = CARTESIAN_POINT('',(-0.6,0.585,0.));
#240 = LINE('',#241,#242);
#241 = CARTESIAN_POINT('',(-0.6,-0.625,0.));
#242 = VECTOR('',#243,1.);
#243 = DIRECTION('',(0.,1.,0.));
#244 = ORIENTED_EDGE('',*,*,#245,.F.);
#245 = EDGE_CURVE('',#98,#238,#246,.T.);
#246 = LINE('',#247,#248);
#247 = CARTESIAN_POINT('',(-1.,0.585,0.));
#248 = VECTOR('',#249,1.);
#249 = DIRECTION('',(1.,0.,0.));
#250 = PLANE('',#251);
#251 = AXIS2_PLACEMENT_3D('',#252,#253,#254);
#252 = CARTESIAN_POINT('',(-1.,-0.625,0.));
#253 = DIRECTION('',(0.,0.,1.));
#254 = DIRECTION('',(1.,0.,-0.));
#255 = ADVANCED_FACE('',(#256),#274,.T.);
#256 = FACE_BOUND('',#257,.T.);
#257 = EDGE_LOOP('',(#258,#259,#260,#268));
#258 = ORIENTED_EDGE('',*,*,#131,.F.);
#259 = ORIENTED_EDGE('',*,*,#220,.T.);
#260 = ORIENTED_EDGE('',*,*,#261,.T.);
#261 = EDGE_CURVE('',#212,#262,#264,.T.);
#262 = VERTEX_POINT('',#263);
#263 = CARTESIAN_POINT('',(-0.6,0.585,1.25));
#264 = LINE('',#265,#266);
#265 = CARTESIAN_POINT('',(-0.6,-0.625,1.25));
#266 = VECTOR('',#267,1.);
#267 = DIRECTION('',(0.,1.,0.));
#268 = ORIENTED_EDGE('',*,*,#269,.F.);
#269 = EDGE_CURVE('',#123,#262,#270,.T.);
#270 = LINE('',#271,#272);
#271 = CARTESIAN_POINT('',(-1.,0.585,1.25));
#272 = VECTOR('',#273,1.);
#273 = DIRECTION('',(1.,0.,0.));
#274 = PLANE('',#275);
#275 = AXIS2_PLACEMENT_3D('',#276,#277,#278);
#276 = CARTESIAN_POINT('',(-1.,-0.625,1.25));
#277 = DIRECTION('',(0.,0.,1.));
#278 = DIRECTION('',(1.,0.,-0.));
#279 = ADVANCED_FACE('',(#280),#299,.T.);
#280 = FACE_BOUND('',#281,.T.);
#281 = EDGE_LOOP('',(#282,#290,#297,#298));
#282 = ORIENTED_EDGE('',*,*,#283,.T.);
#283 = EDGE_CURVE('',#106,#284,#286,.T.);
#284 = VERTEX_POINT('',#285);
#285 = CARTESIAN_POINT('',(-0.6,0.625,4.E-02));
#286 = LINE('',#287,#288);
#287 = CARTESIAN_POINT('',(-1.,0.625,4.E-02));
#288 = VECTOR('',#289,1.);
#289 = DIRECTION('',(1.,0.,0.));
#290 = ORIENTED_EDGE('',*,*,#291,.T.);
#291 = EDGE_CURVE('',#284,#238,#292,.T.);
#292 = CIRCLE('',#293,4.E-02);
#293 = AXIS2_PLACEMENT_3D('',#294,#295,#296);
#294 = CARTESIAN_POINT('',(-0.6,0.585,4.E-02));
#295 = DIRECTION('',(-1.,0.,0.));
#296 = DIRECTION('',(0.,0.,1.));
#297 = ORIENTED_EDGE('',*,*,#245,.F.);
#298 = ORIENTED_EDGE('',*,*,#105,.F.);
#299 = CYLINDRICAL_SURFACE('',#300,4.E-02);
#300 = AXIS2_PLACEMENT_3D('',#301,#302,#303);
#301 = CARTESIAN_POINT('',(-1.,0.585,4.E-02));
#302 = DIRECTION('',(1.,0.,0.));
#303 = DIRECTION('',(-0.,1.,0.));
#304 = ADVANCED_FACE('',(#305),#324,.T.);
#305 = FACE_BOUND('',#306,.T.);
#306 = EDGE_LOOP('',(#307,#308,#309,#318));
#307 = ORIENTED_EDGE('',*,*,#122,.T.);
#308 = ORIENTED_EDGE('',*,*,#269,.T.);
#309 = ORIENTED_EDGE('',*,*,#310,.F.);
#310 = EDGE_CURVE('',#311,#262,#313,.T.);
#311 = VERTEX_POINT('',#312);
#312 = CARTESIAN_POINT('',(-0.6,0.625,1.21));
#313 = CIRCLE('',#314,4.E-02);
#314 = AXIS2_PLACEMENT_3D('',#315,#316,#317);
#315 = CARTESIAN_POINT('',(-0.6,0.585,1.21));
#316 = DIRECTION('',(1.,0.,-0.));
#317 = DIRECTION('',(0.,0.,1.));
#318 = ORIENTED_EDGE('',*,*,#319,.F.);
#319 = EDGE_CURVE('',#115,#311,#320,.T.);
#320 = LINE('',#321,#322);
#321 = CARTESIAN_POINT('',(-1.,0.625,1.21));
#322 = VECTOR('',#323,1.);
#323 = DIRECTION('',(1.,0.,0.));
#324 = CYLINDRICAL_SURFACE('',#325,4.E-02);
#325 = AXIS2_PLACEMENT_3D('',#326,#327,#328);
#326 = CARTESIAN_POINT('',(-1.,0.585,1.21));
#327 = DIRECTION('',(1.,0.,0.));
#328 = DIRECTION('',(-0.,1.,0.));
#329 = ADVANCED_FACE('',(#330),#341,.T.);
#330 = FACE_BOUND('',#331,.T.);
#331 = EDGE_LOOP('',(#332,#338,#339,#340));
#332 = ORIENTED_EDGE('',*,*,#333,.F.);
#333 = EDGE_CURVE('',#284,#311,#334,.T.);
#334 = LINE('',#335,#336);
#335 = CARTESIAN_POINT('',(-0.6,0.625,0.));
#336 = VECTOR('',#337,1.);
#337 = DIRECTION('',(0.,0.,1.));
#338 = ORIENTED_EDGE('',*,*,#283,.F.);
#339 = ORIENTED_EDGE('',*,*,#114,.T.);
#340 = ORIENTED_EDGE('',*,*,#319,.T.);
#341 = PLANE('',#342);
#342 = AXIS2_PLACEMENT_3D('',#343,#344,#345);
#343 = CARTESIAN_POINT('',(-1.,0.625,0.));
#344 = DIRECTION('',(0.,1.,0.));
#345 = DIRECTION('',(0.,-0.,1.));
#346 = ADVANCED_FACE('',(#347,#357),#427,.T.);
#347 = FACE_BOUND('',#348,.T.);
#348 = EDGE_LOOP('',(#349,#350,#351,#352,#353,#354,#355,#356));
#349 = ORIENTED_EDGE('',*,*,#154,.F.);
#350 = ORIENTED_EDGE('',*,*,#194,.T.);
#351 = ORIENTED_EDGE('',*,*,#237,.T.);
#352 = ORIENTED_EDGE('',*,*,#291,.F.);
#353 = ORIENTED_EDGE('',*,*,#333,.T.);
#354 = ORIENTED_EDGE('',*,*,#310,.T.);
#355 = ORIENTED_EDGE('',*,*,#261,.F.);
#356 = ORIENTED_EDGE('',*,*,#211,.F.);
#357 = FACE_BOUND('',#358,.T.);
#358 = EDGE_LOOP('',(#359,#370,#378,#387,#395,#404,#412,#421));
#359 = ORIENTED_EDGE('',*,*,#360,.F.);
#360 = EDGE_CURVE('',#361,#363,#365,.T.);
#361 = VERTEX_POINT('',#362);
#362 = CARTESIAN_POINT('',(-0.6,-0.585,8.E-02));
#363 = VERTEX_POINT('',#364);
#364 = CARTESIAN_POINT('',(-0.6,-0.545,4.E-02));
#365 = CIRCLE('',#366,4.E-02);
#366 = AXIS2_PLACEMENT_3D('',#367,#368,#369);
#367 = CARTESIAN_POINT('',(-0.6,-0.545,8.E-02));
#368 = DIRECTION('',(1.,0.,-0.));
#369 = DIRECTION('',(0.,0.,1.));
#370 = ORIENTED_EDGE('',*,*,#371,.T.);
#371 = EDGE_CURVE('',#361,#372,#374,.T.);
#372 = VERTEX_POINT('',#373);
#373 = CARTESIAN_POINT('',(-0.6,-0.585,1.17));
#374 = LINE('',#375,#376);
#375 = CARTESIAN_POINT('',(-0.6,-0.585,4.E-02));
#376 = VECTOR('',#377,1.);
#377 = DIRECTION('',(0.,0.,1.));
#378 = ORIENTED_EDGE('',*,*,#379,.T.);
#379 = EDGE_CURVE('',#372,#380,#382,.T.);
#380 = VERTEX_POINT('',#381);
#381 = CARTESIAN_POINT('',(-0.6,-0.545,1.21));
#382 = CIRCLE('',#383,4.E-02);
#383 = AXIS2_PLACEMENT_3D('',#384,#385,#386);
#384 = CARTESIAN_POINT('',(-0.6,-0.545,1.17));
#385 = DIRECTION('',(-1.,0.,0.));
#386 = DIRECTION('',(0.,0.,1.));
#387 = ORIENTED_EDGE('',*,*,#388,.T.);
#388 = EDGE_CURVE('',#380,#389,#391,.T.);
#389 = VERTEX_POINT('',#390);
#390 = CARTESIAN_POINT('',(-0.6,0.545,1.21));
#391 = LINE('',#392,#393);
#392 = CARTESIAN_POINT('',(-0.6,-0.585,1.21));
#393 = VECTOR('',#394,1.);
#394 = DIRECTION('',(0.,1.,0.));
#395 = ORIENTED_EDGE('',*,*,#396,.F.);
#396 = EDGE_CURVE('',#397,#389,#399,.T.);
#397 = VERTEX_POINT('',#398);
#398 = CARTESIAN_POINT('',(-0.6,0.585,1.17));
#399 = CIRCLE('',#400,4.E-02);
#400 = AXIS2_PLACEMENT_3D('',#401,#402,#403);
#401 = CARTESIAN_POINT('',(-0.6,0.545,1.17));
#402 = DIRECTION('',(1.,0.,-0.));
#403 = DIRECTION('',(0.,0.,1.));
#404 = ORIENTED_EDGE('',*,*,#405,.F.);
#405 = EDGE_CURVE('',#406,#397,#408,.T.);
#406 = VERTEX_POINT('',#407);
#407 = CARTESIAN_POINT('',(-0.6,0.585,8.E-02));
#408 = LINE('',#409,#410);
#409 = CARTESIAN_POINT('',(-0.6,0.585,4.E-02));
#410 = VECTOR('',#411,1.);
#411 = DIRECTION('',(0.,0.,1.));
#412 = ORIENTED_EDGE('',*,*,#413,.T.);
#413 = EDGE_CURVE('',#406,#414,#416,.T.);
#414 = VERTEX_POINT('',#415);
#415 = CARTESIAN_POINT('',(-0.6,0.545,4.E-02));
#416 = CIRCLE('',#417,4.E-02);
#417 = AXIS2_PLACEMENT_3D('',#418,#419,#420);
#418 = CARTESIAN_POINT('',(-0.6,0.545,8.E-02));
#419 = DIRECTION('',(-1.,0.,0.));
#420 = DIRECTION('',(0.,0.,1.));
#421 = ORIENTED_EDGE('',*,*,#422,.F.);
#422 = EDGE_CURVE('',#363,#414,#423,.T.);
#423 = LINE('',#424,#425);
#424 = CARTESIAN_POINT('',(-0.6,-0.585,4.E-02));
#425 = VECTOR('',#426,1.);
#426 = DIRECTION('',(0.,1.,0.));
#427 = PLANE('',#428);
#428 = AXIS2_PLACEMENT_3D('',#429,#430,#431);
#429 = CARTESIAN_POINT('',(-0.6,-0.625,0.));
#430 = DIRECTION('',(1.,0.,0.));
#431 = DIRECTION('',(0.,0.,1.));
#432 = ADVANCED_FACE('',(#433),#459,.T.);
#433 = FACE_BOUND('',#434,.T.);
#434 = EDGE_LOOP('',(#435,#436,#444,#453));
#435 = ORIENTED_EDGE('',*,*,#360,.T.);
#436 = ORIENTED_EDGE('',*,*,#437,.T.);
#437 = EDGE_CURVE('',#363,#438,#440,.T.);
#438 = VERTEX_POINT('',#439);
#439 = CARTESIAN_POINT('',(0.6,-0.545,4.E-02));
#440 = LINE('',#441,#442);
#441 = CARTESIAN_POINT('',(-0.6,-0.545,4.E-02));
#442 = VECTOR('',#443,1.);
#443 = DIRECTION('',(1.,0.,0.));
#444 = ORIENTED_EDGE('',*,*,#445,.F.);
#445 = EDGE_CURVE('',#446,#438,#448,.T.);
#446 = VERTEX_POINT('',#447);
#447 = CARTESIAN_POINT('',(0.6,-0.585,8.E-02));
#448 = CIRCLE('',#449,4.E-02);
#449 = AXIS2_PLACEMENT_3D('',#450,#451,#452);
#450 = CARTESIAN_POINT('',(0.6,-0.545,8.E-02));
#451 = DIRECTION('',(1.,0.,-0.));
#452 = DIRECTION('',(0.,0.,1.));
#453 = ORIENTED_EDGE('',*,*,#454,.F.);
#454 = EDGE_CURVE('',#361,#446,#455,.T.);
#455 = LINE('',#456,#457);
#456 = CARTESIAN_POINT('',(-0.6,-0.585,8.E-02));
#457 = VECTOR('',#458,1.);
#458 = DIRECTION('',(1.,0.,0.));
#459 = CYLINDRICAL_SURFACE('',#460,4.E-02);
#460 = AXIS2_PLACEMENT_3D('',#461,#462,#463);
#461 = CARTESIAN_POINT('',(-0.6,-0.545,8.E-02));
#462 = DIRECTION('',(1.,0.,0.));
#463 = DIRECTION('',(0.,-1.,0.));
#464 = ADVANCED_FACE('',(#465),#483,.F.);
#465 = FACE_BOUND('',#466,.F.);
#466 = EDGE_LOOP('',(#467,#468,#469,#477));
#467 = ORIENTED_EDGE('',*,*,#422,.F.);
#468 = ORIENTED_EDGE('',*,*,#437,.T.);
#469 = ORIENTED_EDGE('',*,*,#470,.T.);
#470 = EDGE_CURVE('',#438,#471,#473,.T.);
#471 = VERTEX_POINT('',#472);
#472 = CARTESIAN_POINT('',(0.6,0.545,4.E-02));
#473 = LINE('',#474,#475);
#474 = CARTESIAN_POINT('',(0.6,-0.585,4.E-02));
#475 = VECTOR('',#476,1.);
#476 = DIRECTION('',(0.,1.,0.));
#477 = ORIENTED_EDGE('',*,*,#478,.F.);
#478 = EDGE_CURVE('',#414,#471,#479,.T.);
#479 = LINE('',#480,#481);
#480 = CARTESIAN_POINT('',(-0.6,0.545,4.E-02));
#481 = VECTOR('',#482,1.);
#482 = DIRECTION('',(1.,0.,0.));
#483 = PLANE('',#484);
#484 = AXIS2_PLACEMENT_3D('',#485,#486,#487);
#485 = CARTESIAN_POINT('',(-0.6,-0.585,4.E-02));
#486 = DIRECTION('',(0.,0.,1.));
#487 = DIRECTION('',(1.,0.,-0.));
#488 = ADVANCED_FACE('',(#489),#508,.T.);
#489 = FACE_BOUND('',#490,.T.);
#490 = EDGE_LOOP('',(#491,#499,#506,#507));
#491 = ORIENTED_EDGE('',*,*,#492,.T.);
#492 = EDGE_CURVE('',#406,#493,#495,.T.);
#493 = VERTEX_POINT('',#494);
#494 = CARTESIAN_POINT('',(0.6,0.585,8.E-02));
#495 = LINE('',#496,#497);
#496 = CARTESIAN_POINT('',(-0.6,0.585,8.E-02));
#497 = VECTOR('',#498,1.);
#498 = DIRECTION('',(1.,0.,0.));
#499 = ORIENTED_EDGE('',*,*,#500,.T.);
#500 = EDGE_CURVE('',#493,#471,#501,.T.);
#501 = CIRCLE('',#502,4.E-02);
#502 = AXIS2_PLACEMENT_3D('',#503,#504,#505);
#503 = CARTESIAN_POINT('',(0.6,0.545,8.E-02));
#504 = DIRECTION('',(-1.,0.,0.));
#505 = DIRECTION('',(0.,0.,1.));
#506 = ORIENTED_EDGE('',*,*,#478,.F.);
#507 = ORIENTED_EDGE('',*,*,#413,.F.);
#508 = CYLINDRICAL_SURFACE('',#509,4.E-02);
#509 = AXIS2_PLACEMENT_3D('',#510,#511,#512);
#510 = CARTESIAN_POINT('',(-0.6,0.545,8.E-02));
#511 = DIRECTION('',(1.,0.,0.));
#512 = DIRECTION('',(-0.,1.,0.));
#513 = ADVANCED_FACE('',(#514),#532,.T.);
#514 = FACE_BOUND('',#515,.T.);
#515 = EDGE_LOOP('',(#516,#524,#525,#526));
#516 = ORIENTED_EDGE('',*,*,#517,.F.);
#517 = EDGE_CURVE('',#493,#518,#520,.T.);
#518 = VERTEX_POINT('',#519);
#519 = CARTESIAN_POINT('',(0.6,0.585,1.17));
#520 = LINE('',#521,#522);
#521 = CARTESIAN_POINT('',(0.6,0.585,4.E-02));
#522 = VECTOR('',#523,1.);
#523 = DIRECTION('',(0.,0.,1.));
#524 = ORIENTED_EDGE('',*,*,#492,.F.);
#525 = ORIENTED_EDGE('',*,*,#405,.T.);
#526 = ORIENTED_EDGE('',*,*,#527,.T.);
#527 = EDGE_CURVE('',#397,#518,#528,.T.);
#528 = LINE('',#529,#530);
#529 = CARTESIAN_POINT('',(-0.6,0.585,1.17));
#530 = VECTOR('',#531,1.);
#531 = DIRECTION('',(1.,0.,0.));
#532 = PLANE('',#533);
#533 = AXIS2_PLACEMENT_3D('',#534,#535,#536);
#534 = CARTESIAN_POINT('',(-0.6,0.585,4.E-02));
#535 = DIRECTION('',(0.,1.,0.));
#536 = DIRECTION('',(0.,-0.,1.));
#537 = ADVANCED_FACE('',(#538),#557,.T.);
#538 = FACE_BOUND('',#539,.T.);
#539 = EDGE_LOOP('',(#540,#541,#549,#556));
#540 = ORIENTED_EDGE('',*,*,#396,.T.);
#541 = ORIENTED_EDGE('',*,*,#542,.T.);
#542 = EDGE_CURVE('',#389,#543,#545,.T.);
#543 = VERTEX_POINT('',#544);
#544 = CARTESIAN_POINT('',(0.6,0.545,1.21));
#545 = LINE('',#546,#547);
#546 = CARTESIAN_POINT('',(-0.6,0.545,1.21));
#547 = VECTOR('',#548,1.);
#548 = DIRECTION('',(1.,0.,0.));
#549 = ORIENTED_EDGE('',*,*,#550,.F.);
#550 = EDGE_CURVE('',#518,#543,#551,.T.);
#551 = CIRCLE('',#552,4.E-02);
#552 = AXIS2_PLACEMENT_3D('',#553,#554,#555);
#553 = CARTESIAN_POINT('',(0.6,0.545,1.17));
#554 = DIRECTION('',(1.,0.,-0.));
#555 = DIRECTION('',(0.,0.,1.));
#556 = ORIENTED_EDGE('',*,*,#527,.F.);
#557 = CYLINDRICAL_SURFACE('',#558,4.E-02);
#558 = AXIS2_PLACEMENT_3D('',#559,#560,#561);
#559 = CARTESIAN_POINT('',(-0.6,0.545,1.17));
#560 = DIRECTION('',(1.,0.,0.));
#561 = DIRECTION('',(-0.,1.,0.));
#562 = ADVANCED_FACE('',(#563),#581,.T.);
#563 = FACE_BOUND('',#564,.T.);
#564 = EDGE_LOOP('',(#565,#566,#574,#580));
#565 = ORIENTED_EDGE('',*,*,#388,.F.);
#566 = ORIENTED_EDGE('',*,*,#567,.T.);
#567 = EDGE_CURVE('',#380,#568,#570,.T.);
#568 = VERTEX_POINT('',#569);
#569 = CARTESIAN_POINT('',(0.6,-0.545,1.21));
#570 = LINE('',#571,#572);
#571 = CARTESIAN_POINT('',(-0.6,-0.545,1.21));
#572 = VECTOR('',#573,1.);
#573 = DIRECTION('',(1.,0.,0.));
#574 = ORIENTED_EDGE('',*,*,#575,.T.);
#575 = EDGE_CURVE('',#568,#543,#576,.T.);
#576 = LINE('',#577,#578);
#577 = CARTESIAN_POINT('',(0.6,-0.585,1.21));
#578 = VECTOR('',#579,1.);
#579 = DIRECTION('',(0.,1.,0.));
#580 = ORIENTED_EDGE('',*,*,#542,.F.);
#581 = PLANE('',#582);
#582 = AXIS2_PLACEMENT_3D('',#583,#584,#585);
#583 = CARTESIAN_POINT('',(-0.6,-0.585,1.21));
#584 = DIRECTION('',(0.,0.,1.));
#585 = DIRECTION('',(1.,0.,-0.));
#586 = ADVANCED_FACE('',(#587),#606,.T.);
#587 = FACE_BOUND('',#588,.T.);
#588 = EDGE_LOOP('',(#589,#597,#604,#605));
#589 = ORIENTED_EDGE('',*,*,#590,.T.);
#590 = EDGE_CURVE('',#372,#591,#593,.T.);
#591 = VERTEX_POINT('',#592);
#592 = CARTESIAN_POINT('',(0.6,-0.585,1.17));
#593 = LINE('',#594,#595);
#594 = CARTESIAN_POINT('',(-0.6,-0.585,1.17));
#595 = VECTOR('',#596,1.);
#596 = DIRECTION('',(1.,0.,0.));
#597 = ORIENTED_EDGE('',*,*,#598,.T.);
#598 = EDGE_CURVE('',#591,#568,#599,.T.);
#599 = CIRCLE('',#600,4.E-02);
#600 = AXIS2_PLACEMENT_3D('',#601,#602,#603);
#601 = CARTESIAN_POINT('',(0.6,-0.545,1.17));
#602 = DIRECTION('',(-1.,0.,0.));
#603 = DIRECTION('',(0.,0.,1.));
#604 = ORIENTED_EDGE('',*,*,#567,.F.);
#605 = ORIENTED_EDGE('',*,*,#379,.F.);
#606 = CYLINDRICAL_SURFACE('',#607,4.E-02);
#607 = AXIS2_PLACEMENT_3D('',#608,#609,#610);
#608 = CARTESIAN_POINT('',(-0.6,-0.545,1.17));
#609 = DIRECTION('',(1.,0.,0.));
#610 = DIRECTION('',(0.,-1.,0.));
#611 = ADVANCED_FACE('',(#612),#623,.F.);
#612 = FACE_BOUND('',#613,.F.);
#613 = EDGE_LOOP('',(#614,#620,#621,#622));
#614 = ORIENTED_EDGE('',*,*,#615,.F.);
#615 = EDGE_CURVE('',#446,#591,#616,.T.);
#616 = LINE('',#617,#618);
#617 = CARTESIAN_POINT('',(0.6,-0.585,4.E-02));
#618 = VECTOR('',#619,1.);
#619 = DIRECTION('',(0.,0.,1.));
#620 = ORIENTED_EDGE('',*,*,#454,.F.);
#621 = ORIENTED_EDGE('',*,*,#371,.T.);
#622 = ORIENTED_EDGE('',*,*,#590,.T.);
#623 = PLANE('',#624);
#624 = AXIS2_PLACEMENT_3D('',#625,#626,#627);
#625 = CARTESIAN_POINT('',(-0.6,-0.585,4.E-02));
#626 = DIRECTION('',(0.,1.,0.));
#627 = DIRECTION('',(0.,-0.,1.));
#628 = ADVANCED_FACE('',(#629,#699),#709,.F.);
#629 = FACE_BOUND('',#630,.F.);
#630 = EDGE_LOOP('',(#631,#641,#650,#658,#667,#675,#684,#692));
#631 = ORIENTED_EDGE('',*,*,#632,.F.);
#632 = EDGE_CURVE('',#633,#635,#637,.T.);
#633 = VERTEX_POINT('',#634);
#634 = CARTESIAN_POINT('',(0.6,-0.625,4.E-02));
#635 = VERTEX_POINT('',#636);
#636 = CARTESIAN_POINT('',(0.6,-0.625,1.21));
#637 = LINE('',#638,#639);
#638 = CARTESIAN_POINT('',(0.6,-0.625,0.));
#639 = VECTOR('',#640,1.);
#640 = DIRECTION('',(0.,0.,1.));
#641 = ORIENTED_EDGE('',*,*,#642,.T.);
#642 = EDGE_CURVE('',#633,#643,#645,.T.);
#643 = VERTEX_POINT('',#644);
#644 = CARTESIAN_POINT('',(0.6,-0.585,0.));
#645 = CIRCLE('',#646,4.E-02);
#646 = AXIS2_PLACEMENT_3D('',#647,#648,#649);
#647 = CARTESIAN_POINT('',(0.6,-0.585,4.E-02));
#648 = DIRECTION('',(1.,0.,-0.));
#649 = DIRECTION('',(0.,0.,1.));
#650 = ORIENTED_EDGE('',*,*,#651,.T.);
#651 = EDGE_CURVE('',#643,#652,#654,.T.);
#652 = VERTEX_POINT('',#653);
#653 = CARTESIAN_POINT('',(0.6,0.585,0.));
#654 = LINE('',#655,#656);
#655 = CARTESIAN_POINT('',(0.6,-0.625,0.));
#656 = VECTOR('',#657,1.);
#657 = DIRECTION('',(0.,1.,0.));
#658 = ORIENTED_EDGE('',*,*,#659,.F.);
#659 = EDGE_CURVE('',#660,#652,#662,.T.);
#660 = VERTEX_POINT('',#661);
#661 = CARTESIAN_POINT('',(0.6,0.625,4.E-02));
#662 = CIRCLE('',#663,4.E-02);
#663 = AXIS2_PLACEMENT_3D('',#664,#665,#666);
#664 = CARTESIAN_POINT('',(0.6,0.585,4.E-02));
#665 = DIRECTION('',(-1.,0.,0.));
#666 = DIRECTION('',(0.,0.,1.));
#667 = ORIENTED_EDGE('',*,*,#668,.T.);
#668 = EDGE_CURVE('',#660,#669,#671,.T.);
#669 = VERTEX_POINT('',#670);
#670 = CARTESIAN_POINT('',(0.6,0.625,1.21));
#671 = LINE('',#672,#673);
#672 = CARTESIAN_POINT('',(0.6,0.625,0.));
#673 = VECTOR('',#674,1.);
#674 = DIRECTION('',(0.,0.,1.));
#675 = ORIENTED_EDGE('',*,*,#676,.T.);
#676 = EDGE_CURVE('',#669,#677,#679,.T.);
#677 = VERTEX_POINT('',#678);
#678 = CARTESIAN_POINT('',(0.6,0.585,1.25));
#679 = CIRCLE('',#680,4.E-02);
#680 = AXIS2_PLACEMENT_3D('',#681,#682,#683);
#681 = CARTESIAN_POINT('',(0.6,0.585,1.21));
#682 = DIRECTION('',(1.,0.,-0.));
#683 = DIRECTION('',(0.,0.,1.));
#684 = ORIENTED_EDGE('',*,*,#685,.F.);
#685 = EDGE_CURVE('',#686,#677,#688,.T.);
#686 = VERTEX_POINT('',#687);
#687 = CARTESIAN_POINT('',(0.6,-0.585,1.25));
#688 = LINE('',#689,#690);
#689 = CARTESIAN_POINT('',(0.6,-0.625,1.25));
#690 = VECTOR('',#691,1.);
#691 = DIRECTION('',(0.,1.,0.));
#692 = ORIENTED_EDGE('',*,*,#693,.F.);
#693 = EDGE_CURVE('',#635,#686,#694,.T.);
#694 = CIRCLE('',#695,4.E-02);
#695 = AXIS2_PLACEMENT_3D('',#696,#697,#698);
#696 = CARTESIAN_POINT('',(0.6,-0.585,1.21));
#697 = DIRECTION('',(-1.,0.,0.));
#698 = DIRECTION('',(0.,0.,1.));
#699 = FACE_BOUND('',#700,.F.);
#700 = EDGE_LOOP('',(#701,#702,#703,#704,#705,#706,#707,#708));
#701 = ORIENTED_EDGE('',*,*,#445,.F.);
#702 = ORIENTED_EDGE('',*,*,#615,.T.);
#703 = ORIENTED_EDGE('',*,*,#598,.T.);
#704 = ORIENTED_EDGE('',*,*,#575,.T.);
#705 = ORIENTED_EDGE('',*,*,#550,.F.);
#706 = ORIENTED_EDGE('',*,*,#517,.F.);
#707 = ORIENTED_EDGE('',*,*,#500,.T.);
#708 = ORIENTED_EDGE('',*,*,#470,.F.);
#709 = PLANE('',#710);
#710 = AXIS2_PLACEMENT_3D('',#711,#712,#713);
#711 = CARTESIAN_POINT('',(0.6,-0.625,0.));
#712 = DIRECTION('',(1.,0.,0.));
#713 = DIRECTION('',(0.,0.,1.));
#714 = ADVANCED_FACE('',(#715),#740,.F.);
#715 = FACE_BOUND('',#716,.F.);
#716 = EDGE_LOOP('',(#717,#727,#733,#734));
#717 = ORIENTED_EDGE('',*,*,#718,.F.);
#718 = EDGE_CURVE('',#719,#721,#723,.T.);
#719 = VERTEX_POINT('',#720);
#720 = CARTESIAN_POINT('',(1.,-0.625,4.E-02));
#721 = VERTEX_POINT('',#722);
#722 = CARTESIAN_POINT('',(1.,-0.625,1.21));
#723 = LINE('',#724,#725);
#724 = CARTESIAN_POINT('',(1.,-0.625,0.));
#725 = VECTOR('',#726,1.);
#726 = DIRECTION('',(0.,0.,1.));
#727 = ORIENTED_EDGE('',*,*,#728,.F.);
#728 = EDGE_CURVE('',#633,#719,#729,.T.);
#729 = LINE('',#730,#731);
#730 = CARTESIAN_POINT('',(0.6,-0.625,4.E-02));
#731 = VECTOR('',#732,1.);
#732 = DIRECTION('',(1.,0.,0.));
#733 = ORIENTED_EDGE('',*,*,#632,.T.);
#734 = ORIENTED_EDGE('',*,*,#735,.T.);
#735 = EDGE_CURVE('',#635,#721,#736,.T.);
#736 = LINE('',#737,#738);
#737 = CARTESIAN_POINT('',(0.6,-0.625,1.21));
#738 = VECTOR('',#739,1.);
#739 = DIRECTION('',(1.,0.,0.));
#740 = PLANE('',#741);
#741 = AXIS2_PLACEMENT_3D('',#742,#743,#744);
#742 = CARTESIAN_POINT('',(0.6,-0.625,0.));
#743 = DIRECTION('',(0.,1.,0.));
#744 = DIRECTION('',(0.,-0.,1.));
#745 = ADVANCED_FACE('',(#746),#765,.T.);
#746 = FACE_BOUND('',#747,.T.);
#747 = EDGE_LOOP('',(#748,#749,#757,#764));
#748 = ORIENTED_EDGE('',*,*,#642,.T.);
#749 = ORIENTED_EDGE('',*,*,#750,.T.);
#750 = EDGE_CURVE('',#643,#751,#753,.T.);
#751 = VERTEX_POINT('',#752);
#752 = CARTESIAN_POINT('',(1.,-0.585,0.));
#753 = LINE('',#754,#755);
#754 = CARTESIAN_POINT('',(0.6,-0.585,0.));
#755 = VECTOR('',#756,1.);
#756 = DIRECTION('',(1.,0.,0.));
#757 = ORIENTED_EDGE('',*,*,#758,.F.);
#758 = EDGE_CURVE('',#719,#751,#759,.T.);
#759 = CIRCLE('',#760,4.E-02);
#760 = AXIS2_PLACEMENT_3D('',#761,#762,#763);
#761 = CARTESIAN_POINT('',(1.,-0.585,4.E-02));
#762 = DIRECTION('',(1.,0.,-0.));
#763 = DIRECTION('',(0.,0.,1.));
#764 = ORIENTED_EDGE('',*,*,#728,.F.);
#765 = CYLINDRICAL_SURFACE('',#766,4.E-02);
#766 = AXIS2_PLACEMENT_3D('',#767,#768,#769);
#767 = CARTESIAN_POINT('',(0.6,-0.585,4.E-02));
#768 = DIRECTION('',(1.,0.,0.));
#769 = DIRECTION('',(0.,-1.,0.));
#770 = ADVANCED_FACE('',(#771),#790,.T.);
#771 = FACE_BOUND('',#772,.T.);
#772 = EDGE_LOOP('',(#773,#774,#783,#789));
#773 = ORIENTED_EDGE('',*,*,#735,.T.);
#774 = ORIENTED_EDGE('',*,*,#775,.T.);
#775 = EDGE_CURVE('',#721,#776,#778,.T.);
#776 = VERTEX_POINT('',#777);
#777 = CARTESIAN_POINT('',(1.,-0.585,1.25));
#778 = CIRCLE('',#779,4.E-02);
#779 = AXIS2_PLACEMENT_3D('',#780,#781,#782);
#780 = CARTESIAN_POINT('',(1.,-0.585,1.21));
#781 = DIRECTION('',(-1.,0.,0.));
#782 = DIRECTION('',(0.,0.,1.));
#783 = ORIENTED_EDGE('',*,*,#784,.F.);
#784 = EDGE_CURVE('',#686,#776,#785,.T.);
#785 = LINE('',#786,#787);
#786 = CARTESIAN_POINT('',(0.6,-0.585,1.25));
#787 = VECTOR('',#788,1.);
#788 = DIRECTION('',(1.,0.,0.));
#789 = ORIENTED_EDGE('',*,*,#693,.F.);
#790 = CYLINDRICAL_SURFACE('',#791,4.E-02);
#791 = AXIS2_PLACEMENT_3D('',#792,#793,#794);
#792 = CARTESIAN_POINT('',(0.6,-0.585,1.21));
#793 = DIRECTION('',(1.,0.,0.));
#794 = DIRECTION('',(0.,-1.,0.));
#795 = ADVANCED_FACE('',(#796),#814,.F.);
#796 = FACE_BOUND('',#797,.F.);
#797 = EDGE_LOOP('',(#798,#799,#800,#808));
#798 = ORIENTED_EDGE('',*,*,#651,.F.);
#799 = ORIENTED_EDGE('',*,*,#750,.T.);
#800 = ORIENTED_EDGE('',*,*,#801,.T.);
#801 = EDGE_CURVE('',#751,#802,#804,.T.);
#802 = VERTEX_POINT('',#803);
#803 = CARTESIAN_POINT('',(1.,0.585,0.));
#804 = LINE('',#805,#806);
#805 = CARTESIAN_POINT('',(1.,-0.625,0.));
#806 = VECTOR('',#807,1.);
#807 = DIRECTION('',(0.,1.,0.));
#808 = ORIENTED_EDGE('',*,*,#809,.F.);
#809 = EDGE_CURVE('',#652,#802,#810,.T.);
#810 = LINE('',#811,#812);
#811 = CARTESIAN_POINT('',(0.6,0.585,0.));
#812 = VECTOR('',#813,1.);
#813 = DIRECTION('',(1.,0.,0.));
#814 = PLANE('',#815);
#815 = AXIS2_PLACEMENT_3D('',#816,#817,#818);
#816 = CARTESIAN_POINT('',(0.6,-0.625,0.));
#817 = DIRECTION('',(0.,0.,1.));
#818 = DIRECTION('',(1.,0.,-0.));
#819 = ADVANCED_FACE('',(#820),#838,.T.);
#820 = FACE_BOUND('',#821,.T.);
#821 = EDGE_LOOP('',(#822,#823,#824,#832));
#822 = ORIENTED_EDGE('',*,*,#685,.F.);
#823 = ORIENTED_EDGE('',*,*,#784,.T.);
#824 = ORIENTED_EDGE('',*,*,#825,.T.);
#825 = EDGE_CURVE('',#776,#826,#828,.T.);
#826 = VERTEX_POINT('',#827);
#827 = CARTESIAN_POINT('',(1.,0.585,1.25));
#828 = LINE('',#829,#830);
#829 = CARTESIAN_POINT('',(1.,-0.625,1.25));
#830 = VECTOR('',#831,1.);
#831 = DIRECTION('',(0.,1.,0.));
#832 = ORIENTED_EDGE('',*,*,#833,.F.);
#833 = EDGE_CURVE('',#677,#826,#834,.T.);
#834 = LINE('',#835,#836);
#835 = CARTESIAN_POINT('',(0.6,0.585,1.25));
#836 = VECTOR('',#837,1.);
#837 = DIRECTION('',(1.,0.,0.));
#838 = PLANE('',#839);
#839 = AXIS2_PLACEMENT_3D('',#840,#841,#842);
#840 = CARTESIAN_POINT('',(0.6,-0.625,1.25));
#841 = DIRECTION('',(0.,0.,1.));
#842 = DIRECTION('',(1.,0.,-0.));
#843 = ADVANCED_FACE('',(#844),#863,.T.);
#844 = FACE_BOUND('',#845,.T.);
#845 = EDGE_LOOP('',(#846,#854,#861,#862));
#846 = ORIENTED_EDGE('',*,*,#847,.T.);
#847 = EDGE_CURVE('',#660,#848,#850,.T.);
#848 = VERTEX_POINT('',#849);
#849 = CARTESIAN_POINT('',(1.,0.625,4.E-02));
#850 = LINE('',#851,#852);
#851 = CARTESIAN_POINT('',(0.6,0.625,4.E-02));
#852 = VECTOR('',#853,1.);
#853 = DIRECTION('',(1.,0.,0.));
#854 = ORIENTED_EDGE('',*,*,#855,.T.);
#855 = EDGE_CURVE('',#848,#802,#856,.T.);
#856 = CIRCLE('',#857,4.E-02);
#857 = AXIS2_PLACEMENT_3D('',#858,#859,#860);
#858 = CARTESIAN_POINT('',(1.,0.585,4.E-02));
#859 = DIRECTION('',(-1.,0.,0.));
#860 = DIRECTION('',(0.,0.,1.));
#861 = ORIENTED_EDGE('',*,*,#809,.F.);
#862 = ORIENTED_EDGE('',*,*,#659,.F.);
#863 = CYLINDRICAL_SURFACE('',#864,4.E-02);
#864 = AXIS2_PLACEMENT_3D('',#865,#866,#867);
#865 = CARTESIAN_POINT('',(0.6,0.585,4.E-02));
#866 = DIRECTION('',(1.,0.,0.));
#867 = DIRECTION('',(-0.,1.,0.));
#868 = ADVANCED_FACE('',(#869),#888,.T.);
#869 = FACE_BOUND('',#870,.T.);
#870 = EDGE_LOOP('',(#871,#872,#873,#882));
#871 = ORIENTED_EDGE('',*,*,#676,.T.);
#872 = ORIENTED_EDGE('',*,*,#833,.T.);
#873 = ORIENTED_EDGE('',*,*,#874,.F.);
#874 = EDGE_CURVE('',#875,#826,#877,.T.);
#875 = VERTEX_POINT('',#876);
#876 = CARTESIAN_POINT('',(1.,0.625,1.21));
#877 = CIRCLE('',#878,4.E-02);
#878 = AXIS2_PLACEMENT_3D('',#879,#880,#881);
#879 = CARTESIAN_POINT('',(1.,0.585,1.21));
#880 = DIRECTION('',(1.,0.,-0.));
#881 = DIRECTION('',(0.,0.,1.));
#882 = ORIENTED_EDGE('',*,*,#883,.F.);
#883 = EDGE_CURVE('',#669,#875,#884,.T.);
#884 = LINE('',#885,#886);
#885 = CARTESIAN_POINT('',(0.6,0.625,1.21));
#886 = VECTOR('',#887,1.);
#887 = DIRECTION('',(1.,0.,0.));
#888 = CYLINDRICAL_SURFACE('',#889,4.E-02);
#889 = AXIS2_PLACEMENT_3D('',#890,#891,#892);
#890 = CARTESIAN_POINT('',(0.6,0.585,1.21));
#891 = DIRECTION('',(1.,0.,0.));
#892 = DIRECTION('',(-0.,1.,0.));
#893 = ADVANCED_FACE('',(#894),#905,.T.);
#894 = FACE_BOUND('',#895,.T.);
#895 = EDGE_LOOP('',(#896,#902,#903,#904));
#896 = ORIENTED_EDGE('',*,*,#897,.F.);
#897 = EDGE_CURVE('',#848,#875,#898,.T.);
#898 = LINE('',#899,#900);
#899 = CARTESIAN_POINT('',(1.,0.625,0.));
#900 = VECTOR('',#901,1.);
#901 = DIRECTION('',(0.,0.,1.));
#902 = ORIENTED_EDGE('',*,*,#847,.F.);
#903 = ORIENTED_EDGE('',*,*,#668,.T.);
#904 = ORIENTED_EDGE('',*,*,#883,.T.);
#905 = PLANE('',#906);
#906 = AXIS2_PLACEMENT_3D('',#907,#908,#909);
#907 = CARTESIAN_POINT('',(0.6,0.625,0.));
#908 = DIRECTION('',(0.,1.,0.));
#909 = DIRECTION('',(0.,-0.,1.));
#910 = ADVANCED_FACE('',(#911),#921,.T.);
#911 = FACE_BOUND('',#912,.T.);
#912 = EDGE_LOOP('',(#913,#914,#915,#916,#917,#918,#919,#920));
#913 = ORIENTED_EDGE('',*,*,#718,.F.);
#914 = ORIENTED_EDGE('',*,*,#758,.T.);
#915 = ORIENTED_EDGE('',*,*,#801,.T.);
#916 = ORIENTED_EDGE('',*,*,#855,.F.);
#917 = ORIENTED_EDGE('',*,*,#897,.T.);
#918 = ORIENTED_EDGE('',*,*,#874,.T.);
#919 = ORIENTED_EDGE('',*,*,#825,.F.);
#920 = ORIENTED_EDGE('',*,*,#775,.F.);
#921 = PLANE('',#922);
#922 = AXIS2_PLACEMENT_3D('',#923,#924,#925);
#923 = CARTESIAN_POINT('',(1.,-0.625,0.));
#924 = DIRECTION('',(1.,0.,0.));
#925 = DIRECTION('',(0.,0.,1.));
#926 = ( GEOMETRIC_REPRESENTATION_CONTEXT(3) 
GLOBAL_UNCERTAINTY_ASSIGNED_CONTEXT((#930)) GLOBAL_UNIT_ASSIGNED_CONTEXT
((#927,#928,#929)) REPRESENTATION_CONTEXT('Context #1',
  '3D Context with UNIT and UNCERTAINTY') );
#927 = ( LENGTH_UNIT() NAMED_UNIT(*) SI_UNIT(.MILLI.,.METRE.) );
#928 = ( NAMED_UNIT(*) PLANE_ANGLE_UNIT() SI_UNIT($,.RADIAN.) );
#929 = ( NAMED_UNIT(*) SI_UNIT($,.STERADIAN.) SOLID_ANGLE_UNIT() );
#930 = UNCERTAINTY_MEASURE_WITH_UNIT(LENGTH_MEASURE(1.E-07),#927,
  'distance_accuracy_value','confusion accuracy');
#931 = CONTEXT_DEPENDENT_SHAPE_REPRESENTATION(#932,#934);
#932 = ( REPRESENTATION_RELATIONSHIP('','',#71,#48) 
REPRESENTATION_RELATIONSHIP_WITH_TRANSFORMATION(#933) 
SHAPE_REPRESENTATION_RELATIONSHIP() );
#933 = ITEM_DEFINED_TRANSFORMATION('','',#11,#49);
#934 = PRODUCT_DEFINITION_SHAPE('Placement','Placement of an item',#935
  );
#935 = NEXT_ASSEMBLY_USAGE_OCCURRENCE('1','=>[0:1:1:3]','',#43,#66,$);
#936 = PRODUCT_RELATED_PRODUCT_CATEGORY('part',$,(#68));
#937 = SHAPE_DEFINITION_REPRESENTATION(#938,#944);
#938 = PRODUCT_DEFINITION_SHAPE('','',#939);
#939 = PRODUCT_DEFINITION('design','',#940,#943);
#940 = PRODUCT_DEFINITION_FORMATION('','',#941);
#941 = PRODUCT('R_0805_2012Metric','R_0805_2012Metric','',(#942));
#942 = PRODUCT_CONTEXT('',#2,'mechanical');
#943 = PRODUCT_DEFINITION_CONTEXT('part definition',#2,'design');
#944 = SHAPE_REPRESENTATION('',(#11,#945),#949);
#945 = AXIS2_PLACEMENT_3D('',#946,#947,#948);
#946 = CARTESIAN_POINT('',(0.,0.,0.));
#947 = DIRECTION('',(0.,0.,1.));
#948 = DIRECTION('',(1.,0.,-0.));
#949 = ( GEOMETRIC_REPRESENTATION_CONTEXT(3) 
GLOBAL_UNCERTAINTY_ASSIGNED_CONTEXT((#953)) GLOBAL_UNIT_ASSIGNED_CONTEXT
((#950,#951,#952)) REPRESENTATION_CONTEXT('Context #1',
  '3D Context with UNIT and UNCERTAINTY') );
#950 = ( LENGTH_UNIT() NAMED_UNIT(*) SI_UNIT(.MILLI.,.METRE.) );
#951 = ( NAMED_UNIT(*) PLANE_ANGLE_UNIT() SI_UNIT($,.RADIAN.) );
#952 = ( NAMED_UNIT(*) SI_UNIT($,.STERADIAN.) SOLID_ANGLE_UNIT() );
#953 = UNCERTAINTY_MEASURE_WITH_UNIT(LENGTH_MEASURE(1.E-07),#950,
  'distance_accuracy_value','confusion accuracy');
#954 = CONTEXT_DEPENDENT_SHAPE_REPRESENTATION(#955,#957);
#955 = ( REPRESENTATION_RELATIONSHIP('','',#944,#10) 
REPRESENTATION_RELATIONSHIP_WITH_TRANSFORMATION(#956) 
SHAPE_REPRESENTATION_RELATIONSHIP() );
#956 = ITEM_DEFINED_TRANSFORMATION('','',#11,#19);
#957 = PRODUCT_DEFINITION_SHAPE('Placement','Placement of an item',#958
  );
#958 = NEXT_ASSEMBLY_USAGE_OCCURRENCE('4','R2','',#5,#939,$);
#959 = PRODUCT_RELATED_PRODUCT_CATEGORY('part',$,(#941));
#960 = SHAPE_DEFINITION_REPRESENTATION(#961,#967);
#961 = PRODUCT_DEFINITION_SHAPE('','',#962);
#962 = PRODUCT_DEFINITION('design','',#963,#966);
#963 = PRODUCT_DEFINITION_FORMATION('','',#964);
#964 = PRODUCT('R_0805_2012Metric','R_0805_2012Metric','',(#965));
#965 = PRODUCT_CONTEXT('',#2,'mechanical');
#966 = PRODUCT_DEFINITION_CONTEXT('part definition',#2,'design');
#967 = ADVANCED_BREP_SHAPE_REPRESENTATION('',(#11,#968),#1758);
#968 = MANIFOLD_SOLID_BREP('',#969);
#969 = CLOSED_SHELL('',(#970,#1010,#1093,#1118,#1143,#1210,#1227,#1244,
    #1293,#1310,#1327,#1376,#1393,#1462,#1493,#1517,#1586,#1610,#1627,
    #1644,#1661,#1678,#1695,#1712,#1729,#1746));
#970 = ADVANCED_FACE('',(#971),#1005,.F.);
#971 = FACE_BOUND('',#972,.F.);
#972 = EDGE_LOOP('',(#973,#983,#991,#999));
#973 = ORIENTED_EDGE('',*,*,#974,.F.);
#974 = EDGE_CURVE('',#975,#977,#979,.T.);
#975 = VERTEX_POINT('',#976);
#976 = CARTESIAN_POINT('',(-1.,-0.6,4.5E-02));
#977 = VERTEX_POINT('',#978);
#978 = CARTESIAN_POINT('',(-1.,-0.6,0.405));
#979 = LINE('',#980,#981);
#980 = CARTESIAN_POINT('',(-1.,-0.6,0.));
#981 = VECTOR('',#982,1.);
#982 = DIRECTION('',(0.,0.,1.));
#983 = ORIENTED_EDGE('',*,*,#984,.T.);
#984 = EDGE_CURVE('',#975,#985,#987,.T.);
#985 = VERTEX_POINT('',#986);
#986 = CARTESIAN_POINT('',(-1.,0.6,4.5E-02));
#987 = LINE('',#988,#989);
#988 = CARTESIAN_POINT('',(-1.,-0.6,4.5E-02));
#989 = VECTOR('',#990,1.);
#990 = DIRECTION('',(0.,1.,0.));
#991 = ORIENTED_EDGE('',*,*,#992,.T.);
#992 = EDGE_CURVE('',#985,#993,#995,.T.);
#993 = VERTEX_POINT('',#994);
#994 = CARTESIAN_POINT('',(-1.,0.6,0.405));
#995 = LINE('',#996,#997);
#996 = CARTESIAN_POINT('',(-1.,0.6,0.));
#997 = VECTOR('',#998,1.);
#998 = DIRECTION('',(0.,0.,1.));
#999 = ORIENTED_EDGE('',*,*,#1000,.F.);
#1000 = EDGE_CURVE('',#977,#993,#1001,.T.);
#1001 = LINE('',#1002,#1003);
#1002 = CARTESIAN_POINT('',(-1.,-0.6,0.405));
#1003 = VECTOR('',#1004,1.);
#1004 = DIRECTION('',(0.,1.,0.));
#1005 = PLANE('',#1006);
#1006 = AXIS2_PLACEMENT_3D('',#1007,#1008,#1009);
#1007 = CARTESIAN_POINT('',(-1.,-0.6,0.));
#1008 = DIRECTION('',(1.,0.,0.));
#1009 = DIRECTION('',(0.,0.,1.));
#1010 = ADVANCED_FACE('',(#1011),#1088,.F.);
#1011 = FACE_BOUND('',#1012,.F.);
#1012 = EDGE_LOOP('',(#1013,#1023,#1030,#1031,#1040,#1048,#1057,#1065,
    #1073,#1081));
#1013 = ORIENTED_EDGE('',*,*,#1014,.F.);
#1014 = EDGE_CURVE('',#1015,#1017,#1019,.T.);
#1015 = VERTEX_POINT('',#1016);
#1016 = CARTESIAN_POINT('',(-0.955,-0.6,-2.775557561563E-17));
#1017 = VERTEX_POINT('',#1018);
#1018 = CARTESIAN_POINT('',(-0.745,-0.6,-2.775557561563E-17));
#1019 = LINE('',#1020,#1021);
#1020 = CARTESIAN_POINT('',(-1.,-0.6,0.));
#1021 = VECTOR('',#1022,1.);
#1022 = DIRECTION('',(1.,0.,0.));
#1023 = ORIENTED_EDGE('',*,*,#1024,.F.);
#1024 = EDGE_CURVE('',#975,#1015,#1025,.T.);
#1025 = CIRCLE('',#1026,4.5E-02);
#1026 = AXIS2_PLACEMENT_3D('',#1027,#1028,#1029);
#1027 = CARTESIAN_POINT('',(-0.955,-0.6,4.5E-02));
#1028 = DIRECTION('',(0.,-1.,0.));
#1029 = DIRECTION('',(0.,0.,1.));
#1030 = ORIENTED_EDGE('',*,*,#974,.T.);
#1031 = ORIENTED_EDGE('',*,*,#1032,.T.);
#1032 = EDGE_CURVE('',#977,#1033,#1035,.T.);
#1033 = VERTEX_POINT('',#1034);
#1034 = CARTESIAN_POINT('',(-0.955,-0.6,0.45));
#1035 = CIRCLE('',#1036,4.5E-02);
#1036 = AXIS2_PLACEMENT_3D('',#1037,#1038,#1039);
#1037 = CARTESIAN_POINT('',(-0.955,-0.6,0.405));
#1038 = DIRECTION('',(0.,1.,0.));
#1039 = DIRECTION('',(0.,-0.,1.));
#1040 = ORIENTED_EDGE('',*,*,#1041,.T.);
#1041 = EDGE_CURVE('',#1033,#1042,#1044,.T.);
#1042 = VERTEX_POINT('',#1043);
#1043 = CARTESIAN_POINT('',(-0.745,-0.6,0.45));
#1044 = LINE('',#1045,#1046);
#1045 = CARTESIAN_POINT('',(-1.,-0.6,0.45));
#1046 = VECTOR('',#1047,1.);
#1047 = DIRECTION('',(1.,0.,0.));
#1048 = ORIENTED_EDGE('',*,*,#1049,.F.);
#1049 = EDGE_CURVE('',#1050,#1042,#1052,.T.);
#1050 = VERTEX_POINT('',#1051);
#1051 = CARTESIAN_POINT('',(-0.7,-0.6,0.405));
#1052 = CIRCLE('',#1053,4.5E-02);
#1053 = AXIS2_PLACEMENT_3D('',#1054,#1055,#1056);
#1054 = CARTESIAN_POINT('',(-0.745,-0.6,0.405));
#1055 = DIRECTION('',(0.,-1.,0.));
#1056 = DIRECTION('',(0.,0.,1.));
#1057 = ORIENTED_EDGE('',*,*,#1058,.F.);
#1058 = EDGE_CURVE('',#1059,#1050,#1061,.T.);
#1059 = VERTEX_POINT('',#1060);
#1060 = CARTESIAN_POINT('',(-0.955,-0.6,0.405));
#1061 = LINE('',#1062,#1063);
#1062 = CARTESIAN_POINT('',(-0.955,-0.6,0.405));
#1063 = VECTOR('',#1064,1.);
#1064 = DIRECTION('',(1.,0.,0.));
#1065 = ORIENTED_EDGE('',*,*,#1066,.F.);
#1066 = EDGE_CURVE('',#1067,#1059,#1069,.T.);
#1067 = VERTEX_POINT('',#1068);
#1068 = CARTESIAN_POINT('',(-0.955,-0.6,4.5E-02));
#1069 = LINE('',#1070,#1071);
#1070 = CARTESIAN_POINT('',(-0.955,-0.6,4.5E-02));
#1071 = VECTOR('',#1072,1.);
#1072 = DIRECTION('',(0.,0.,1.));
#1073 = ORIENTED_EDGE('',*,*,#1074,.T.);
#1074 = EDGE_CURVE('',#1067,#1075,#1077,.T.);
#1075 = VERTEX_POINT('',#1076);
#1076 = CARTESIAN_POINT('',(-0.7,-0.6,4.5E-02));
#1077 = LINE('',#1078,#1079);
#1078 = CARTESIAN_POINT('',(-0.955,-0.6,4.5E-02));
#1079 = VECTOR('',#1080,1.);
#1080 = DIRECTION('',(1.,0.,0.));
#1081 = ORIENTED_EDGE('',*,*,#1082,.T.);
#1082 = EDGE_CURVE('',#1075,#1017,#1083,.T.);
#1083 = CIRCLE('',#1084,4.5E-02);
#1084 = AXIS2_PLACEMENT_3D('',#1085,#1086,#1087);
#1085 = CARTESIAN_POINT('',(-0.745,-0.6,4.5E-02));
#1086 = DIRECTION('',(0.,1.,0.));
#1087 = DIRECTION('',(0.,-0.,1.));
#1088 = PLANE('',#1089);
#1089 = AXIS2_PLACEMENT_3D('',#1090,#1091,#1092);
#1090 = CARTESIAN_POINT('',(-1.,-0.6,0.));
#1091 = DIRECTION('',(0.,1.,0.));
#1092 = DIRECTION('',(0.,-0.,1.));
#1093 = ADVANCED_FACE('',(#1094),#1113,.T.);
#1094 = FACE_BOUND('',#1095,.T.);
#1095 = EDGE_LOOP('',(#1096,#1097,#1106,#1112));
#1096 = ORIENTED_EDGE('',*,*,#984,.T.);
#1097 = ORIENTED_EDGE('',*,*,#1098,.T.);
#1098 = EDGE_CURVE('',#985,#1099,#1101,.T.);
#1099 = VERTEX_POINT('',#1100);
#1100 = CARTESIAN_POINT('',(-0.955,0.6,-2.775557561563E-17));
#1101 = CIRCLE('',#1102,4.5E-02);
#1102 = AXIS2_PLACEMENT_3D('',#1103,#1104,#1105);
#1103 = CARTESIAN_POINT('',(-0.955,0.6,4.5E-02));
#1104 = DIRECTION('',(0.,-1.,0.));
#1105 = DIRECTION('',(0.,0.,1.));
#1106 = ORIENTED_EDGE('',*,*,#1107,.F.);
#1107 = EDGE_CURVE('',#1015,#1099,#1108,.T.);
#1108 = LINE('',#1109,#1110);
#1109 = CARTESIAN_POINT('',(-0.955,-0.6,-2.775557561563E-17));
#1110 = VECTOR('',#1111,1.);
#1111 = DIRECTION('',(0.,1.,0.));
#1112 = ORIENTED_EDGE('',*,*,#1024,.F.);
#1113 = CYLINDRICAL_SURFACE('',#1114,4.5E-02);
#1114 = AXIS2_PLACEMENT_3D('',#1115,#1116,#1117);
#1115 = CARTESIAN_POINT('',(-0.955,-0.6,4.5E-02));
#1116 = DIRECTION('',(0.,1.,0.));
#1117 = DIRECTION('',(-1.,0.,0.));
#1118 = ADVANCED_FACE('',(#1119),#1138,.T.);
#1119 = FACE_BOUND('',#1120,.T.);
#1120 = EDGE_LOOP('',(#1121,#1122,#1130,#1137));
#1121 = ORIENTED_EDGE('',*,*,#1032,.T.);
#1122 = ORIENTED_EDGE('',*,*,#1123,.T.);
#1123 = EDGE_CURVE('',#1033,#1124,#1126,.T.);
#1124 = VERTEX_POINT('',#1125);
#1125 = CARTESIAN_POINT('',(-0.955,0.6,0.45));
#1126 = LINE('',#1127,#1128);
#1127 = CARTESIAN_POINT('',(-0.955,-0.6,0.45));
#1128 = VECTOR('',#1129,1.);
#1129 = DIRECTION('',(0.,1.,0.));
#1130 = ORIENTED_EDGE('',*,*,#1131,.F.);
#1131 = EDGE_CURVE('',#993,#1124,#1132,.T.);
#1132 = CIRCLE('',#1133,4.5E-02);
#1133 = AXIS2_PLACEMENT_3D('',#1134,#1135,#1136);
#1134 = CARTESIAN_POINT('',(-0.955,0.6,0.405));
#1135 = DIRECTION('',(0.,1.,0.));
#1136 = DIRECTION('',(0.,-0.,1.));
#1137 = ORIENTED_EDGE('',*,*,#1000,.F.);
#1138 = CYLINDRICAL_SURFACE('',#1139,4.5E-02);
#1139 = AXIS2_PLACEMENT_3D('',#1140,#1141,#1142);
#1140 = CARTESIAN_POINT('',(-0.955,-0.6,0.405));
#1141 = DIRECTION('',(0.,1.,0.));
#1142 = DIRECTION('',(-1.,0.,0.));
#1143 = ADVANCED_FACE('',(#1144),#1205,.T.);
#1144 = FACE_BOUND('',#1145,.T.);
#1145 = EDGE_LOOP('',(#1146,#1154,#1155,#1156,#1157,#1165,#1174,#1182,
    #1190,#1198));
#1146 = ORIENTED_EDGE('',*,*,#1147,.F.);
#1147 = EDGE_CURVE('',#1099,#1148,#1150,.T.);
#1148 = VERTEX_POINT('',#1149);
#1149 = CARTESIAN_POINT('',(-0.745,0.6,-2.775557561563E-17));
#1150 = LINE('',#1151,#1152);
#1151 = CARTESIAN_POINT('',(-1.,0.6,0.));
#1152 = VECTOR('',#1153,1.);
#1153 = DIRECTION('',(1.,0.,0.));
#1154 = ORIENTED_EDGE('',*,*,#1098,.F.);
#1155 = ORIENTED_EDGE('',*,*,#992,.T.);
#1156 = ORIENTED_EDGE('',*,*,#1131,.T.);
#1157 = ORIENTED_EDGE('',*,*,#1158,.T.);
#1158 = EDGE_CURVE('',#1124,#1159,#1161,.T.);
#1159 = VERTEX_POINT('',#1160);
#1160 = CARTESIAN_POINT('',(-0.745,0.6,0.45));
#1161 = LINE('',#1162,#1163);
#1162 = CARTESIAN_POINT('',(-1.,0.6,0.45));
#1163 = VECTOR('',#1164,1.);
#1164 = DIRECTION('',(1.,0.,0.));
#1165 = ORIENTED_EDGE('',*,*,#1166,.F.);
#1166 = EDGE_CURVE('',#1167,#1159,#1169,.T.);
#1167 = VERTEX_POINT('',#1168);
#1168 = CARTESIAN_POINT('',(-0.7,0.6,0.405));
#1169 = CIRCLE('',#1170,4.5E-02);
#1170 = AXIS2_PLACEMENT_3D('',#1171,#1172,#1173);
#1171 = CARTESIAN_POINT('',(-0.745,0.6,0.405));
#1172 = DIRECTION('',(0.,-1.,0.));
#1173 = DIRECTION('',(0.,0.,1.));
#1174 = ORIENTED_EDGE('',*,*,#1175,.F.);
#1175 = EDGE_CURVE('',#1176,#1167,#1178,.T.);
#1176 = VERTEX_POINT('',#1177);
#1177 = CARTESIAN_POINT('',(-0.955,0.6,0.405));
#1178 = LINE('',#1179,#1180);
#1179 = CARTESIAN_POINT('',(-0.955,0.6,0.405));
#1180 = VECTOR('',#1181,1.);
#1181 = DIRECTION('',(1.,0.,0.));
#1182 = ORIENTED_EDGE('',*,*,#1183,.F.);
#1183 = EDGE_CURVE('',#1184,#1176,#1186,.T.);
#1184 = VERTEX_POINT('',#1185);
#1185 = CARTESIAN_POINT('',(-0.955,0.6,4.5E-02));
#1186 = LINE('',#1187,#1188);
#1187 = CARTESIAN_POINT('',(-0.955,0.6,4.5E-02));
#1188 = VECTOR('',#1189,1.);
#1189 = DIRECTION('',(0.,0.,1.));
#1190 = ORIENTED_EDGE('',*,*,#1191,.T.);
#1191 = EDGE_CURVE('',#1184,#1192,#1194,.T.);
#1192 = VERTEX_POINT('',#1193);
#1193 = CARTESIAN_POINT('',(-0.7,0.6,4.5E-02));
#1194 = LINE('',#1195,#1196);
#1195 = CARTESIAN_POINT('',(-0.955,0.6,4.5E-02));
#1196 = VECTOR('',#1197,1.);
#1197 = DIRECTION('',(1.,0.,0.));
#1198 = ORIENTED_EDGE('',*,*,#1199,.T.);
#1199 = EDGE_CURVE('',#1192,#1148,#1200,.T.);
#1200 = CIRCLE('',#1201,4.5E-02);
#1201 = AXIS2_PLACEMENT_3D('',#1202,#1203,#1204);
#1202 = CARTESIAN_POINT('',(-0.745,0.6,4.5E-02));
#1203 = DIRECTION('',(0.,1.,0.));
#1204 = DIRECTION('',(0.,-0.,1.));
#1205 = PLANE('',#1206);
#1206 = AXIS2_PLACEMENT_3D('',#1207,#1208,#1209);
#1207 = CARTESIAN_POINT('',(-1.,0.6,0.));
#1208 = DIRECTION('',(0.,1.,0.));
#1209 = DIRECTION('',(0.,-0.,1.));
#1210 = ADVANCED_FACE('',(#1211),#1222,.F.);
#1211 = FACE_BOUND('',#1212,.F.);
#1212 = EDGE_LOOP('',(#1213,#1214,#1215,#1216));
#1213 = ORIENTED_EDGE('',*,*,#1147,.F.);
#1214 = ORIENTED_EDGE('',*,*,#1107,.F.);
#1215 = ORIENTED_EDGE('',*,*,#1014,.T.);
#1216 = ORIENTED_EDGE('',*,*,#1217,.T.);
#1217 = EDGE_CURVE('',#1017,#1148,#1218,.T.);
#1218 = LINE('',#1219,#1220);
#1219 = CARTESIAN_POINT('',(-0.745,-0.6,-2.775557561563E-17));
#1220 = VECTOR('',#1221,1.);
#1221 = DIRECTION('',(0.,1.,0.));
#1222 = PLANE('',#1223);
#1223 = AXIS2_PLACEMENT_3D('',#1224,#1225,#1226);
#1224 = CARTESIAN_POINT('',(-1.,-0.6,0.));
#1225 = DIRECTION('',(0.,0.,1.));
#1226 = DIRECTION('',(1.,0.,-0.));
#1227 = ADVANCED_FACE('',(#1228),#1239,.T.);
#1228 = FACE_BOUND('',#1229,.T.);
#1229 = EDGE_LOOP('',(#1230,#1231,#1232,#1233));
#1230 = ORIENTED_EDGE('',*,*,#1082,.T.);
#1231 = ORIENTED_EDGE('',*,*,#1217,.T.);
#1232 = ORIENTED_EDGE('',*,*,#1199,.F.);
#1233 = ORIENTED_EDGE('',*,*,#1234,.F.);
#1234 = EDGE_CURVE('',#1075,#1192,#1235,.T.);
#1235 = LINE('',#1236,#1237);
#1236 = CARTESIAN_POINT('',(-0.7,-0.6,4.5E-02));
#1237 = VECTOR('',#1238,1.);
#1238 = DIRECTION('',(0.,1.,0.));
#1239 = CYLINDRICAL_SURFACE('',#1240,4.5E-02);
#1240 = AXIS2_PLACEMENT_3D('',#1241,#1242,#1243);
#1241 = CARTESIAN_POINT('',(-0.745,-0.6,4.5E-02));
#1242 = DIRECTION('',(0.,1.,0.));
#1243 = DIRECTION('',(1.,0.,0.));
#1244 = ADVANCED_FACE('',(#1245),#1288,.F.);
#1245 = FACE_BOUND('',#1246,.F.);
#1246 = EDGE_LOOP('',(#1247,#1248,#1249,#1250,#1258,#1266,#1274,#1282));
#1247 = ORIENTED_EDGE('',*,*,#1074,.F.);
#1248 = ORIENTED_EDGE('',*,*,#1066,.T.);
#1249 = ORIENTED_EDGE('',*,*,#1058,.T.);
#1250 = ORIENTED_EDGE('',*,*,#1251,.T.);
#1251 = EDGE_CURVE('',#1050,#1252,#1254,.T.);
#1252 = VERTEX_POINT('',#1253);
#1253 = CARTESIAN_POINT('',(0.7,-0.6,0.405));
#1254 = LINE('',#1255,#1256);
#1255 = CARTESIAN_POINT('',(-0.7,-0.6,0.405));
#1256 = VECTOR('',#1257,1.);
#1257 = DIRECTION('',(1.,0.,0.));
#1258 = ORIENTED_EDGE('',*,*,#1259,.T.);
#1259 = EDGE_CURVE('',#1252,#1260,#1262,.T.);
#1260 = VERTEX_POINT('',#1261);
#1261 = CARTESIAN_POINT('',(0.955,-0.6,0.405));
#1262 = LINE('',#1263,#1264);
#1263 = CARTESIAN_POINT('',(-0.955,-0.6,0.405));
#1264 = VECTOR('',#1265,1.);
#1265 = DIRECTION('',(1.,0.,0.));
#1266 = ORIENTED_EDGE('',*,*,#1267,.F.);
#1267 = EDGE_CURVE('',#1268,#1260,#1270,.T.);
#1268 = VERTEX_POINT('',#1269);
#1269 = CARTESIAN_POINT('',(0.955,-0.6,4.5E-02));
#1270 = LINE('',#1271,#1272);
#1271 = CARTESIAN_POINT('',(0.955,-0.6,4.5E-02));
#1272 = VECTOR('',#1273,1.);
#1273 = DIRECTION('',(0.,0.,1.));
#1274 = ORIENTED_EDGE('',*,*,#1275,.F.);
#1275 = EDGE_CURVE('',#1276,#1268,#1278,.T.);
#1276 = VERTEX_POINT('',#1277);
#1277 = CARTESIAN_POINT('',(0.7,-0.6,4.5E-02));
#1278 = LINE('',#1279,#1280);
#1279 = CARTESIAN_POINT('',(-0.955,-0.6,4.5E-02));
#1280 = VECTOR('',#1281,1.);
#1281 = DIRECTION('',(1.,0.,0.));
#1282 = ORIENTED_EDGE('',*,*,#1283,.F.);
#1283 = EDGE_CURVE('',#1075,#1276,#1284,.T.);
#1284 = LINE('',#1285,#1286);
#1285 = CARTESIAN_POINT('',(-0.955,-0.6,4.5E-02));
#1286 = VECTOR('',#1287,1.);
#1287 = DIRECTION('',(1.,0.,0.));
#1288 = PLANE('',#1289);
#1289 = AXIS2_PLACEMENT_3D('',#1290,#1291,#1292);
#1290 = CARTESIAN_POINT('',(-0.955,-0.6,4.5E-02));
#1291 = DIRECTION('',(0.,1.,0.));
#1292 = DIRECTION('',(0.,-0.,1.));
#1293 = ADVANCED_FACE('',(#1294),#1305,.T.);
#1294 = FACE_BOUND('',#1295,.T.);
#1295 = EDGE_LOOP('',(#1296,#1297,#1298,#1299));
#1296 = ORIENTED_EDGE('',*,*,#1158,.F.);
#1297 = ORIENTED_EDGE('',*,*,#1123,.F.);
#1298 = ORIENTED_EDGE('',*,*,#1041,.T.);
#1299 = ORIENTED_EDGE('',*,*,#1300,.T.);
#1300 = EDGE_CURVE('',#1042,#1159,#1301,.T.);
#1301 = LINE('',#1302,#1303);
#1302 = CARTESIAN_POINT('',(-0.745,-0.6,0.45));
#1303 = VECTOR('',#1304,1.);
#1304 = DIRECTION('',(0.,1.,0.));
#1305 = PLANE('',#1306);
#1306 = AXIS2_PLACEMENT_3D('',#1307,#1308,#1309);
#1307 = CARTESIAN_POINT('',(-1.,-0.6,0.45));
#1308 = DIRECTION('',(0.,0.,1.));
#1309 = DIRECTION('',(1.,0.,-0.));
#1310 = ADVANCED_FACE('',(#1311),#1322,.T.);
#1311 = FACE_BOUND('',#1312,.T.);
#1312 = EDGE_LOOP('',(#1313,#1319,#1320,#1321));
#1313 = ORIENTED_EDGE('',*,*,#1314,.T.);
#1314 = EDGE_CURVE('',#1050,#1167,#1315,.T.);
#1315 = LINE('',#1316,#1317);
#1316 = CARTESIAN_POINT('',(-0.7,-0.6,0.405));
#1317 = VECTOR('',#1318,1.);
#1318 = DIRECTION('',(0.,1.,0.));
#1319 = ORIENTED_EDGE('',*,*,#1166,.T.);
#1320 = ORIENTED_EDGE('',*,*,#1300,.F.);
#1321 = ORIENTED_EDGE('',*,*,#1049,.F.);
#1322 = CYLINDRICAL_SURFACE('',#1323,4.5E-02);
#1323 = AXIS2_PLACEMENT_3D('',#1324,#1325,#1326);
#1324 = CARTESIAN_POINT('',(-0.745,-0.6,0.405));
#1325 = DIRECTION('',(0.,1.,0.));
#1326 = DIRECTION('',(1.,0.,0.));
#1327 = ADVANCED_FACE('',(#1328),#1371,.T.);
#1328 = FACE_BOUND('',#1329,.T.);
#1329 = EDGE_LOOP('',(#1330,#1331,#1332,#1333,#1341,#1349,#1357,#1365));
#1330 = ORIENTED_EDGE('',*,*,#1191,.F.);
#1331 = ORIENTED_EDGE('',*,*,#1183,.T.);
#1332 = ORIENTED_EDGE('',*,*,#1175,.T.);
#1333 = ORIENTED_EDGE('',*,*,#1334,.T.);
#1334 = EDGE_CURVE('',#1167,#1335,#1337,.T.);
#1335 = VERTEX_POINT('',#1336);
#1336 = CARTESIAN_POINT('',(0.7,0.6,0.405));
#1337 = LINE('',#1338,#1339);
#1338 = CARTESIAN_POINT('',(-0.7,0.6,0.405));
#1339 = VECTOR('',#1340,1.);
#1340 = DIRECTION('',(1.,0.,0.));
#1341 = ORIENTED_EDGE('',*,*,#1342,.T.);
#1342 = EDGE_CURVE('',#1335,#1343,#1345,.T.);
#1343 = VERTEX_POINT('',#1344);
#1344 = CARTESIAN_POINT('',(0.955,0.6,0.405));
#1345 = LINE('',#1346,#1347);
#1346 = CARTESIAN_POINT('',(-0.955,0.6,0.405));
#1347 = VECTOR('',#1348,1.);
#1348 = DIRECTION('',(1.,0.,0.));
#1349 = ORIENTED_EDGE('',*,*,#1350,.F.);
#1350 = EDGE_CURVE('',#1351,#1343,#1353,.T.);
#1351 = VERTEX_POINT('',#1352);
#1352 = CARTESIAN_POINT('',(0.955,0.6,4.5E-02));
#1353 = LINE('',#1354,#1355);
#1354 = CARTESIAN_POINT('',(0.955,0.6,4.5E-02));
#1355 = VECTOR('',#1356,1.);
#1356 = DIRECTION('',(0.,0.,1.));
#1357 = ORIENTED_EDGE('',*,*,#1358,.F.);
#1358 = EDGE_CURVE('',#1359,#1351,#1361,.T.);
#1359 = VERTEX_POINT('',#1360);
#1360 = CARTESIAN_POINT('',(0.7,0.6,4.5E-02));
#1361 = LINE('',#1362,#1363);
#1362 = CARTESIAN_POINT('',(-0.955,0.6,4.5E-02));
#1363 = VECTOR('',#1364,1.);
#1364 = DIRECTION('',(1.,0.,0.));
#1365 = ORIENTED_EDGE('',*,*,#1366,.F.);
#1366 = EDGE_CURVE('',#1192,#1359,#1367,.T.);
#1367 = LINE('',#1368,#1369);
#1368 = CARTESIAN_POINT('',(-0.955,0.6,4.5E-02));
#1369 = VECTOR('',#1370,1.);
#1370 = DIRECTION('',(1.,0.,0.));
#1371 = PLANE('',#1372);
#1372 = AXIS2_PLACEMENT_3D('',#1373,#1374,#1375);
#1373 = CARTESIAN_POINT('',(-0.955,0.6,4.5E-02));
#1374 = DIRECTION('',(0.,1.,0.));
#1375 = DIRECTION('',(0.,-0.,1.));
#1376 = ADVANCED_FACE('',(#1377),#1388,.F.);
#1377 = FACE_BOUND('',#1378,.F.);
#1378 = EDGE_LOOP('',(#1379,#1380,#1381,#1387));
#1379 = ORIENTED_EDGE('',*,*,#1234,.F.);
#1380 = ORIENTED_EDGE('',*,*,#1283,.T.);
#1381 = ORIENTED_EDGE('',*,*,#1382,.T.);
#1382 = EDGE_CURVE('',#1276,#1359,#1383,.T.);
#1383 = LINE('',#1384,#1385);
#1384 = CARTESIAN_POINT('',(0.7,-0.6,4.5E-02));
#1385 = VECTOR('',#1386,1.);
#1386 = DIRECTION('',(0.,1.,0.));
#1387 = ORIENTED_EDGE('',*,*,#1366,.F.);
#1388 = PLANE('',#1389);
#1389 = AXIS2_PLACEMENT_3D('',#1390,#1391,#1392);
#1390 = CARTESIAN_POINT('',(-0.955,-0.6,4.5E-02));
#1391 = DIRECTION('',(0.,0.,1.));
#1392 = DIRECTION('',(1.,0.,-0.));
#1393 = ADVANCED_FACE('',(#1394),#1457,.F.);
#1394 = FACE_BOUND('',#1395,.F.);
#1395 = EDGE_LOOP('',(#1396,#1406,#1413,#1414,#1415,#1416,#1425,#1433,
    #1442,#1450));
#1396 = ORIENTED_EDGE('',*,*,#1397,.F.);
#1397 = EDGE_CURVE('',#1398,#1400,#1402,.T.);
#1398 = VERTEX_POINT('',#1399);
#1399 = CARTESIAN_POINT('',(0.745,-0.6,-2.775557561563E-17));
#1400 = VERTEX_POINT('',#1401);
#1401 = CARTESIAN_POINT('',(0.955,-0.6,-2.775557561563E-17));
#1402 = LINE('',#1403,#1404);
#1403 = CARTESIAN_POINT('',(0.7,-0.6,0.));
#1404 = VECTOR('',#1405,1.);
#1405 = DIRECTION('',(1.,0.,0.));
#1406 = ORIENTED_EDGE('',*,*,#1407,.F.);
#1407 = EDGE_CURVE('',#1276,#1398,#1408,.T.);
#1408 = CIRCLE('',#1409,4.5E-02);
#1409 = AXIS2_PLACEMENT_3D('',#1410,#1411,#1412);
#1410 = CARTESIAN_POINT('',(0.745,-0.6,4.5E-02));
#1411 = DIRECTION('',(0.,-1.,0.));
#1412 = DIRECTION('',(0.,0.,1.));
#1413 = ORIENTED_EDGE('',*,*,#1275,.T.);
#1414 = ORIENTED_EDGE('',*,*,#1267,.T.);
#1415 = ORIENTED_EDGE('',*,*,#1259,.F.);
#1416 = ORIENTED_EDGE('',*,*,#1417,.T.);
#1417 = EDGE_CURVE('',#1252,#1418,#1420,.T.);
#1418 = VERTEX_POINT('',#1419);
#1419 = CARTESIAN_POINT('',(0.745,-0.6,0.45));
#1420 = CIRCLE('',#1421,4.5E-02);
#1421 = AXIS2_PLACEMENT_3D('',#1422,#1423,#1424);
#1422 = CARTESIAN_POINT('',(0.745,-0.6,0.405));
#1423 = DIRECTION('',(0.,1.,0.));
#1424 = DIRECTION('',(0.,-0.,1.));
#1425 = ORIENTED_EDGE('',*,*,#1426,.T.);
#1426 = EDGE_CURVE('',#1418,#1427,#1429,.T.);
#1427 = VERTEX_POINT('',#1428);
#1428 = CARTESIAN_POINT('',(0.955,-0.6,0.45));
#1429 = LINE('',#1430,#1431);
#1430 = CARTESIAN_POINT('',(0.7,-0.6,0.45));
#1431 = VECTOR('',#1432,1.);
#1432 = DIRECTION('',(1.,0.,0.));
#1433 = ORIENTED_EDGE('',*,*,#1434,.F.);
#1434 = EDGE_CURVE('',#1435,#1427,#1437,.T.);
#1435 = VERTEX_POINT('',#1436);
#1436 = CARTESIAN_POINT('',(1.,-0.6,0.405));
#1437 = CIRCLE('',#1438,4.5E-02);
#1438 = AXIS2_PLACEMENT_3D('',#1439,#1440,#1441);
#1439 = CARTESIAN_POINT('',(0.955,-0.6,0.405));
#1440 = DIRECTION('',(0.,-1.,0.));
#1441 = DIRECTION('',(0.,0.,1.));
#1442 = ORIENTED_EDGE('',*,*,#1443,.F.);
#1443 = EDGE_CURVE('',#1444,#1435,#1446,.T.);
#1444 = VERTEX_POINT('',#1445);
#1445 = CARTESIAN_POINT('',(1.,-0.6,4.5E-02));
#1446 = LINE('',#1447,#1448);
#1447 = CARTESIAN_POINT('',(1.,-0.6,0.));
#1448 = VECTOR('',#1449,1.);
#1449 = DIRECTION('',(0.,0.,1.));
#1450 = ORIENTED_EDGE('',*,*,#1451,.T.);
#1451 = EDGE_CURVE('',#1444,#1400,#1452,.T.);
#1452 = CIRCLE('',#1453,4.5E-02);
#1453 = AXIS2_PLACEMENT_3D('',#1454,#1455,#1456);
#1454 = CARTESIAN_POINT('',(0.955,-0.6,4.5E-02));
#1455 = DIRECTION('',(0.,1.,0.));
#1456 = DIRECTION('',(0.,-0.,1.));
#1457 = PLANE('',#1458);
#1458 = AXIS2_PLACEMENT_3D('',#1459,#1460,#1461);
#1459 = CARTESIAN_POINT('',(0.7,-0.6,0.));
#1460 = DIRECTION('',(0.,1.,0.));
#1461 = DIRECTION('',(0.,-0.,1.));
#1462 = ADVANCED_FACE('',(#1463),#1488,.F.);
#1463 = FACE_BOUND('',#1464,.F.);
#1464 = EDGE_LOOP('',(#1465,#1466,#1474,#1482));
#1465 = ORIENTED_EDGE('',*,*,#1251,.F.);
#1466 = ORIENTED_EDGE('',*,*,#1467,.T.);
#1467 = EDGE_CURVE('',#1050,#1468,#1470,.T.);
#1468 = VERTEX_POINT('',#1469);
#1469 = CARTESIAN_POINT('',(-0.7,-0.6,0.45));
#1470 = LINE('',#1471,#1472);
#1471 = CARTESIAN_POINT('',(-0.7,-0.6,0.405));
#1472 = VECTOR('',#1473,1.);
#1473 = DIRECTION('',(0.,0.,1.));
#1474 = ORIENTED_EDGE('',*,*,#1475,.T.);
#1475 = EDGE_CURVE('',#1468,#1476,#1478,.T.);
#1476 = VERTEX_POINT('',#1477);
#1477 = CARTESIAN_POINT('',(0.7,-0.6,0.45));
#1478 = LINE('',#1479,#1480);
#1479 = CARTESIAN_POINT('',(-0.7,-0.6,0.45));
#1480 = VECTOR('',#1481,1.);
#1481 = DIRECTION('',(1.,0.,0.));
#1482 = ORIENTED_EDGE('',*,*,#1483,.F.);
#1483 = EDGE_CURVE('',#1252,#1476,#1484,.T.);
#1484 = LINE('',#1485,#1486);
#1485 = CARTESIAN_POINT('',(0.7,-0.6,0.405));
#1486 = VECTOR('',#1487,1.);
#1487 = DIRECTION('',(0.,0.,1.));
#1488 = PLANE('',#1489);
#1489 = AXIS2_PLACEMENT_3D('',#1490,#1491,#1492);
#1490 = CARTESIAN_POINT('',(-0.7,-0.6,0.405));
#1491 = DIRECTION('',(0.,1.,0.));
#1492 = DIRECTION('',(0.,-0.,1.));
#1493 = ADVANCED_FACE('',(#1494),#1512,.F.);
#1494 = FACE_BOUND('',#1495,.F.);
#1495 = EDGE_LOOP('',(#1496,#1497,#1498,#1506));
#1496 = ORIENTED_EDGE('',*,*,#1467,.F.);
#1497 = ORIENTED_EDGE('',*,*,#1314,.T.);
#1498 = ORIENTED_EDGE('',*,*,#1499,.T.);
#1499 = EDGE_CURVE('',#1167,#1500,#1502,.T.);
#1500 = VERTEX_POINT('',#1501);
#1501 = CARTESIAN_POINT('',(-0.7,0.6,0.45));
#1502 = LINE('',#1503,#1504);
#1503 = CARTESIAN_POINT('',(-0.7,0.6,0.405));
#1504 = VECTOR('',#1505,1.);
#1505 = DIRECTION('',(0.,0.,1.));
#1506 = ORIENTED_EDGE('',*,*,#1507,.F.);
#1507 = EDGE_CURVE('',#1468,#1500,#1508,.T.);
#1508 = LINE('',#1509,#1510);
#1509 = CARTESIAN_POINT('',(-0.7,-0.6,0.45));
#1510 = VECTOR('',#1511,1.);
#1511 = DIRECTION('',(0.,1.,0.));
#1512 = PLANE('',#1513);
#1513 = AXIS2_PLACEMENT_3D('',#1514,#1515,#1516);
#1514 = CARTESIAN_POINT('',(-0.7,-0.6,0.405));
#1515 = DIRECTION('',(1.,0.,0.));
#1516 = DIRECTION('',(0.,0.,1.));
#1517 = ADVANCED_FACE('',(#1518),#1581,.T.);
#1518 = FACE_BOUND('',#1519,.T.);
#1519 = EDGE_LOOP('',(#1520,#1530,#1537,#1538,#1539,#1540,#1549,#1557,
    #1566,#1574));
#1520 = ORIENTED_EDGE('',*,*,#1521,.F.);
#1521 = EDGE_CURVE('',#1522,#1524,#1526,.T.);
#1522 = VERTEX_POINT('',#1523);
#1523 = CARTESIAN_POINT('',(0.745,0.6,-2.775557561563E-17));
#1524 = VERTEX_POINT('',#1525);
#1525 = CARTESIAN_POINT('',(0.955,0.6,-2.775557561563E-17));
#1526 = LINE('',#1527,#1528);
#1527 = CARTESIAN_POINT('',(0.7,0.6,0.));
#1528 = VECTOR('',#1529,1.);
#1529 = DIRECTION('',(1.,0.,0.));
#1530 = ORIENTED_EDGE('',*,*,#1531,.F.);
#1531 = EDGE_CURVE('',#1359,#1522,#1532,.T.);
#1532 = CIRCLE('',#1533,4.5E-02);
#1533 = AXIS2_PLACEMENT_3D('',#1534,#1535,#1536);
#1534 = CARTESIAN_POINT('',(0.745,0.6,4.5E-02));
#1535 = DIRECTION('',(0.,-1.,0.));
#1536 = DIRECTION('',(0.,0.,1.));
#1537 = ORIENTED_EDGE('',*,*,#1358,.T.);
#1538 = ORIENTED_EDGE('',*,*,#1350,.T.);
#1539 = ORIENTED_EDGE('',*,*,#1342,.F.);
#1540 = ORIENTED_EDGE('',*,*,#1541,.T.);
#1541 = EDGE_CURVE('',#1335,#1542,#1544,.T.);
#1542 = VERTEX_POINT('',#1543);
#1543 = CARTESIAN_POINT('',(0.745,0.6,0.45));
#1544 = CIRCLE('',#1545,4.5E-02);
#1545 = AXIS2_PLACEMENT_3D('',#1546,#1547,#1548);
#1546 = CARTESIAN_POINT('',(0.745,0.6,0.405));
#1547 = DIRECTION('',(0.,1.,0.));
#1548 = DIRECTION('',(0.,-0.,1.));
#1549 = ORIENTED_EDGE('',*,*,#1550,.T.);
#1550 = EDGE_CURVE('',#1542,#1551,#1553,.T.);
#1551 = VERTEX_POINT('',#1552);
#1552 = CARTESIAN_POINT('',(0.955,0.6,0.45));
#1553 = LINE('',#1554,#1555);
#1554 = CARTESIAN_POINT('',(0.7,0.6,0.45));
#1555 = VECTOR('',#1556,1.);
#1556 = DIRECTION('',(1.,0.,0.));
#1557 = ORIENTED_EDGE('',*,*,#1558,.F.);
#1558 = EDGE_CURVE('',#1559,#1551,#1561,.T.);
#1559 = VERTEX_POINT('',#1560);
#1560 = CARTESIAN_POINT('',(1.,0.6,0.405));
#1561 = CIRCLE('',#1562,4.5E-02);
#1562 = AXIS2_PLACEMENT_3D('',#1563,#1564,#1565);
#1563 = CARTESIAN_POINT('',(0.955,0.6,0.405));
#1564 = DIRECTION('',(0.,-1.,0.));
#1565 = DIRECTION('',(0.,0.,1.));
#1566 = ORIENTED_EDGE('',*,*,#1567,.F.);
#1567 = EDGE_CURVE('',#1568,#1559,#1570,.T.);
#1568 = VERTEX_POINT('',#1569);
#1569 = CARTESIAN_POINT('',(1.,0.6,4.5E-02));
#1570 = LINE('',#1571,#1572);
#1571 = CARTESIAN_POINT('',(1.,0.6,0.));
#1572 = VECTOR('',#1573,1.);
#1573 = DIRECTION('',(0.,0.,1.));
#1574 = ORIENTED_EDGE('',*,*,#1575,.T.);
#1575 = EDGE_CURVE('',#1568,#1524,#1576,.T.);
#1576 = CIRCLE('',#1577,4.5E-02);
#1577 = AXIS2_PLACEMENT_3D('',#1578,#1579,#1580);
#1578 = CARTESIAN_POINT('',(0.955,0.6,4.5E-02));
#1579 = DIRECTION('',(0.,1.,0.));
#1580 = DIRECTION('',(0.,-0.,1.));
#1581 = PLANE('',#1582);
#1582 = AXIS2_PLACEMENT_3D('',#1583,#1584,#1585);
#1583 = CARTESIAN_POINT('',(0.7,0.6,0.));
#1584 = DIRECTION('',(0.,1.,0.));
#1585 = DIRECTION('',(0.,-0.,1.));
#1586 = ADVANCED_FACE('',(#1587),#1605,.T.);
#1587 = FACE_BOUND('',#1588,.T.);
#1588 = EDGE_LOOP('',(#1589,#1590,#1591,#1599));
#1589 = ORIENTED_EDGE('',*,*,#1334,.F.);
#1590 = ORIENTED_EDGE('',*,*,#1499,.T.);
#1591 = ORIENTED_EDGE('',*,*,#1592,.T.);
#1592 = EDGE_CURVE('',#1500,#1593,#1595,.T.);
#1593 = VERTEX_POINT('',#1594);
#1594 = CARTESIAN_POINT('',(0.7,0.6,0.45));
#1595 = LINE('',#1596,#1597);
#1596 = CARTESIAN_POINT('',(-0.7,0.6,0.45));
#1597 = VECTOR('',#1598,1.);
#1598 = DIRECTION('',(1.,0.,0.));
#1599 = ORIENTED_EDGE('',*,*,#1600,.F.);
#1600 = EDGE_CURVE('',#1335,#1593,#1601,.T.);
#1601 = LINE('',#1602,#1603);
#1602 = CARTESIAN_POINT('',(0.7,0.6,0.405));
#1603 = VECTOR('',#1604,1.);
#1604 = DIRECTION('',(0.,0.,1.));
#1605 = PLANE('',#1606);
#1606 = AXIS2_PLACEMENT_3D('',#1607,#1608,#1609);
#1607 = CARTESIAN_POINT('',(-0.7,0.6,0.405));
#1608 = DIRECTION('',(0.,1.,0.));
#1609 = DIRECTION('',(0.,-0.,1.));
#1610 = ADVANCED_FACE('',(#1611),#1622,.T.);
#1611 = FACE_BOUND('',#1612,.T.);
#1612 = EDGE_LOOP('',(#1613,#1614,#1615,#1621));
#1613 = ORIENTED_EDGE('',*,*,#1382,.T.);
#1614 = ORIENTED_EDGE('',*,*,#1531,.T.);
#1615 = ORIENTED_EDGE('',*,*,#1616,.F.);
#1616 = EDGE_CURVE('',#1398,#1522,#1617,.T.);
#1617 = LINE('',#1618,#1619);
#1618 = CARTESIAN_POINT('',(0.745,-0.6,-2.775557561563E-17));
#1619 = VECTOR('',#1620,1.);
#1620 = DIRECTION('',(0.,1.,0.));
#1621 = ORIENTED_EDGE('',*,*,#1407,.F.);
#1622 = CYLINDRICAL_SURFACE('',#1623,4.5E-02);
#1623 = AXIS2_PLACEMENT_3D('',#1624,#1625,#1626);
#1624 = CARTESIAN_POINT('',(0.745,-0.6,4.5E-02));
#1625 = DIRECTION('',(0.,1.,0.));
#1626 = DIRECTION('',(-1.,0.,0.));
#1627 = ADVANCED_FACE('',(#1628),#1639,.F.);
#1628 = FACE_BOUND('',#1629,.F.);
#1629 = EDGE_LOOP('',(#1630,#1631,#1632,#1633));
#1630 = ORIENTED_EDGE('',*,*,#1521,.F.);
#1631 = ORIENTED_EDGE('',*,*,#1616,.F.);
#1632 = ORIENTED_EDGE('',*,*,#1397,.T.);
#1633 = ORIENTED_EDGE('',*,*,#1634,.T.);
#1634 = EDGE_CURVE('',#1400,#1524,#1635,.T.);
#1635 = LINE('',#1636,#1637);
#1636 = CARTESIAN_POINT('',(0.955,-0.6,-2.775557561563E-17));
#1637 = VECTOR('',#1638,1.);
#1638 = DIRECTION('',(0.,1.,0.));
#1639 = PLANE('',#1640);
#1640 = AXIS2_PLACEMENT_3D('',#1641,#1642,#1643);
#1641 = CARTESIAN_POINT('',(0.7,-0.6,0.));
#1642 = DIRECTION('',(0.,0.,1.));
#1643 = DIRECTION('',(1.,0.,-0.));
#1644 = ADVANCED_FACE('',(#1645),#1656,.T.);
#1645 = FACE_BOUND('',#1646,.T.);
#1646 = EDGE_LOOP('',(#1647,#1648,#1649,#1650));
#1647 = ORIENTED_EDGE('',*,*,#1451,.T.);
#1648 = ORIENTED_EDGE('',*,*,#1634,.T.);
#1649 = ORIENTED_EDGE('',*,*,#1575,.F.);
#1650 = ORIENTED_EDGE('',*,*,#1651,.F.);
#1651 = EDGE_CURVE('',#1444,#1568,#1652,.T.);
#1652 = LINE('',#1653,#1654);
#1653 = CARTESIAN_POINT('',(1.,-0.6,4.5E-02));
#1654 = VECTOR('',#1655,1.);
#1655 = DIRECTION('',(0.,1.,0.));
#1656 = CYLINDRICAL_SURFACE('',#1657,4.5E-02);
#1657 = AXIS2_PLACEMENT_3D('',#1658,#1659,#1660);
#1658 = CARTESIAN_POINT('',(0.955,-0.6,4.5E-02));
#1659 = DIRECTION('',(0.,1.,0.));
#1660 = DIRECTION('',(1.,0.,0.));
#1661 = ADVANCED_FACE('',(#1662),#1673,.T.);
#1662 = FACE_BOUND('',#1663,.T.);
#1663 = EDGE_LOOP('',(#1664,#1665,#1666,#1667));
#1664 = ORIENTED_EDGE('',*,*,#1443,.F.);
#1665 = ORIENTED_EDGE('',*,*,#1651,.T.);
#1666 = ORIENTED_EDGE('',*,*,#1567,.T.);
#1667 = ORIENTED_EDGE('',*,*,#1668,.F.);
#1668 = EDGE_CURVE('',#1435,#1559,#1669,.T.);
#1669 = LINE('',#1670,#1671);
#1670 = CARTESIAN_POINT('',(1.,-0.6,0.405));
#1671 = VECTOR('',#1672,1.);
#1672 = DIRECTION('',(0.,1.,0.));
#1673 = PLANE('',#1674);
#1674 = AXIS2_PLACEMENT_3D('',#1675,#1676,#1677);
#1675 = CARTESIAN_POINT('',(1.,-0.6,0.));
#1676 = DIRECTION('',(1.,0.,0.));
#1677 = DIRECTION('',(0.,0.,1.));
#1678 = ADVANCED_FACE('',(#1679),#1690,.T.);
#1679 = FACE_BOUND('',#1680,.T.);
#1680 = EDGE_LOOP('',(#1681,#1682,#1683,#1689));
#1681 = ORIENTED_EDGE('',*,*,#1668,.T.);
#1682 = ORIENTED_EDGE('',*,*,#1558,.T.);
#1683 = ORIENTED_EDGE('',*,*,#1684,.F.);
#1684 = EDGE_CURVE('',#1427,#1551,#1685,.T.);
#1685 = LINE('',#1686,#1687);
#1686 = CARTESIAN_POINT('',(0.955,-0.6,0.45));
#1687 = VECTOR('',#1688,1.);
#1688 = DIRECTION('',(0.,1.,0.));
#1689 = ORIENTED_EDGE('',*,*,#1434,.F.);
#1690 = CYLINDRICAL_SURFACE('',#1691,4.5E-02);
#1691 = AXIS2_PLACEMENT_3D('',#1692,#1693,#1694);
#1692 = CARTESIAN_POINT('',(0.955,-0.6,0.405));
#1693 = DIRECTION('',(0.,1.,0.));
#1694 = DIRECTION('',(1.,0.,0.));
#1695 = ADVANCED_FACE('',(#1696),#1707,.T.);
#1696 = FACE_BOUND('',#1697,.T.);
#1697 = EDGE_LOOP('',(#1698,#1699,#1705,#1706));
#1698 = ORIENTED_EDGE('',*,*,#1550,.F.);
#1699 = ORIENTED_EDGE('',*,*,#1700,.F.);
#1700 = EDGE_CURVE('',#1418,#1542,#1701,.T.);
#1701 = LINE('',#1702,#1703);
#1702 = CARTESIAN_POINT('',(0.745,-0.6,0.45));
#1703 = VECTOR('',#1704,1.);
#1704 = DIRECTION('',(0.,1.,0.));
#1705 = ORIENTED_EDGE('',*,*,#1426,.T.);
#1706 = ORIENTED_EDGE('',*,*,#1684,.T.);
#1707 = PLANE('',#1708);
#1708 = AXIS2_PLACEMENT_3D('',#1709,#1710,#1711);
#1709 = CARTESIAN_POINT('',(0.7,-0.6,0.45));
#1710 = DIRECTION('',(0.,0.,1.));
#1711 = DIRECTION('',(1.,0.,-0.));
#1712 = ADVANCED_FACE('',(#1713),#1724,.T.);
#1713 = FACE_BOUND('',#1714,.T.);
#1714 = EDGE_LOOP('',(#1715,#1716,#1717,#1718));
#1715 = ORIENTED_EDGE('',*,*,#1417,.T.);
#1716 = ORIENTED_EDGE('',*,*,#1700,.T.);
#1717 = ORIENTED_EDGE('',*,*,#1541,.F.);
#1718 = ORIENTED_EDGE('',*,*,#1719,.F.);
#1719 = EDGE_CURVE('',#1252,#1335,#1720,.T.);
#1720 = LINE('',#1721,#1722);
#1721 = CARTESIAN_POINT('',(0.7,-0.6,0.405));
#1722 = VECTOR('',#1723,1.);
#1723 = DIRECTION('',(0.,1.,0.));
#1724 = CYLINDRICAL_SURFACE('',#1725,4.5E-02);
#1725 = AXIS2_PLACEMENT_3D('',#1726,#1727,#1728);
#1726 = CARTESIAN_POINT('',(0.745,-0.6,0.405));
#1727 = DIRECTION('',(0.,1.,0.));
#1728 = DIRECTION('',(-1.,0.,0.));
#1729 = ADVANCED_FACE('',(#1730),#1741,.T.);
#1730 = FACE_BOUND('',#1731,.T.);
#1731 = EDGE_LOOP('',(#1732,#1733,#1734,#1735));
#1732 = ORIENTED_EDGE('',*,*,#1483,.F.);
#1733 = ORIENTED_EDGE('',*,*,#1719,.T.);
#1734 = ORIENTED_EDGE('',*,*,#1600,.T.);
#1735 = ORIENTED_EDGE('',*,*,#1736,.F.);
#1736 = EDGE_CURVE('',#1476,#1593,#1737,.T.);
#1737 = LINE('',#1738,#1739);
#1738 = CARTESIAN_POINT('',(0.7,-0.6,0.45));
#1739 = VECTOR('',#1740,1.);
#1740 = DIRECTION('',(0.,1.,0.));
#1741 = PLANE('',#1742);
#1742 = AXIS2_PLACEMENT_3D('',#1743,#1744,#1745);
#1743 = CARTESIAN_POINT('',(0.7,-0.6,0.405));
#1744 = DIRECTION('',(1.,0.,0.));
#1745 = DIRECTION('',(0.,0.,1.));
#1746 = ADVANCED_FACE('',(#1747),#1753,.T.);
#1747 = FACE_BOUND('',#1748,.T.);
#1748 = EDGE_LOOP('',(#1749,#1750,#1751,#1752));
#1749 = ORIENTED_EDGE('',*,*,#1507,.F.);
#1750 = ORIENTED_EDGE('',*,*,#1475,.T.);
#1751 = ORIENTED_EDGE('',*,*,#1736,.T.);
#1752 = ORIENTED_EDGE('',*,*,#1592,.F.);
#1753 = PLANE('',#1754);
#1754 = AXIS2_PLACEMENT_3D('',#1755,#1756,#1757);
#1755 = CARTESIAN_POINT('',(-0.7,-0.6,0.45));
#1756 = DIRECTION('',(0.,0.,1.));
#1757 = DIRECTION('',(1.,0.,-0.));
#1758 = ( GEOMETRIC_REPRESENTATION_CONTEXT(3) 
GLOBAL_UNCERTAINTY_ASSIGNED_CONTEXT((#1762)) 
GLOBAL_UNIT_ASSIGNED_CONTEXT((#1759,#1760,#1761)) REPRESENTATION_CONTEXT
('Context #1','3D Context with UNIT and UNCERTAINTY') );
#1759 = ( LENGTH_UNIT() NAMED_UNIT(*) SI_UNIT(.MILLI.,.METRE.) );
#1760 = ( NAMED_UNIT(*) PLANE_ANGLE_UNIT() SI_UNIT($,.RADIAN.) );
#1761 = ( NAMED_UNIT(*) SI_UNIT($,.STERADIAN.) SOLID_ANGLE_UNIT() );
#1762 = UNCERTAINTY_MEASURE_WITH_UNIT(LENGTH_MEASURE(1.E-07),#1759,
  'distance_accuracy_value','confusion accuracy');
#1763 = CONTEXT_DEPENDENT_SHAPE_REPRESENTATION(#1764,#1766);
#1764 = ( REPRESENTATION_RELATIONSHIP('','',#967,#944) 
REPRESENTATION_RELATIONSHIP_WITH_TRANSFORMATION(#1765) 
SHAPE_REPRESENTATION_RELATIONSHIP() );
#1765 = ITEM_DEFINED_TRANSFORMATION('','',#11,#945);
#1766 = PRODUCT_DEFINITION_SHAPE('Placement','Placement of an item',
  #1767);
#1767 = NEXT_ASSEMBLY_USAGE_OCCURRENCE('3','=>[0:1:1:5]','',#939,#962,$
  );
#1768 = PRODUCT_RELATED_PRODUCT_CATEGORY('part',$,(#964));
#1769 = CONTEXT_DEPENDENT_SHAPE_REPRESENTATION(#1770,#1772);
#1770 = ( REPRESENTATION_RELATIONSHIP('','',#944,#10) 
REPRESENTATION_RELATIONSHIP_WITH_TRANSFORMATION(#1771) 
SHAPE_REPRESENTATION_RELATIONSHIP() );
#1771 = ITEM_DEFINED_TRANSFORMATION('','',#11,#23);
#1772 = PRODUCT_DEFINITION_SHAPE('Placement','Placement of an item',
  #1773);
#1773 = NEXT_ASSEMBLY_USAGE_OCCURRENCE('5','R1','',#5,#939,$);
#1774 = SHAPE_DEFINITION_REPRESENTATION(#1775,#1781);
#1775 = PRODUCT_DEFINITION_SHAPE('','',#1776);
#1776 = PRODUCT_DEFINITION('design','',#1777,#1780);
#1777 = PRODUCT_DEFINITION_FORMATION('','',#1778);
#1778 = PRODUCT('SOIC-8_3.9x4.9mm_P1.27mm','SOIC-8_3.9x4.9mm_P1.27mm',''
  ,(#1779));
#1779 = PRODUCT_CONTEXT('',#2,'mechanical');
#1780 = PRODUCT_DEFINITION_CONTEXT('part definition',#2,'design');
#1781 = SHAPE_REPRESENTATION('',(#11,#1782),#1786);
#1782 = AXIS2_PLACEMENT_3D('',#1783,#1784,#1785);
#1783 = CARTESIAN_POINT('',(0.,0.,0.));
#1784 = DIRECTION('',(0.,0.,1.));
#1785 = DIRECTION('',(1.,0.,-0.));
#1786 = ( GEOMETRIC_REPRESENTATION_CONTEXT(3) 
GLOBAL_UNCERTAINTY_ASSIGNED_CONTEXT((#1790)) 
GLOBAL_UNIT_ASSIGNED_CONTEXT((#1787,#1788,#1789)) REPRESENTATION_CONTEXT
('Context #1','3D Context with UNIT and UNCERTAINTY') );
#1787 = ( LENGTH_UNIT() NAMED_UNIT(*) SI_UNIT(.MILLI.,.METRE.) );
#1788 = ( NAMED_UNIT(*) PLANE_ANGLE_UNIT() SI_UNIT($,.RADIAN.) );
#1789 = ( NAMED_UNIT(*) SI_UNIT($,.STERADIAN.) SOLID_ANGLE_UNIT() );
#1790 = UNCERTAINTY_MEASURE_WITH_UNIT(LENGTH_MEASURE(1.E-07),#1787,
  'distance_accuracy_value','confusion accuracy');
#1791 = CONTEXT_DEPENDENT_SHAPE_REPRESENTATION(#1792,#1794);
#1792 = ( REPRESENTATION_RELATIONSHIP('','',#1781,#10) 
REPRESENTATION_RELATIONSHIP_WITH_TRANSFORMATION(#1793) 
SHAPE_REPRESENTATION_RELATIONSHIP() );
#1793 = ITEM_DEFINED_TRANSFORMATION('','',#11,#27);
#1794 = PRODUCT_DEFINITION_SHAPE('Placement','Placement of an item',
  #1795);
#1795 = NEXT_ASSEMBLY_USAGE_OCCURRENCE('7','U1','',#5,#1776,$);
#1796 = PRODUCT_RELATED_PRODUCT_CATEGORY('part',$,(#1778));
#1797 = SHAPE_DEFINITION_REPRESENTATION(#1798,#1804);
#1798 = PRODUCT_DEFINITION_SHAPE('','',#1799);
#1799 = PRODUCT_DEFINITION('design','',#1800,#1803);
#1800 = PRODUCT_DEFINITION_FORMATION('','',#1801);
#1801 = PRODUCT('SOIC-8_3.9x4.9mm_P1.27mm','SOIC-8_3.9x4.9mm_P1.27mm',''
  ,(#1802));
#1802 = PRODUCT_CONTEXT('',#2,'mechanical');
#1803 = PRODUCT_DEFINITION_CONTEXT('part definition',#2,'design');
#1804 = ADVANCED_BREP_SHAPE_REPRESENTATION('',(#11,#1805),#6273);
#1805 = MANIFOLD_SOLID_BREP('',#1806);
#1806 = CLOSED_SHELL('',(#1807,#1845,#1908,#1931,#1960,#1983,#2070,#2157
    ,#2180,#2203,#2220,#2243,#2331,#2347,#2377,#2408,#2439,#2470,#2501,
    #2532,#2563,#2594,#2611,#2628,#2659,#2690,#2721,#2752,#2783,#2814,
    #2845,#2875,#2898,#2921,#2938,#2983,#3069,#3092,#3115,#3138,#3225,
    #3263,#3312,#3404,#3429,#3513,#3535,#3627,#3652,#3736,#3758,#3850,
    #3875,#3959,#3976,#4061,#4086,#4163,#4248,#4273,#4350,#4367,#4459,
    #4484,#4568,#4590,#4682,#4707,#4791,#4813,#4905,#4930,#5014,#5031,
    #5050,#5069,#5088,#5134,#5150,#5169,#5188,#5207,#5223,#5240,#5252,
    #5269,#5286,#5303,#5320,#5337,#5354,#5371,#5383,#5400,#5417,#5434,
    #5451,#5468,#5485,#5502,#5514,#5531,#5548,#5565,#5582,#5599,#5616,
    #5633,#5645,#5662,#5679,#5696,#5713,#5730,#5747,#5759,#5776,#5793,
    #5810,#5827,#5844,#5861,#5873,#5890,#5907,#5924,#5941,#5958,#5975,
    #5992,#6004,#6021,#6038,#6055,#6072,#6089,#6106,#6123,#6135,#6152,
    #6169,#6186,#6203,#6220,#6237,#6254,#6266));
#1807 = ADVANCED_FACE('',(#1808),#1840,.F.);
#1808 = FACE_BOUND('',#1809,.F.);
#1809 = EDGE_LOOP('',(#1810,#1820,#1827,#1835));
#1810 = ORIENTED_EDGE('',*,*,#1811,.T.);
#1811 = EDGE_CURVE('',#1812,#1814,#1816,.T.);
#1812 = VERTEX_POINT('',#1813);
#1813 = CARTESIAN_POINT('',(-1.717585640382,2.335171280765,0.1));
#1814 = VERTEX_POINT('',#1815);
#1815 = CARTESIAN_POINT('',(1.717585640382,2.335171280765,0.1));
#1816 = LINE('',#1817,#1818);
#1817 = CARTESIAN_POINT('',(-1.717585640382,2.335171280765,0.1));
#1818 = VECTOR('',#1819,1.);
#1819 = DIRECTION('',(1.,1.110223024625E-16,0.));
#1820 = ORIENTED_EDGE('',*,*,#1821,.T.);
#1821 = EDGE_CURVE('',#1814,#1822,#1824,.T.);
#1822 = VERTEX_POINT('',#1823);
#1823 = CARTESIAN_POINT('',(1.775,2.45,0.825));
#1824 = B_SPLINE_CURVE_WITH_KNOTS('',1,(#1825,#1826),.UNSPECIFIED.,.F.,
  .F.,(2,2),(0.,1.),.PIECEWISE_BEZIER_KNOTS.);
#1825 = CARTESIAN_POINT('',(1.717585640382,2.335171280765,0.1));
#1826 = CARTESIAN_POINT('',(1.775,2.45,0.825));
#1827 = ORIENTED_EDGE('',*,*,#1828,.F.);
#1828 = EDGE_CURVE('',#1829,#1822,#1831,.T.);
#1829 = VERTEX_POINT('',#1830);
#1830 = CARTESIAN_POINT('',(-1.775,2.45,0.825));
#1831 = LINE('',#1832,#1833);
#1832 = CARTESIAN_POINT('',(-1.775,2.45,0.825));
#1833 = VECTOR('',#1834,1.);
#1834 = DIRECTION('',(1.,1.110223024625E-16,0.));
#1835 = ORIENTED_EDGE('',*,*,#1836,.F.);
#1836 = EDGE_CURVE('',#1812,#1829,#1837,.T.);
#1837 = B_SPLINE_CURVE_WITH_KNOTS('',1,(#1838,#1839),.UNSPECIFIED.,.F.,
  .F.,(2,2),(0.,1.),.PIECEWISE_BEZIER_KNOTS.);
#1838 = CARTESIAN_POINT('',(-1.717585640382,2.335171280765,0.1));
#1839 = CARTESIAN_POINT('',(-1.775,2.45,0.825));
#1840 = B_SPLINE_SURFACE_WITH_KNOTS('',1,1,(
    (#1841,#1842)
    ,(#1843,#1844
    )),.UNSPECIFIED.,.F.,.F.,.F.,(2,2),(2,2),(0.,3.55),(0.,1.),
  .PIECEWISE_BEZIER_KNOTS.);
#1841 = CARTESIAN_POINT('',(-1.717585640382,2.335171280765,0.1));
#1842 = CARTESIAN_POINT('',(-1.775,2.45,0.825));
#1843 = CARTESIAN_POINT('',(1.717585640382,2.335171280765,0.1));
#1844 = CARTESIAN_POINT('',(1.775,2.45,0.825));
#1845 = ADVANCED_FACE('',(#1846),#1903,.F.);
#1846 = FACE_BOUND('',#1847,.T.);
#1847 = EDGE_LOOP('',(#1848,#1849,#1857,#1865,#1873,#1881,#1889,#1897));
#1848 = ORIENTED_EDGE('',*,*,#1811,.T.);
#1849 = ORIENTED_EDGE('',*,*,#1850,.T.);
#1850 = EDGE_CURVE('',#1814,#1851,#1853,.T.);
#1851 = VERTEX_POINT('',#1852);
#1852 = CARTESIAN_POINT('',(1.835171280765,2.217585640382,0.1));
#1853 = LINE('',#1854,#1855);
#1854 = CARTESIAN_POINT('',(1.717585640382,2.335171280765,0.1));
#1855 = VECTOR('',#1856,1.);
#1856 = DIRECTION('',(0.707106781187,-0.707106781187,0.));
#1857 = ORIENTED_EDGE('',*,*,#1858,.T.);
#1858 = EDGE_CURVE('',#1851,#1859,#1861,.T.);
#1859 = VERTEX_POINT('',#1860);
#1860 = CARTESIAN_POINT('',(1.835171280765,-2.217585640382,0.1));
#1861 = LINE('',#1862,#1863);
#1862 = CARTESIAN_POINT('',(1.835171280765,2.217585640382,0.1));
#1863 = VECTOR('',#1864,1.);
#1864 = DIRECTION('',(1.110223024625E-16,-1.,0.));
#1865 = ORIENTED_EDGE('',*,*,#1866,.T.);
#1866 = EDGE_CURVE('',#1859,#1867,#1869,.T.);
#1867 = VERTEX_POINT('',#1868);
#1868 = CARTESIAN_POINT('',(1.717585640382,-2.335171280765,0.1));
#1869 = LINE('',#1870,#1871);
#1870 = CARTESIAN_POINT('',(1.835171280765,-2.217585640382,0.1));
#1871 = VECTOR('',#1872,1.);
#1872 = DIRECTION('',(-0.707106781187,-0.707106781187,0.));
#1873 = ORIENTED_EDGE('',*,*,#1874,.T.);
#1874 = EDGE_CURVE('',#1867,#1875,#1877,.T.);
#1875 = VERTEX_POINT('',#1876);
#1876 = CARTESIAN_POINT('',(-1.717585640382,-2.335171280765,0.1));
#1877 = LINE('',#1878,#1879);
#1878 = CARTESIAN_POINT('',(1.717585640382,-2.335171280765,0.1));
#1879 = VECTOR('',#1880,1.);
#1880 = DIRECTION('',(-1.,-1.110223024625E-16,0.));
#1881 = ORIENTED_EDGE('',*,*,#1882,.T.);
#1882 = EDGE_CURVE('',#1875,#1883,#1885,.T.);
#1883 = VERTEX_POINT('',#1884);
#1884 = CARTESIAN_POINT('',(-1.835171280765,-2.217585640382,0.1));
#1885 = LINE('',#1886,#1887);
#1886 = CARTESIAN_POINT('',(-1.717585640382,-2.335171280765,0.1));
#1887 = VECTOR('',#1888,1.);
#1888 = DIRECTION('',(-0.707106781187,0.707106781187,0.));
#1889 = ORIENTED_EDGE('',*,*,#1890,.T.);
#1890 = EDGE_CURVE('',#1883,#1891,#1893,.T.);
#1891 = VERTEX_POINT('',#1892);
#1892 = CARTESIAN_POINT('',(-1.835171280765,2.217585640382,0.1));
#1893 = LINE('',#1894,#1895);
#1894 = CARTESIAN_POINT('',(-1.835171280765,-2.217585640382,0.1));
#1895 = VECTOR('',#1896,1.);
#1896 = DIRECTION('',(-1.110223024625E-16,1.,0.));
#1897 = ORIENTED_EDGE('',*,*,#1898,.T.);
#1898 = EDGE_CURVE('',#1891,#1812,#1899,.T.);
#1899 = LINE('',#1900,#1901);
#1900 = CARTESIAN_POINT('',(-1.835171280765,2.217585640382,0.1));
#1901 = VECTOR('',#1902,1.);
#1902 = DIRECTION('',(0.707106781187,0.707106781187,0.));
#1903 = PLANE('',#1904);
#1904 = AXIS2_PLACEMENT_3D('',#1905,#1906,#1907);
#1905 = CARTESIAN_POINT('',(-1.717585640382,2.335171280765,0.1));
#1906 = DIRECTION('',(0.,0.,1.));
#1907 = DIRECTION('',(0.592513131498,-0.805560791625,0.));
#1908 = ADVANCED_FACE('',(#1909),#1926,.F.);
#1909 = FACE_BOUND('',#1910,.F.);
#1910 = EDGE_LOOP('',(#1911,#1912,#1919,#1925));
#1911 = ORIENTED_EDGE('',*,*,#1850,.T.);
#1912 = ORIENTED_EDGE('',*,*,#1913,.T.);
#1913 = EDGE_CURVE('',#1851,#1914,#1916,.T.);
#1914 = VERTEX_POINT('',#1915);
#1915 = CARTESIAN_POINT('',(1.95,2.275,0.825));
#1916 = B_SPLINE_CURVE_WITH_KNOTS('',1,(#1917,#1918),.UNSPECIFIED.,.F.,
  .F.,(2,2),(0.,1.),.PIECEWISE_BEZIER_KNOTS.);
#1917 = CARTESIAN_POINT('',(1.835171280765,2.217585640382,0.1));
#1918 = CARTESIAN_POINT('',(1.95,2.275,0.825));
#1919 = ORIENTED_EDGE('',*,*,#1920,.F.);
#1920 = EDGE_CURVE('',#1822,#1914,#1921,.T.);
#1921 = LINE('',#1922,#1923);
#1922 = CARTESIAN_POINT('',(1.775,2.45,0.825));
#1923 = VECTOR('',#1924,1.);
#1924 = DIRECTION('',(0.707106781187,-0.707106781187,0.));
#1925 = ORIENTED_EDGE('',*,*,#1821,.F.);
#1926 = B_SPLINE_SURFACE_WITH_KNOTS('',1,1,(
    (#1927,#1928)
    ,(#1929,#1930
    )),.UNSPECIFIED.,.F.,.F.,.F.,(2,2),(2,2),(0.,0.247487373415),(0.,1.)
  ,.PIECEWISE_BEZIER_KNOTS.);
#1927 = CARTESIAN_POINT('',(1.717585640382,2.335171280765,0.1));
#1928 = CARTESIAN_POINT('',(1.775,2.45,0.825));
#1929 = CARTESIAN_POINT('',(1.835171280765,2.217585640382,0.1));
#1930 = CARTESIAN_POINT('',(1.95,2.275,0.825));
#1931 = ADVANCED_FACE('',(#1932),#1955,.F.);
#1932 = FACE_BOUND('',#1933,.F.);
#1933 = EDGE_LOOP('',(#1934,#1935,#1942,#1950));
#1934 = ORIENTED_EDGE('',*,*,#1828,.T.);
#1935 = ORIENTED_EDGE('',*,*,#1936,.T.);
#1936 = EDGE_CURVE('',#1822,#1937,#1939,.T.);
#1937 = VERTEX_POINT('',#1938);
#1938 = CARTESIAN_POINT('',(1.775,2.45,1.025));
#1939 = B_SPLINE_CURVE_WITH_KNOTS('',1,(#1940,#1941),.UNSPECIFIED.,.F.,
  .F.,(2,2),(0.,1.),.PIECEWISE_BEZIER_KNOTS.);
#1940 = CARTESIAN_POINT('',(1.775,2.45,0.825));
#1941 = CARTESIAN_POINT('',(1.775,2.45,1.025));
#1942 = ORIENTED_EDGE('',*,*,#1943,.F.);
#1943 = EDGE_CURVE('',#1944,#1937,#1946,.T.);
#1944 = VERTEX_POINT('',#1945);
#1945 = CARTESIAN_POINT('',(-1.775,2.45,1.025));
#1946 = LINE('',#1947,#1948);
#1947 = CARTESIAN_POINT('',(-1.775,2.45,1.025));
#1948 = VECTOR('',#1949,1.);
#1949 = DIRECTION('',(1.,1.110223024625E-16,0.));
#1950 = ORIENTED_EDGE('',*,*,#1951,.F.);
#1951 = EDGE_CURVE('',#1829,#1944,#1952,.T.);
#1952 = B_SPLINE_CURVE_WITH_KNOTS('',1,(#1953,#1954),.UNSPECIFIED.,.F.,
  .F.,(2,2),(0.,1.),.PIECEWISE_BEZIER_KNOTS.);
#1953 = CARTESIAN_POINT('',(-1.775,2.45,0.825));
#1954 = CARTESIAN_POINT('',(-1.775,2.45,1.025));
#1955 = PLANE('',#1956);
#1956 = AXIS2_PLACEMENT_3D('',#1957,#1958,#1959);
#1957 = CARTESIAN_POINT('',(-1.775,2.45,1.025));
#1958 = DIRECTION('',(1.110223024625E-16,-1.,0.));
#1959 = DIRECTION('',(1.,1.110223024625E-16,0.));
#1960 = ADVANCED_FACE('',(#1961),#1978,.F.);
#1961 = FACE_BOUND('',#1962,.F.);
#1962 = EDGE_LOOP('',(#1963,#1964,#1965,#1973));
#1963 = ORIENTED_EDGE('',*,*,#1898,.T.);
#1964 = ORIENTED_EDGE('',*,*,#1836,.T.);
#1965 = ORIENTED_EDGE('',*,*,#1966,.F.);
#1966 = EDGE_CURVE('',#1967,#1829,#1969,.T.);
#1967 = VERTEX_POINT('',#1968);
#1968 = CARTESIAN_POINT('',(-1.95,2.275,0.825));
#1969 = LINE('',#1970,#1971);
#1970 = CARTESIAN_POINT('',(-1.95,2.275,0.825));
#1971 = VECTOR('',#1972,1.);
#1972 = DIRECTION('',(0.707106781187,0.707106781187,0.));
#1973 = ORIENTED_EDGE('',*,*,#1974,.F.);
#1974 = EDGE_CURVE('',#1891,#1967,#1975,.T.);
#1975 = B_SPLINE_CURVE_WITH_KNOTS('',1,(#1976,#1977),.UNSPECIFIED.,.F.,
  .F.,(2,2),(0.,1.),.PIECEWISE_BEZIER_KNOTS.);
#1976 = CARTESIAN_POINT('',(-1.835171280765,2.217585640382,0.1));
#1977 = CARTESIAN_POINT('',(-1.95,2.275,0.825));
#1978 = B_SPLINE_SURFACE_WITH_KNOTS('',1,1,(
    (#1979,#1980)
    ,(#1981,#1982
    )),.UNSPECIFIED.,.F.,.F.,.F.,(2,2),(2,2),(0.,0.247487373415),(0.,1.)
  ,.PIECEWISE_BEZIER_KNOTS.);
#1979 = CARTESIAN_POINT('',(-1.835171280765,2.217585640382,0.1));
#1980 = CARTESIAN_POINT('',(-1.95,2.275,0.825));
#1981 = CARTESIAN_POINT('',(-1.717585640382,2.335171280765,0.1));
#1982 = CARTESIAN_POINT('',(-1.775,2.45,0.825));
#1983 = ADVANCED_FACE('',(#1984),#2065,.F.);
#1984 = FACE_BOUND('',#1985,.F.);
#1985 = EDGE_LOOP('',(#1986,#1987,#1988,#1996,#2004,#2012,#2020,#2028,
    #2036,#2044,#2052,#2060));
#1986 = ORIENTED_EDGE('',*,*,#1890,.T.);
#1987 = ORIENTED_EDGE('',*,*,#1974,.T.);
#1988 = ORIENTED_EDGE('',*,*,#1989,.F.);
#1989 = EDGE_CURVE('',#1990,#1967,#1992,.T.);
#1990 = VERTEX_POINT('',#1991);
#1991 = CARTESIAN_POINT('',(-1.95,2.11,0.825));
#1992 = LINE('',#1993,#1994);
#1993 = CARTESIAN_POINT('',(-1.95,-2.275,0.825));
#1994 = VECTOR('',#1995,1.);
#1995 = DIRECTION('',(-1.110223024625E-16,1.,0.));
#1996 = ORIENTED_EDGE('',*,*,#1997,.F.);
#1997 = EDGE_CURVE('',#1998,#1990,#2000,.T.);
#1998 = VERTEX_POINT('',#1999);
#1999 = CARTESIAN_POINT('',(-1.95,1.7,0.825));
#2000 = LINE('',#2001,#2002);
#2001 = CARTESIAN_POINT('',(-1.95,-2.275,0.825));
#2002 = VECTOR('',#2003,1.);
#2003 = DIRECTION('',(-1.110223024625E-16,1.,0.));
#2004 = ORIENTED_EDGE('',*,*,#2005,.F.);
#2005 = EDGE_CURVE('',#2006,#1998,#2008,.T.);
#2006 = VERTEX_POINT('',#2007);
#2007 = CARTESIAN_POINT('',(-1.95,0.84,0.825));
#2008 = LINE('',#2009,#2010);
#2009 = CARTESIAN_POINT('',(-1.95,-2.275,0.825));
#2010 = VECTOR('',#2011,1.);
#2011 = DIRECTION('',(-1.110223024625E-16,1.,0.));
#2012 = ORIENTED_EDGE('',*,*,#2013,.F.);
#2013 = EDGE_CURVE('',#2014,#2006,#2016,.T.);
#2014 = VERTEX_POINT('',#2015);
#2015 = CARTESIAN_POINT('',(-1.95,0.43,0.825));
#2016 = LINE('',#2017,#2018);
#2017 = CARTESIAN_POINT('',(-1.95,-2.275,0.825));
#2018 = VECTOR('',#2019,1.);
#2019 = DIRECTION('',(-1.110223024625E-16,1.,0.));
#2020 = ORIENTED_EDGE('',*,*,#2021,.F.);
#2021 = EDGE_CURVE('',#2022,#2014,#2024,.T.);
#2022 = VERTEX_POINT('',#2023);
#2023 = CARTESIAN_POINT('',(-1.95,-0.43,0.825));
#2024 = LINE('',#2025,#2026);
#2025 = CARTESIAN_POINT('',(-1.95,-2.275,0.825));
#2026 = VECTOR('',#2027,1.);
#2027 = DIRECTION('',(-1.110223024625E-16,1.,0.));
#2028 = ORIENTED_EDGE('',*,*,#2029,.F.);
#2029 = EDGE_CURVE('',#2030,#2022,#2032,.T.);
#2030 = VERTEX_POINT('',#2031);
#2031 = CARTESIAN_POINT('',(-1.95,-0.84,0.825));
#2032 = LINE('',#2033,#2034);
#2033 = CARTESIAN_POINT('',(-1.95,-2.275,0.825));
#2034 = VECTOR('',#2035,1.);
#2035 = DIRECTION('',(-1.110223024625E-16,1.,0.));
#2036 = ORIENTED_EDGE('',*,*,#2037,.F.);
#2037 = EDGE_CURVE('',#2038,#2030,#2040,.T.);
#2038 = VERTEX_POINT('',#2039);
#2039 = CARTESIAN_POINT('',(-1.95,-1.7,0.825));
#2040 = LINE('',#2041,#2042);
#2041 = CARTESIAN_POINT('',(-1.95,-2.275,0.825));
#2042 = VECTOR('',#2043,1.);
#2043 = DIRECTION('',(-1.110223024625E-16,1.,0.));
#2044 = ORIENTED_EDGE('',*,*,#2045,.F.);
#2045 = EDGE_CURVE('',#2046,#2038,#2048,.T.);
#2046 = VERTEX_POINT('',#2047);
#2047 = CARTESIAN_POINT('',(-1.95,-2.11,0.825));
#2048 = LINE('',#2049,#2050);
#2049 = CARTESIAN_POINT('',(-1.95,-2.275,0.825));
#2050 = VECTOR('',#2051,1.);
#2051 = DIRECTION('',(-1.110223024625E-16,1.,0.));
#2052 = ORIENTED_EDGE('',*,*,#2053,.F.);
#2053 = EDGE_CURVE('',#2054,#2046,#2056,.T.);
#2054 = VERTEX_POINT('',#2055);
#2055 = CARTESIAN_POINT('',(-1.95,-2.275,0.825));
#2056 = LINE('',#2057,#2058);
#2057 = CARTESIAN_POINT('',(-1.95,-2.275,0.825));
#2058 = VECTOR('',#2059,1.);
#2059 = DIRECTION('',(-1.110223024625E-16,1.,0.));
#2060 = ORIENTED_EDGE('',*,*,#2061,.F.);
#2061 = EDGE_CURVE('',#1883,#2054,#2062,.T.);
#2062 = B_SPLINE_CURVE_WITH_KNOTS('',1,(#2063,#2064),.UNSPECIFIED.,.F.,
  .F.,(2,2),(0.,1.),.PIECEWISE_BEZIER_KNOTS.);
#2063 = CARTESIAN_POINT('',(-1.835171280765,-2.217585640382,0.1));
#2064 = CARTESIAN_POINT('',(-1.95,-2.275,0.825));
#2065 = B_SPLINE_SURFACE_WITH_KNOTS('',1,1,(
    (#2066,#2067)
    ,(#2068,#2069
    )),.UNSPECIFIED.,.F.,.F.,.F.,(2,2),(2,2),(0.,4.55),(0.,1.),
  .PIECEWISE_BEZIER_KNOTS.);
#2066 = CARTESIAN_POINT('',(-1.835171280765,-2.217585640382,0.1));
#2067 = CARTESIAN_POINT('',(-1.95,-2.275,0.825));
#2068 = CARTESIAN_POINT('',(-1.835171280765,2.217585640382,0.1));
#2069 = CARTESIAN_POINT('',(-1.95,2.275,0.825));
#2070 = ADVANCED_FACE('',(#2071),#2152,.F.);
#2071 = FACE_BOUND('',#2072,.F.);
#2072 = EDGE_LOOP('',(#2073,#2074,#2081,#2089,#2097,#2105,#2113,#2121,
    #2129,#2137,#2145,#2151));
#2073 = ORIENTED_EDGE('',*,*,#1858,.T.);
#2074 = ORIENTED_EDGE('',*,*,#2075,.T.);
#2075 = EDGE_CURVE('',#1859,#2076,#2078,.T.);
#2076 = VERTEX_POINT('',#2077);
#2077 = CARTESIAN_POINT('',(1.95,-2.275,0.825));
#2078 = B_SPLINE_CURVE_WITH_KNOTS('',1,(#2079,#2080),.UNSPECIFIED.,.F.,
  .F.,(2,2),(0.,1.),.PIECEWISE_BEZIER_KNOTS.);
#2079 = CARTESIAN_POINT('',(1.835171280765,-2.217585640382,0.1));
#2080 = CARTESIAN_POINT('',(1.95,-2.275,0.825));
#2081 = ORIENTED_EDGE('',*,*,#2082,.F.);
#2082 = EDGE_CURVE('',#2083,#2076,#2085,.T.);
#2083 = VERTEX_POINT('',#2084);
#2084 = CARTESIAN_POINT('',(1.95,-2.11,0.825));
#2085 = LINE('',#2086,#2087);
#2086 = CARTESIAN_POINT('',(1.95,2.275,0.825));
#2087 = VECTOR('',#2088,1.);
#2088 = DIRECTION('',(1.110223024625E-16,-1.,0.));
#2089 = ORIENTED_EDGE('',*,*,#2090,.F.);
#2090 = EDGE_CURVE('',#2091,#2083,#2093,.T.);
#2091 = VERTEX_POINT('',#2092);
#2092 = CARTESIAN_POINT('',(1.95,-1.7,0.825));
#2093 = LINE('',#2094,#2095);
#2094 = CARTESIAN_POINT('',(1.95,2.275,0.825));
#2095 = VECTOR('',#2096,1.);
#2096 = DIRECTION('',(1.110223024625E-16,-1.,0.));
#2097 = ORIENTED_EDGE('',*,*,#2098,.F.);
#2098 = EDGE_CURVE('',#2099,#2091,#2101,.T.);
#2099 = VERTEX_POINT('',#2100);
#2100 = CARTESIAN_POINT('',(1.95,-0.84,0.825));
#2101 = LINE('',#2102,#2103);
#2102 = CARTESIAN_POINT('',(1.95,2.275,0.825));
#2103 = VECTOR('',#2104,1.);
#2104 = DIRECTION('',(1.110223024625E-16,-1.,0.));
#2105 = ORIENTED_EDGE('',*,*,#2106,.F.);
#2106 = EDGE_CURVE('',#2107,#2099,#2109,.T.);
#2107 = VERTEX_POINT('',#2108);
#2108 = CARTESIAN_POINT('',(1.95,-0.43,0.825));
#2109 = LINE('',#2110,#2111);
#2110 = CARTESIAN_POINT('',(1.95,2.275,0.825));
#2111 = VECTOR('',#2112,1.);
#2112 = DIRECTION('',(1.110223024625E-16,-1.,0.));
#2113 = ORIENTED_EDGE('',*,*,#2114,.F.);
#2114 = EDGE_CURVE('',#2115,#2107,#2117,.T.);
#2115 = VERTEX_POINT('',#2116);
#2116 = CARTESIAN_POINT('',(1.95,0.43,0.825));
#2117 = LINE('',#2118,#2119);
#2118 = CARTESIAN_POINT('',(1.95,2.275,0.825));
#2119 = VECTOR('',#2120,1.);
#2120 = DIRECTION('',(1.110223024625E-16,-1.,0.));
#2121 = ORIENTED_EDGE('',*,*,#2122,.F.);
#2122 = EDGE_CURVE('',#2123,#2115,#2125,.T.);
#2123 = VERTEX_POINT('',#2124);
#2124 = CARTESIAN_POINT('',(1.95,0.84,0.825));
#2125 = LINE('',#2126,#2127);
#2126 = CARTESIAN_POINT('',(1.95,2.275,0.825));
#2127 = VECTOR('',#2128,1.);
#2128 = DIRECTION('',(1.110223024625E-16,-1.,0.));
#2129 = ORIENTED_EDGE('',*,*,#2130,.F.);
#2130 = EDGE_CURVE('',#2131,#2123,#2133,.T.);
#2131 = VERTEX_POINT('',#2132);
#2132 = CARTESIAN_POINT('',(1.95,1.7,0.825));
#2133 = LINE('',#2134,#2135);
#2134 = CARTESIAN_POINT('',(1.95,2.275,0.825));
#2135 = VECTOR('',#2136,1.);
#2136 = DIRECTION('',(1.110223024625E-16,-1.,0.));
#2137 = ORIENTED_EDGE('',*,*,#2138,.F.);
#2138 = EDGE_CURVE('',#2139,#2131,#2141,.T.);
#2139 = VERTEX_POINT('',#2140);
#2140 = CARTESIAN_POINT('',(1.95,2.11,0.825));
#2141 = LINE('',#2142,#2143);
#2142 = CARTESIAN_POINT('',(1.95,2.275,0.825));
#2143 = VECTOR('',#2144,1.);
#2144 = DIRECTION('',(1.110223024625E-16,-1.,0.));
#2145 = ORIENTED_EDGE('',*,*,#2146,.F.);
#2146 = EDGE_CURVE('',#1914,#2139,#2147,.T.);
#2147 = LINE('',#2148,#2149);
#2148 = CARTESIAN_POINT('',(1.95,2.275,0.825));
#2149 = VECTOR('',#2150,1.);
#2150 = DIRECTION('',(1.110223024625E-16,-1.,0.));
#2151 = ORIENTED_EDGE('',*,*,#1913,.F.);
#2152 = B_SPLINE_SURFACE_WITH_KNOTS('',1,1,(
    (#2153,#2154)
    ,(#2155,#2156
    )),.UNSPECIFIED.,.F.,.F.,.F.,(2,2),(2,2),(0.,4.55),(0.,1.),
  .PIECEWISE_BEZIER_KNOTS.);
#2153 = CARTESIAN_POINT('',(1.835171280765,2.217585640382,0.1));
#2154 = CARTESIAN_POINT('',(1.95,2.275,0.825));
#2155 = CARTESIAN_POINT('',(1.835171280765,-2.217585640382,0.1));
#2156 = CARTESIAN_POINT('',(1.95,-2.275,0.825));
#2157 = ADVANCED_FACE('',(#2158),#2175,.F.);
#2158 = FACE_BOUND('',#2159,.F.);
#2159 = EDGE_LOOP('',(#2160,#2161,#2162,#2170));
#2160 = ORIENTED_EDGE('',*,*,#1882,.T.);
#2161 = ORIENTED_EDGE('',*,*,#2061,.T.);
#2162 = ORIENTED_EDGE('',*,*,#2163,.F.);
#2163 = EDGE_CURVE('',#2164,#2054,#2166,.T.);
#2164 = VERTEX_POINT('',#2165);
#2165 = CARTESIAN_POINT('',(-1.775,-2.45,0.825));
#2166 = LINE('',#2167,#2168);
#2167 = CARTESIAN_POINT('',(-1.775,-2.45,0.825));
#2168 = VECTOR('',#2169,1.);
#2169 = DIRECTION('',(-0.707106781187,0.707106781187,0.));
#2170 = ORIENTED_EDGE('',*,*,#2171,.F.);
#2171 = EDGE_CURVE('',#1875,#2164,#2172,.T.);
#2172 = B_SPLINE_CURVE_WITH_KNOTS('',1,(#2173,#2174),.UNSPECIFIED.,.F.,
  .F.,(2,2),(0.,1.),.PIECEWISE_BEZIER_KNOTS.);
#2173 = CARTESIAN_POINT('',(-1.717585640382,-2.335171280765,0.1));
#2174 = CARTESIAN_POINT('',(-1.775,-2.45,0.825));
#2175 = B_SPLINE_SURFACE_WITH_KNOTS('',1,1,(
    (#2176,#2177)
    ,(#2178,#2179
    )),.UNSPECIFIED.,.F.,.F.,.F.,(2,2),(2,2),(0.,0.247487373415),(0.,1.)
  ,.PIECEWISE_BEZIER_KNOTS.);
#2176 = CARTESIAN_POINT('',(-1.717585640382,-2.335171280765,0.1));
#2177 = CARTESIAN_POINT('',(-1.775,-2.45,0.825));
#2178 = CARTESIAN_POINT('',(-1.835171280765,-2.217585640382,0.1));
#2179 = CARTESIAN_POINT('',(-1.95,-2.275,0.825));
#2180 = ADVANCED_FACE('',(#2181),#2198,.F.);
#2181 = FACE_BOUND('',#2182,.F.);
#2182 = EDGE_LOOP('',(#2183,#2184,#2191,#2197));
#2183 = ORIENTED_EDGE('',*,*,#1866,.T.);
#2184 = ORIENTED_EDGE('',*,*,#2185,.T.);
#2185 = EDGE_CURVE('',#1867,#2186,#2188,.T.);
#2186 = VERTEX_POINT('',#2187);
#2187 = CARTESIAN_POINT('',(1.775,-2.45,0.825));
#2188 = B_SPLINE_CURVE_WITH_KNOTS('',1,(#2189,#2190),.UNSPECIFIED.,.F.,
  .F.,(2,2),(0.,1.),.PIECEWISE_BEZIER_KNOTS.);
#2189 = CARTESIAN_POINT('',(1.717585640382,-2.335171280765,0.1));
#2190 = CARTESIAN_POINT('',(1.775,-2.45,0.825));
#2191 = ORIENTED_EDGE('',*,*,#2192,.F.);
#2192 = EDGE_CURVE('',#2076,#2186,#2193,.T.);
#2193 = LINE('',#2194,#2195);
#2194 = CARTESIAN_POINT('',(1.95,-2.275,0.825));
#2195 = VECTOR('',#2196,1.);
#2196 = DIRECTION('',(-0.707106781187,-0.707106781187,0.));
#2197 = ORIENTED_EDGE('',*,*,#2075,.F.);
#2198 = B_SPLINE_SURFACE_WITH_KNOTS('',1,1,(
    (#2199,#2200)
    ,(#2201,#2202
    )),.UNSPECIFIED.,.F.,.F.,.F.,(2,2),(2,2),(0.,0.247487373415),(0.,1.)
  ,.PIECEWISE_BEZIER_KNOTS.);
#2199 = CARTESIAN_POINT('',(1.835171280765,-2.217585640382,0.1));
#2200 = CARTESIAN_POINT('',(1.95,-2.275,0.825));
#2201 = CARTESIAN_POINT('',(1.717585640382,-2.335171280765,0.1));
#2202 = CARTESIAN_POINT('',(1.775,-2.45,0.825));
#2203 = ADVANCED_FACE('',(#2204),#2215,.F.);
#2204 = FACE_BOUND('',#2205,.F.);
#2205 = EDGE_LOOP('',(#2206,#2207,#2208,#2214));
#2206 = ORIENTED_EDGE('',*,*,#1874,.T.);
#2207 = ORIENTED_EDGE('',*,*,#2171,.T.);
#2208 = ORIENTED_EDGE('',*,*,#2209,.F.);
#2209 = EDGE_CURVE('',#2186,#2164,#2210,.T.);
#2210 = LINE('',#2211,#2212);
#2211 = CARTESIAN_POINT('',(1.775,-2.45,0.825));
#2212 = VECTOR('',#2213,1.);
#2213 = DIRECTION('',(-1.,-1.110223024625E-16,0.));
#2214 = ORIENTED_EDGE('',*,*,#2185,.F.);
#2215 = B_SPLINE_SURFACE_WITH_KNOTS('',1,1,(
    (#2216,#2217)
    ,(#2218,#2219
    )),.UNSPECIFIED.,.F.,.F.,.F.,(2,2),(2,2),(0.,3.55),(0.,1.),
  .PIECEWISE_BEZIER_KNOTS.);
#2216 = CARTESIAN_POINT('',(1.717585640382,-2.335171280765,0.1));
#2217 = CARTESIAN_POINT('',(1.775,-2.45,0.825));
#2218 = CARTESIAN_POINT('',(-1.717585640382,-2.335171280765,0.1));
#2219 = CARTESIAN_POINT('',(-1.775,-2.45,0.825));
#2220 = ADVANCED_FACE('',(#2221),#2238,.F.);
#2221 = FACE_BOUND('',#2222,.F.);
#2222 = EDGE_LOOP('',(#2223,#2224,#2231,#2237));
#2223 = ORIENTED_EDGE('',*,*,#1920,.T.);
#2224 = ORIENTED_EDGE('',*,*,#2225,.T.);
#2225 = EDGE_CURVE('',#1914,#2226,#2228,.T.);
#2226 = VERTEX_POINT('',#2227);
#2227 = CARTESIAN_POINT('',(1.95,2.275,1.025));
#2228 = B_SPLINE_CURVE_WITH_KNOTS('',1,(#2229,#2230),.UNSPECIFIED.,.F.,
  .F.,(2,2),(0.,1.),.PIECEWISE_BEZIER_KNOTS.);
#2229 = CARTESIAN_POINT('',(1.95,2.275,0.825));
#2230 = CARTESIAN_POINT('',(1.95,2.275,1.025));
#2231 = ORIENTED_EDGE('',*,*,#2232,.F.);
#2232 = EDGE_CURVE('',#1937,#2226,#2233,.T.);
#2233 = LINE('',#2234,#2235);
#2234 = CARTESIAN_POINT('',(1.775,2.45,1.025));
#2235 = VECTOR('',#2236,1.);
#2236 = DIRECTION('',(0.707106781187,-0.707106781187,0.));
#2237 = ORIENTED_EDGE('',*,*,#1936,.F.);
#2238 = PLANE('',#2239);
#2239 = AXIS2_PLACEMENT_3D('',#2240,#2241,#2242);
#2240 = CARTESIAN_POINT('',(1.775,2.45,1.025));
#2241 = DIRECTION('',(-0.707106781187,-0.707106781187,0.));
#2242 = DIRECTION('',(0.707106781187,-0.707106781187,0.));
#2243 = ADVANCED_FACE('',(#2244),#2326,.F.);
#2244 = FACE_BOUND('',#2245,.F.);
#2245 = EDGE_LOOP('',(#2246,#2254,#2255,#2256,#2264,#2272,#2280,#2288,
    #2296,#2304,#2312,#2320));
#2246 = ORIENTED_EDGE('',*,*,#2247,.T.);
#2247 = EDGE_CURVE('',#2248,#1944,#2250,.T.);
#2248 = VERTEX_POINT('',#2249);
#2249 = CARTESIAN_POINT('',(-1.95,2.275,1.025));
#2250 = LINE('',#2251,#2252);
#2251 = CARTESIAN_POINT('',(-1.95,2.275,1.025));
#2252 = VECTOR('',#2253,1.);
#2253 = DIRECTION('',(0.707106781187,0.707106781187,0.));
#2254 = ORIENTED_EDGE('',*,*,#1943,.T.);
#2255 = ORIENTED_EDGE('',*,*,#2232,.T.);
#2256 = ORIENTED_EDGE('',*,*,#2257,.T.);
#2257 = EDGE_CURVE('',#2226,#2258,#2260,.T.);
#2258 = VERTEX_POINT('',#2259);
#2259 = CARTESIAN_POINT('',(1.95,2.11,1.025));
#2260 = LINE('',#2261,#2262);
#2261 = CARTESIAN_POINT('',(1.95,2.275,1.025));
#2262 = VECTOR('',#2263,1.);
#2263 = DIRECTION('',(1.110223024625E-16,-1.,0.));
#2264 = ORIENTED_EDGE('',*,*,#2265,.T.);
#2265 = EDGE_CURVE('',#2258,#2266,#2268,.T.);
#2266 = VERTEX_POINT('',#2267);
#2267 = CARTESIAN_POINT('',(1.875,2.11,1.025));
#2268 = LINE('',#2269,#2270);
#2269 = CARTESIAN_POINT('',(2.25,2.11,1.025));
#2270 = VECTOR('',#2271,1.);
#2271 = DIRECTION('',(-1.,-1.110223024625E-16,0.));
#2272 = ORIENTED_EDGE('',*,*,#2273,.F.);
#2273 = EDGE_CURVE('',#2274,#2266,#2276,.T.);
#2274 = VERTEX_POINT('',#2275);
#2275 = CARTESIAN_POINT('',(1.875,2.2375,1.025));
#2276 = LINE('',#2277,#2278);
#2277 = CARTESIAN_POINT('',(1.875,2.2375,1.025));
#2278 = VECTOR('',#2279,1.);
#2279 = DIRECTION('',(1.110223024625E-16,-1.,0.));
#2280 = ORIENTED_EDGE('',*,*,#2281,.F.);
#2281 = EDGE_CURVE('',#2282,#2274,#2284,.T.);
#2282 = VERTEX_POINT('',#2283);
#2283 = CARTESIAN_POINT('',(1.7375,2.375,1.025));
#2284 = LINE('',#2285,#2286);
#2285 = CARTESIAN_POINT('',(1.7375,2.375,1.025));
#2286 = VECTOR('',#2287,1.);
#2287 = DIRECTION('',(0.707106781187,-0.707106781187,0.));
#2288 = ORIENTED_EDGE('',*,*,#2289,.F.);
#2289 = EDGE_CURVE('',#2290,#2282,#2292,.T.);
#2290 = VERTEX_POINT('',#2291);
#2291 = CARTESIAN_POINT('',(-1.7375,2.375,1.025));
#2292 = LINE('',#2293,#2294);
#2293 = CARTESIAN_POINT('',(-1.7375,2.375,1.025));
#2294 = VECTOR('',#2295,1.);
#2295 = DIRECTION('',(1.,1.110223024625E-16,0.));
#2296 = ORIENTED_EDGE('',*,*,#2297,.F.);
#2297 = EDGE_CURVE('',#2298,#2290,#2300,.T.);
#2298 = VERTEX_POINT('',#2299);
#2299 = CARTESIAN_POINT('',(-1.875,2.2375,1.025));
#2300 = LINE('',#2301,#2302);
#2301 = CARTESIAN_POINT('',(-1.875,2.2375,1.025));
#2302 = VECTOR('',#2303,1.);
#2303 = DIRECTION('',(0.707106781187,0.707106781187,0.));
#2304 = ORIENTED_EDGE('',*,*,#2305,.F.);
#2305 = EDGE_CURVE('',#2306,#2298,#2308,.T.);
#2306 = VERTEX_POINT('',#2307);
#2307 = CARTESIAN_POINT('',(-1.875,2.11,1.025));
#2308 = LINE('',#2309,#2310);
#2309 = CARTESIAN_POINT('',(-1.875,-2.2375,1.025));
#2310 = VECTOR('',#2311,1.);
#2311 = DIRECTION('',(-1.110223024625E-16,1.,0.));
#2312 = ORIENTED_EDGE('',*,*,#2313,.F.);
#2313 = EDGE_CURVE('',#2314,#2306,#2316,.T.);
#2314 = VERTEX_POINT('',#2315);
#2315 = CARTESIAN_POINT('',(-1.95,2.11,1.025));
#2316 = LINE('',#2317,#2318);
#2317 = CARTESIAN_POINT('',(-2.25,2.11,1.025));
#2318 = VECTOR('',#2319,1.);
#2319 = DIRECTION('',(1.,-1.144237745222E-17,0.));
#2320 = ORIENTED_EDGE('',*,*,#2321,.T.);
#2321 = EDGE_CURVE('',#2314,#2248,#2322,.T.);
#2322 = LINE('',#2323,#2324);
#2323 = CARTESIAN_POINT('',(-1.95,-2.275,1.025));
#2324 = VECTOR('',#2325,1.);
#2325 = DIRECTION('',(-1.110223024625E-16,1.,0.));
#2326 = PLANE('',#2327);
#2327 = AXIS2_PLACEMENT_3D('',#2328,#2329,#2330);
#2328 = CARTESIAN_POINT('',(-3.027078129022E-16,2.4125,1.025));
#2329 = DIRECTION('',(2.007919022429E-31,-7.713306628828E-27,-1.));
#2330 = DIRECTION('',(1.,1.112083013911E-16,2.00791902242E-31));
#2331 = ADVANCED_FACE('',(#2332),#2342,.F.);
#2332 = FACE_BOUND('',#2333,.F.);
#2333 = EDGE_LOOP('',(#2334,#2335,#2336,#2337));
#2334 = ORIENTED_EDGE('',*,*,#1966,.T.);
#2335 = ORIENTED_EDGE('',*,*,#1951,.T.);
#2336 = ORIENTED_EDGE('',*,*,#2247,.F.);
#2337 = ORIENTED_EDGE('',*,*,#2338,.F.);
#2338 = EDGE_CURVE('',#1967,#2248,#2339,.T.);
#2339 = B_SPLINE_CURVE_WITH_KNOTS('',1,(#2340,#2341),.UNSPECIFIED.,.F.,
  .F.,(2,2),(0.,1.),.PIECEWISE_BEZIER_KNOTS.);
#2340 = CARTESIAN_POINT('',(-1.95,2.275,0.825));
#2341 = CARTESIAN_POINT('',(-1.95,2.275,1.025));
#2342 = PLANE('',#2343);
#2343 = AXIS2_PLACEMENT_3D('',#2344,#2345,#2346);
#2344 = CARTESIAN_POINT('',(-1.95,2.275,1.025));
#2345 = DIRECTION('',(0.707106781187,-0.707106781187,0.));
#2346 = DIRECTION('',(0.707106781187,0.707106781187,0.));
#2347 = ADVANCED_FACE('',(#2348),#2372,.F.);
#2348 = FACE_BOUND('',#2349,.F.);
#2349 = EDGE_LOOP('',(#2350,#2357,#2358,#2366));
#2350 = ORIENTED_EDGE('',*,*,#2351,.F.);
#2351 = EDGE_CURVE('',#2054,#2352,#2354,.T.);
#2352 = VERTEX_POINT('',#2353);
#2353 = CARTESIAN_POINT('',(-1.95,-2.275,1.025));
#2354 = B_SPLINE_CURVE_WITH_KNOTS('',1,(#2355,#2356),.UNSPECIFIED.,.F.,
  .F.,(2,2),(0.,1.),.PIECEWISE_BEZIER_KNOTS.);
#2355 = CARTESIAN_POINT('',(-1.95,-2.275,0.825));
#2356 = CARTESIAN_POINT('',(-1.95,-2.275,1.025));
#2357 = ORIENTED_EDGE('',*,*,#2053,.T.);
#2358 = ORIENTED_EDGE('',*,*,#2359,.T.);
#2359 = EDGE_CURVE('',#2046,#2360,#2362,.T.);
#2360 = VERTEX_POINT('',#2361);
#2361 = CARTESIAN_POINT('',(-1.95,-2.11,1.025));
#2362 = LINE('',#2363,#2364);
#2363 = CARTESIAN_POINT('',(-1.95,-2.11,0.786976568901));
#2364 = VECTOR('',#2365,1.);
#2365 = DIRECTION('',(0.,0.,1.));
#2366 = ORIENTED_EDGE('',*,*,#2367,.F.);
#2367 = EDGE_CURVE('',#2352,#2360,#2368,.T.);
#2368 = LINE('',#2369,#2370);
#2369 = CARTESIAN_POINT('',(-1.95,-2.275,1.025));
#2370 = VECTOR('',#2371,1.);
#2371 = DIRECTION('',(-1.110223024625E-16,1.,0.));
#2372 = PLANE('',#2373);
#2373 = AXIS2_PLACEMENT_3D('',#2374,#2375,#2376);
#2374 = CARTESIAN_POINT('',(-1.95,-2.275,1.025));
#2375 = DIRECTION('',(1.,1.110223024625E-16,0.));
#2376 = DIRECTION('',(-1.110223024625E-16,1.,0.));
#2377 = ADVANCED_FACE('',(#2378),#2403,.F.);
#2378 = FACE_BOUND('',#2379,.F.);
#2379 = EDGE_LOOP('',(#2380,#2388,#2389,#2397));
#2380 = ORIENTED_EDGE('',*,*,#2381,.F.);
#2381 = EDGE_CURVE('',#2046,#2382,#2384,.T.);
#2382 = VERTEX_POINT('',#2383);
#2383 = CARTESIAN_POINT('',(-2.25,-2.11,0.825));
#2384 = LINE('',#2385,#2386);
#2385 = CARTESIAN_POINT('',(-1.8,-2.11,0.825));
#2386 = VECTOR('',#2387,1.);
#2387 = DIRECTION('',(-1.,1.144237745222E-17,0.));
#2388 = ORIENTED_EDGE('',*,*,#2045,.T.);
#2389 = ORIENTED_EDGE('',*,*,#2390,.T.);
#2390 = EDGE_CURVE('',#2038,#2391,#2393,.T.);
#2391 = VERTEX_POINT('',#2392);
#2392 = CARTESIAN_POINT('',(-2.25,-1.7,0.825));
#2393 = LINE('',#2394,#2395);
#2394 = CARTESIAN_POINT('',(-1.8,-1.7,0.825));
#2395 = VECTOR('',#2396,1.);
#2396 = DIRECTION('',(-1.,1.144237745222E-17,0.));
#2397 = ORIENTED_EDGE('',*,*,#2398,.F.);
#2398 = EDGE_CURVE('',#2382,#2391,#2399,.T.);
#2399 = LINE('',#2400,#2401);
#2400 = CARTESIAN_POINT('',(-2.25,-2.11,0.825));
#2401 = VECTOR('',#2402,1.);
#2402 = DIRECTION('',(1.144237745222E-17,1.,0.));
#2403 = PLANE('',#2404);
#2404 = AXIS2_PLACEMENT_3D('',#2405,#2406,#2407);
#2405 = CARTESIAN_POINT('',(-1.8,-2.11,0.825));
#2406 = DIRECTION('',(0.,0.,1.));
#2407 = DIRECTION('',(-1.,1.144237745222E-17,0.));
#2408 = ADVANCED_FACE('',(#2409),#2434,.F.);
#2409 = FACE_BOUND('',#2410,.F.);
#2410 = EDGE_LOOP('',(#2411,#2419,#2420,#2428));
#2411 = ORIENTED_EDGE('',*,*,#2412,.F.);
#2412 = EDGE_CURVE('',#2038,#2413,#2415,.T.);
#2413 = VERTEX_POINT('',#2414);
#2414 = CARTESIAN_POINT('',(-1.95,-1.7,1.025));
#2415 = LINE('',#2416,#2417);
#2416 = CARTESIAN_POINT('',(-1.95,-1.7,0.786976568901));
#2417 = VECTOR('',#2418,1.);
#2418 = DIRECTION('',(0.,0.,1.));
#2419 = ORIENTED_EDGE('',*,*,#2037,.T.);
#2420 = ORIENTED_EDGE('',*,*,#2421,.T.);
#2421 = EDGE_CURVE('',#2030,#2422,#2424,.T.);
#2422 = VERTEX_POINT('',#2423);
#2423 = CARTESIAN_POINT('',(-1.95,-0.84,1.025));
#2424 = LINE('',#2425,#2426);
#2425 = CARTESIAN_POINT('',(-1.95,-0.84,0.786976568901));
#2426 = VECTOR('',#2427,1.);
#2427 = DIRECTION('',(0.,0.,1.));
#2428 = ORIENTED_EDGE('',*,*,#2429,.F.);
#2429 = EDGE_CURVE('',#2413,#2422,#2430,.T.);
#2430 = LINE('',#2431,#2432);
#2431 = CARTESIAN_POINT('',(-1.95,-2.275,1.025));
#2432 = VECTOR('',#2433,1.);
#2433 = DIRECTION('',(-1.110223024625E-16,1.,0.));
#2434 = PLANE('',#2435);
#2435 = AXIS2_PLACEMENT_3D('',#2436,#2437,#2438);
#2436 = CARTESIAN_POINT('',(-1.95,-2.275,1.025));
#2437 = DIRECTION('',(1.,1.110223024625E-16,0.));
#2438 = DIRECTION('',(-1.110223024625E-16,1.,0.));
#2439 = ADVANCED_FACE('',(#2440),#2465,.F.);
#2440 = FACE_BOUND('',#2441,.F.);
#2441 = EDGE_LOOP('',(#2442,#2450,#2451,#2459));
#2442 = ORIENTED_EDGE('',*,*,#2443,.F.);
#2443 = EDGE_CURVE('',#2030,#2444,#2446,.T.);
#2444 = VERTEX_POINT('',#2445);
#2445 = CARTESIAN_POINT('',(-2.25,-0.84,0.825));
#2446 = LINE('',#2447,#2448);
#2447 = CARTESIAN_POINT('',(-1.8,-0.84,0.825));
#2448 = VECTOR('',#2449,1.);
#2449 = DIRECTION('',(-1.,1.144237745222E-17,0.));
#2450 = ORIENTED_EDGE('',*,*,#2029,.T.);
#2451 = ORIENTED_EDGE('',*,*,#2452,.T.);
#2452 = EDGE_CURVE('',#2022,#2453,#2455,.T.);
#2453 = VERTEX_POINT('',#2454);
#2454 = CARTESIAN_POINT('',(-2.25,-0.43,0.825));
#2455 = LINE('',#2456,#2457);
#2456 = CARTESIAN_POINT('',(-1.8,-0.43,0.825));
#2457 = VECTOR('',#2458,1.);
#2458 = DIRECTION('',(-1.,1.144237745222E-17,0.));
#2459 = ORIENTED_EDGE('',*,*,#2460,.F.);
#2460 = EDGE_CURVE('',#2444,#2453,#2461,.T.);
#2461 = LINE('',#2462,#2463);
#2462 = CARTESIAN_POINT('',(-2.25,-0.84,0.825));
#2463 = VECTOR('',#2464,1.);
#2464 = DIRECTION('',(1.144237745222E-17,1.,0.));
#2465 = PLANE('',#2466);
#2466 = AXIS2_PLACEMENT_3D('',#2467,#2468,#2469);
#2467 = CARTESIAN_POINT('',(-1.8,-0.84,0.825));
#2468 = DIRECTION('',(0.,0.,1.));
#2469 = DIRECTION('',(-1.,1.144237745222E-17,0.));
#2470 = ADVANCED_FACE('',(#2471),#2496,.F.);
#2471 = FACE_BOUND('',#2472,.F.);
#2472 = EDGE_LOOP('',(#2473,#2481,#2482,#2490));
#2473 = ORIENTED_EDGE('',*,*,#2474,.F.);
#2474 = EDGE_CURVE('',#2022,#2475,#2477,.T.);
#2475 = VERTEX_POINT('',#2476);
#2476 = CARTESIAN_POINT('',(-1.95,-0.43,1.025));
#2477 = LINE('',#2478,#2479);
#2478 = CARTESIAN_POINT('',(-1.95,-0.43,0.786976568901));
#2479 = VECTOR('',#2480,1.);
#2480 = DIRECTION('',(0.,0.,1.));
#2481 = ORIENTED_EDGE('',*,*,#2021,.T.);
#2482 = ORIENTED_EDGE('',*,*,#2483,.T.);
#2483 = EDGE_CURVE('',#2014,#2484,#2486,.T.);
#2484 = VERTEX_POINT('',#2485);
#2485 = CARTESIAN_POINT('',(-1.95,0.43,1.025));
#2486 = LINE('',#2487,#2488);
#2487 = CARTESIAN_POINT('',(-1.95,0.43,0.786976568901));
#2488 = VECTOR('',#2489,1.);
#2489 = DIRECTION('',(0.,0.,1.));
#2490 = ORIENTED_EDGE('',*,*,#2491,.F.);
#2491 = EDGE_CURVE('',#2475,#2484,#2492,.T.);
#2492 = LINE('',#2493,#2494);
#2493 = CARTESIAN_POINT('',(-1.95,-2.275,1.025));
#2494 = VECTOR('',#2495,1.);
#2495 = DIRECTION('',(-1.110223024625E-16,1.,0.));
#2496 = PLANE('',#2497);
#2497 = AXIS2_PLACEMENT_3D('',#2498,#2499,#2500);
#2498 = CARTESIAN_POINT('',(-1.95,-2.275,1.025));
#2499 = DIRECTION('',(1.,1.110223024625E-16,0.));
#2500 = DIRECTION('',(-1.110223024625E-16,1.,0.));
#2501 = ADVANCED_FACE('',(#2502),#2527,.F.);
#2502 = FACE_BOUND('',#2503,.F.);
#2503 = EDGE_LOOP('',(#2504,#2512,#2513,#2521));
#2504 = ORIENTED_EDGE('',*,*,#2505,.F.);
#2505 = EDGE_CURVE('',#2014,#2506,#2508,.T.);
#2506 = VERTEX_POINT('',#2507);
#2507 = CARTESIAN_POINT('',(-2.25,0.43,0.825));
#2508 = LINE('',#2509,#2510);
#2509 = CARTESIAN_POINT('',(-1.8,0.43,0.825));
#2510 = VECTOR('',#2511,1.);
#2511 = DIRECTION('',(-1.,1.144237745222E-17,0.));
#2512 = ORIENTED_EDGE('',*,*,#2013,.T.);
#2513 = ORIENTED_EDGE('',*,*,#2514,.T.);
#2514 = EDGE_CURVE('',#2006,#2515,#2517,.T.);
#2515 = VERTEX_POINT('',#2516);
#2516 = CARTESIAN_POINT('',(-2.25,0.84,0.825));
#2517 = LINE('',#2518,#2519);
#2518 = CARTESIAN_POINT('',(-1.8,0.84,0.825));
#2519 = VECTOR('',#2520,1.);
#2520 = DIRECTION('',(-1.,1.144237745222E-17,0.));
#2521 = ORIENTED_EDGE('',*,*,#2522,.F.);
#2522 = EDGE_CURVE('',#2506,#2515,#2523,.T.);
#2523 = LINE('',#2524,#2525);
#2524 = CARTESIAN_POINT('',(-2.25,0.43,0.825));
#2525 = VECTOR('',#2526,1.);
#2526 = DIRECTION('',(1.144237745222E-17,1.,0.));
#2527 = PLANE('',#2528);
#2528 = AXIS2_PLACEMENT_3D('',#2529,#2530,#2531);
#2529 = CARTESIAN_POINT('',(-1.8,0.43,0.825));
#2530 = DIRECTION('',(0.,0.,1.));
#2531 = DIRECTION('',(-1.,1.144237745222E-17,0.));
#2532 = ADVANCED_FACE('',(#2533),#2558,.F.);
#2533 = FACE_BOUND('',#2534,.F.);
#2534 = EDGE_LOOP('',(#2535,#2543,#2544,#2552));
#2535 = ORIENTED_EDGE('',*,*,#2536,.F.);
#2536 = EDGE_CURVE('',#2006,#2537,#2539,.T.);
#2537 = VERTEX_POINT('',#2538);
#2538 = CARTESIAN_POINT('',(-1.95,0.84,1.025));
#2539 = LINE('',#2540,#2541);
#2540 = CARTESIAN_POINT('',(-1.95,0.84,0.786976568901));
#2541 = VECTOR('',#2542,1.);
#2542 = DIRECTION('',(0.,0.,1.));
#2543 = ORIENTED_EDGE('',*,*,#2005,.T.);
#2544 = ORIENTED_EDGE('',*,*,#2545,.T.);
#2545 = EDGE_CURVE('',#1998,#2546,#2548,.T.);
#2546 = VERTEX_POINT('',#2547);
#2547 = CARTESIAN_POINT('',(-1.95,1.7,1.025));
#2548 = LINE('',#2549,#2550);
#2549 = CARTESIAN_POINT('',(-1.95,1.7,0.786976568901));
#2550 = VECTOR('',#2551,1.);
#2551 = DIRECTION('',(0.,0.,1.));
#2552 = ORIENTED_EDGE('',*,*,#2553,.F.);
#2553 = EDGE_CURVE('',#2537,#2546,#2554,.T.);
#2554 = LINE('',#2555,#2556);
#2555 = CARTESIAN_POINT('',(-1.95,-2.275,1.025));
#2556 = VECTOR('',#2557,1.);
#2557 = DIRECTION('',(-1.110223024625E-16,1.,0.));
#2558 = PLANE('',#2559);
#2559 = AXIS2_PLACEMENT_3D('',#2560,#2561,#2562);
#2560 = CARTESIAN_POINT('',(-1.95,-2.275,1.025));
#2561 = DIRECTION('',(1.,1.110223024625E-16,0.));
#2562 = DIRECTION('',(-1.110223024625E-16,1.,0.));
#2563 = ADVANCED_FACE('',(#2564),#2589,.F.);
#2564 = FACE_BOUND('',#2565,.F.);
#2565 = EDGE_LOOP('',(#2566,#2574,#2575,#2583));
#2566 = ORIENTED_EDGE('',*,*,#2567,.F.);
#2567 = EDGE_CURVE('',#1998,#2568,#2570,.T.);
#2568 = VERTEX_POINT('',#2569);
#2569 = CARTESIAN_POINT('',(-2.25,1.7,0.825));
#2570 = LINE('',#2571,#2572);
#2571 = CARTESIAN_POINT('',(-1.8,1.7,0.825));
#2572 = VECTOR('',#2573,1.);
#2573 = DIRECTION('',(-1.,1.144237745222E-17,0.));
#2574 = ORIENTED_EDGE('',*,*,#1997,.T.);
#2575 = ORIENTED_EDGE('',*,*,#2576,.T.);
#2576 = EDGE_CURVE('',#1990,#2577,#2579,.T.);
#2577 = VERTEX_POINT('',#2578);
#2578 = CARTESIAN_POINT('',(-2.25,2.11,0.825));
#2579 = LINE('',#2580,#2581);
#2580 = CARTESIAN_POINT('',(-1.8,2.11,0.825));
#2581 = VECTOR('',#2582,1.);
#2582 = DIRECTION('',(-1.,1.144237745222E-17,0.));
#2583 = ORIENTED_EDGE('',*,*,#2584,.F.);
#2584 = EDGE_CURVE('',#2568,#2577,#2585,.T.);
#2585 = LINE('',#2586,#2587);
#2586 = CARTESIAN_POINT('',(-2.25,1.7,0.825));
#2587 = VECTOR('',#2588,1.);
#2588 = DIRECTION('',(1.144237745222E-17,1.,0.));
#2589 = PLANE('',#2590);
#2590 = AXIS2_PLACEMENT_3D('',#2591,#2592,#2593);
#2591 = CARTESIAN_POINT('',(-1.8,1.7,0.825));
#2592 = DIRECTION('',(0.,0.,1.));
#2593 = DIRECTION('',(-1.,1.144237745222E-17,0.));
#2594 = ADVANCED_FACE('',(#2595),#2606,.F.);
#2595 = FACE_BOUND('',#2596,.F.);
#2596 = EDGE_LOOP('',(#2597,#2603,#2604,#2605));
#2597 = ORIENTED_EDGE('',*,*,#2598,.F.);
#2598 = EDGE_CURVE('',#1990,#2314,#2599,.T.);
#2599 = LINE('',#2600,#2601);
#2600 = CARTESIAN_POINT('',(-1.95,2.11,0.786976568901));
#2601 = VECTOR('',#2602,1.);
#2602 = DIRECTION('',(0.,0.,1.));
#2603 = ORIENTED_EDGE('',*,*,#1989,.T.);
#2604 = ORIENTED_EDGE('',*,*,#2338,.T.);
#2605 = ORIENTED_EDGE('',*,*,#2321,.F.);
#2606 = PLANE('',#2607);
#2607 = AXIS2_PLACEMENT_3D('',#2608,#2609,#2610);
#2608 = CARTESIAN_POINT('',(-1.95,-2.275,1.025));
#2609 = DIRECTION('',(1.,1.110223024625E-16,0.));
#2610 = DIRECTION('',(-1.110223024625E-16,1.,0.));
#2611 = ADVANCED_FACE('',(#2612),#2623,.F.);
#2612 = FACE_BOUND('',#2613,.F.);
#2613 = EDGE_LOOP('',(#2614,#2615,#2616,#2622));
#2614 = ORIENTED_EDGE('',*,*,#2225,.F.);
#2615 = ORIENTED_EDGE('',*,*,#2146,.T.);
#2616 = ORIENTED_EDGE('',*,*,#2617,.T.);
#2617 = EDGE_CURVE('',#2139,#2258,#2618,.T.);
#2618 = LINE('',#2619,#2620);
#2619 = CARTESIAN_POINT('',(1.95,2.11,0.786976568901));
#2620 = VECTOR('',#2621,1.);
#2621 = DIRECTION('',(0.,0.,1.));
#2622 = ORIENTED_EDGE('',*,*,#2257,.F.);
#2623 = PLANE('',#2624);
#2624 = AXIS2_PLACEMENT_3D('',#2625,#2626,#2627);
#2625 = CARTESIAN_POINT('',(1.95,2.275,1.025));
#2626 = DIRECTION('',(-1.,-1.110223024625E-16,0.));
#2627 = DIRECTION('',(1.110223024625E-16,-1.,0.));
#2628 = ADVANCED_FACE('',(#2629),#2654,.F.);
#2629 = FACE_BOUND('',#2630,.F.);
#2630 = EDGE_LOOP('',(#2631,#2639,#2640,#2648));
#2631 = ORIENTED_EDGE('',*,*,#2632,.F.);
#2632 = EDGE_CURVE('',#2139,#2633,#2635,.T.);
#2633 = VERTEX_POINT('',#2634);
#2634 = CARTESIAN_POINT('',(2.25,2.11,0.825));
#2635 = LINE('',#2636,#2637);
#2636 = CARTESIAN_POINT('',(1.8,2.11,0.825));
#2637 = VECTOR('',#2638,1.);
#2638 = DIRECTION('',(1.,1.110223024625E-16,0.));
#2639 = ORIENTED_EDGE('',*,*,#2138,.T.);
#2640 = ORIENTED_EDGE('',*,*,#2641,.T.);
#2641 = EDGE_CURVE('',#2131,#2642,#2644,.T.);
#2642 = VERTEX_POINT('',#2643);
#2643 = CARTESIAN_POINT('',(2.25,1.7,0.825));
#2644 = LINE('',#2645,#2646);
#2645 = CARTESIAN_POINT('',(1.8,1.7,0.825));
#2646 = VECTOR('',#2647,1.);
#2647 = DIRECTION('',(1.,1.110223024625E-16,0.));
#2648 = ORIENTED_EDGE('',*,*,#2649,.F.);
#2649 = EDGE_CURVE('',#2633,#2642,#2650,.T.);
#2650 = LINE('',#2651,#2652);
#2651 = CARTESIAN_POINT('',(2.25,2.11,0.825));
#2652 = VECTOR('',#2653,1.);
#2653 = DIRECTION('',(1.110223024625E-16,-1.,0.));
#2654 = PLANE('',#2655);
#2655 = AXIS2_PLACEMENT_3D('',#2656,#2657,#2658);
#2656 = CARTESIAN_POINT('',(1.8,2.11,0.825));
#2657 = DIRECTION('',(0.,0.,1.));
#2658 = DIRECTION('',(1.,1.110223024625E-16,-0.));
#2659 = ADVANCED_FACE('',(#2660),#2685,.F.);
#2660 = FACE_BOUND('',#2661,.F.);
#2661 = EDGE_LOOP('',(#2662,#2670,#2671,#2679));
#2662 = ORIENTED_EDGE('',*,*,#2663,.F.);
#2663 = EDGE_CURVE('',#2131,#2664,#2666,.T.);
#2664 = VERTEX_POINT('',#2665);
#2665 = CARTESIAN_POINT('',(1.95,1.7,1.025));
#2666 = LINE('',#2667,#2668);
#2667 = CARTESIAN_POINT('',(1.95,1.7,0.786976568901));
#2668 = VECTOR('',#2669,1.);
#2669 = DIRECTION('',(0.,0.,1.));
#2670 = ORIENTED_EDGE('',*,*,#2130,.T.);
#2671 = ORIENTED_EDGE('',*,*,#2672,.T.);
#2672 = EDGE_CURVE('',#2123,#2673,#2675,.T.);
#2673 = VERTEX_POINT('',#2674);
#2674 = CARTESIAN_POINT('',(1.95,0.84,1.025));
#2675 = LINE('',#2676,#2677);
#2676 = CARTESIAN_POINT('',(1.95,0.84,0.786976568901));
#2677 = VECTOR('',#2678,1.);
#2678 = DIRECTION('',(0.,0.,1.));
#2679 = ORIENTED_EDGE('',*,*,#2680,.F.);
#2680 = EDGE_CURVE('',#2664,#2673,#2681,.T.);
#2681 = LINE('',#2682,#2683);
#2682 = CARTESIAN_POINT('',(1.95,2.275,1.025));
#2683 = VECTOR('',#2684,1.);
#2684 = DIRECTION('',(1.110223024625E-16,-1.,0.));
#2685 = PLANE('',#2686);
#2686 = AXIS2_PLACEMENT_3D('',#2687,#2688,#2689);
#2687 = CARTESIAN_POINT('',(1.95,2.275,1.025));
#2688 = DIRECTION('',(-1.,-1.110223024625E-16,0.));
#2689 = DIRECTION('',(1.110223024625E-16,-1.,0.));
#2690 = ADVANCED_FACE('',(#2691),#2716,.F.);
#2691 = FACE_BOUND('',#2692,.F.);
#2692 = EDGE_LOOP('',(#2693,#2701,#2702,#2710));
#2693 = ORIENTED_EDGE('',*,*,#2694,.F.);
#2694 = EDGE_CURVE('',#2123,#2695,#2697,.T.);
#2695 = VERTEX_POINT('',#2696);
#2696 = CARTESIAN_POINT('',(2.25,0.84,0.825));
#2697 = LINE('',#2698,#2699);
#2698 = CARTESIAN_POINT('',(1.8,0.84,0.825));
#2699 = VECTOR('',#2700,1.);
#2700 = DIRECTION('',(1.,1.110223024625E-16,0.));
#2701 = ORIENTED_EDGE('',*,*,#2122,.T.);
#2702 = ORIENTED_EDGE('',*,*,#2703,.T.);
#2703 = EDGE_CURVE('',#2115,#2704,#2706,.T.);
#2704 = VERTEX_POINT('',#2705);
#2705 = CARTESIAN_POINT('',(2.25,0.43,0.825));
#2706 = LINE('',#2707,#2708);
#2707 = CARTESIAN_POINT('',(1.8,0.43,0.825));
#2708 = VECTOR('',#2709,1.);
#2709 = DIRECTION('',(1.,1.110223024625E-16,0.));
#2710 = ORIENTED_EDGE('',*,*,#2711,.F.);
#2711 = EDGE_CURVE('',#2695,#2704,#2712,.T.);
#2712 = LINE('',#2713,#2714);
#2713 = CARTESIAN_POINT('',(2.25,0.84,0.825));
#2714 = VECTOR('',#2715,1.);
#2715 = DIRECTION('',(1.110223024625E-16,-1.,0.));
#2716 = PLANE('',#2717);
#2717 = AXIS2_PLACEMENT_3D('',#2718,#2719,#2720);
#2718 = CARTESIAN_POINT('',(1.8,0.84,0.825));
#2719 = DIRECTION('',(0.,0.,1.));
#2720 = DIRECTION('',(1.,1.110223024625E-16,-0.));
#2721 = ADVANCED_FACE('',(#2722),#2747,.F.);
#2722 = FACE_BOUND('',#2723,.F.);
#2723 = EDGE_LOOP('',(#2724,#2732,#2733,#2741));
#2724 = ORIENTED_EDGE('',*,*,#2725,.F.);
#2725 = EDGE_CURVE('',#2115,#2726,#2728,.T.);
#2726 = VERTEX_POINT('',#2727);
#2727 = CARTESIAN_POINT('',(1.95,0.43,1.025));
#2728 = LINE('',#2729,#2730);
#2729 = CARTESIAN_POINT('',(1.95,0.43,0.786976568901));
#2730 = VECTOR('',#2731,1.);
#2731 = DIRECTION('',(0.,0.,1.));
#2732 = ORIENTED_EDGE('',*,*,#2114,.T.);
#2733 = ORIENTED_EDGE('',*,*,#2734,.T.);
#2734 = EDGE_CURVE('',#2107,#2735,#2737,.T.);
#2735 = VERTEX_POINT('',#2736);
#2736 = CARTESIAN_POINT('',(1.95,-0.43,1.025));
#2737 = LINE('',#2738,#2739);
#2738 = CARTESIAN_POINT('',(1.95,-0.43,0.786976568901));
#2739 = VECTOR('',#2740,1.);
#2740 = DIRECTION('',(0.,0.,1.));
#2741 = ORIENTED_EDGE('',*,*,#2742,.F.);
#2742 = EDGE_CURVE('',#2726,#2735,#2743,.T.);
#2743 = LINE('',#2744,#2745);
#2744 = CARTESIAN_POINT('',(1.95,2.275,1.025));
#2745 = VECTOR('',#2746,1.);
#2746 = DIRECTION('',(1.110223024625E-16,-1.,0.));
#2747 = PLANE('',#2748);
#2748 = AXIS2_PLACEMENT_3D('',#2749,#2750,#2751);
#2749 = CARTESIAN_POINT('',(1.95,2.275,1.025));
#2750 = DIRECTION('',(-1.,-1.110223024625E-16,0.));
#2751 = DIRECTION('',(1.110223024625E-16,-1.,0.));
#2752 = ADVANCED_FACE('',(#2753),#2778,.F.);
#2753 = FACE_BOUND('',#2754,.F.);
#2754 = EDGE_LOOP('',(#2755,#2763,#2764,#2772));
#2755 = ORIENTED_EDGE('',*,*,#2756,.F.);
#2756 = EDGE_CURVE('',#2107,#2757,#2759,.T.);
#2757 = VERTEX_POINT('',#2758);
#2758 = CARTESIAN_POINT('',(2.25,-0.43,0.825));
#2759 = LINE('',#2760,#2761);
#2760 = CARTESIAN_POINT('',(1.8,-0.43,0.825));
#2761 = VECTOR('',#2762,1.);
#2762 = DIRECTION('',(1.,1.110223024625E-16,0.));
#2763 = ORIENTED_EDGE('',*,*,#2106,.T.);
#2764 = ORIENTED_EDGE('',*,*,#2765,.T.);
#2765 = EDGE_CURVE('',#2099,#2766,#2768,.T.);
#2766 = VERTEX_POINT('',#2767);
#2767 = CARTESIAN_POINT('',(2.25,-0.84,0.825));
#2768 = LINE('',#2769,#2770);
#2769 = CARTESIAN_POINT('',(1.8,-0.84,0.825));
#2770 = VECTOR('',#2771,1.);
#2771 = DIRECTION('',(1.,1.110223024625E-16,0.));
#2772 = ORIENTED_EDGE('',*,*,#2773,.F.);
#2773 = EDGE_CURVE('',#2757,#2766,#2774,.T.);
#2774 = LINE('',#2775,#2776);
#2775 = CARTESIAN_POINT('',(2.25,-0.43,0.825));
#2776 = VECTOR('',#2777,1.);
#2777 = DIRECTION('',(1.110223024625E-16,-1.,0.));
#2778 = PLANE('',#2779);
#2779 = AXIS2_PLACEMENT_3D('',#2780,#2781,#2782);
#2780 = CARTESIAN_POINT('',(1.8,-0.43,0.825));
#2781 = DIRECTION('',(0.,0.,1.));
#2782 = DIRECTION('',(1.,1.110223024625E-16,-0.));
#2783 = ADVANCED_FACE('',(#2784),#2809,.F.);
#2784 = FACE_BOUND('',#2785,.F.);
#2785 = EDGE_LOOP('',(#2786,#2794,#2795,#2803));
#2786 = ORIENTED_EDGE('',*,*,#2787,.F.);
#2787 = EDGE_CURVE('',#2099,#2788,#2790,.T.);
#2788 = VERTEX_POINT('',#2789);
#2789 = CARTESIAN_POINT('',(1.95,-0.84,1.025));
#2790 = LINE('',#2791,#2792);
#2791 = CARTESIAN_POINT('',(1.95,-0.84,0.786976568901));
#2792 = VECTOR('',#2793,1.);
#2793 = DIRECTION('',(0.,0.,1.));
#2794 = ORIENTED_EDGE('',*,*,#2098,.T.);
#2795 = ORIENTED_EDGE('',*,*,#2796,.T.);
#2796 = EDGE_CURVE('',#2091,#2797,#2799,.T.);
#2797 = VERTEX_POINT('',#2798);
#2798 = CARTESIAN_POINT('',(1.95,-1.7,1.025));
#2799 = LINE('',#2800,#2801);
#2800 = CARTESIAN_POINT('',(1.95,-1.7,0.786976568901));
#2801 = VECTOR('',#2802,1.);
#2802 = DIRECTION('',(0.,0.,1.));
#2803 = ORIENTED_EDGE('',*,*,#2804,.F.);
#2804 = EDGE_CURVE('',#2788,#2797,#2805,.T.);
#2805 = LINE('',#2806,#2807);
#2806 = CARTESIAN_POINT('',(1.95,2.275,1.025));
#2807 = VECTOR('',#2808,1.);
#2808 = DIRECTION('',(1.110223024625E-16,-1.,0.));
#2809 = PLANE('',#2810);
#2810 = AXIS2_PLACEMENT_3D('',#2811,#2812,#2813);
#2811 = CARTESIAN_POINT('',(1.95,2.275,1.025));
#2812 = DIRECTION('',(-1.,-1.110223024625E-16,0.));
#2813 = DIRECTION('',(1.110223024625E-16,-1.,0.));
#2814 = ADVANCED_FACE('',(#2815),#2840,.F.);
#2815 = FACE_BOUND('',#2816,.F.);
#2816 = EDGE_LOOP('',(#2817,#2825,#2826,#2834));
#2817 = ORIENTED_EDGE('',*,*,#2818,.F.);
#2818 = EDGE_CURVE('',#2091,#2819,#2821,.T.);
#2819 = VERTEX_POINT('',#2820);
#2820 = CARTESIAN_POINT('',(2.25,-1.7,0.825));
#2821 = LINE('',#2822,#2823);
#2822 = CARTESIAN_POINT('',(1.8,-1.7,0.825));
#2823 = VECTOR('',#2824,1.);
#2824 = DIRECTION('',(1.,1.110223024625E-16,0.));
#2825 = ORIENTED_EDGE('',*,*,#2090,.T.);
#2826 = ORIENTED_EDGE('',*,*,#2827,.T.);
#2827 = EDGE_CURVE('',#2083,#2828,#2830,.T.);
#2828 = VERTEX_POINT('',#2829);
#2829 = CARTESIAN_POINT('',(2.25,-2.11,0.825));
#2830 = LINE('',#2831,#2832);
#2831 = CARTESIAN_POINT('',(1.8,-2.11,0.825));
#2832 = VECTOR('',#2833,1.);
#2833 = DIRECTION('',(1.,1.110223024625E-16,0.));
#2834 = ORIENTED_EDGE('',*,*,#2835,.F.);
#2835 = EDGE_CURVE('',#2819,#2828,#2836,.T.);
#2836 = LINE('',#2837,#2838);
#2837 = CARTESIAN_POINT('',(2.25,-1.7,0.825));
#2838 = VECTOR('',#2839,1.);
#2839 = DIRECTION('',(1.110223024625E-16,-1.,0.));
#2840 = PLANE('',#2841);
#2841 = AXIS2_PLACEMENT_3D('',#2842,#2843,#2844);
#2842 = CARTESIAN_POINT('',(1.8,-1.7,0.825));
#2843 = DIRECTION('',(0.,0.,1.));
#2844 = DIRECTION('',(1.,1.110223024625E-16,-0.));
#2845 = ADVANCED_FACE('',(#2846),#2870,.F.);
#2846 = FACE_BOUND('',#2847,.F.);
#2847 = EDGE_LOOP('',(#2848,#2856,#2857,#2864));
#2848 = ORIENTED_EDGE('',*,*,#2849,.F.);
#2849 = EDGE_CURVE('',#2083,#2850,#2852,.T.);
#2850 = VERTEX_POINT('',#2851);
#2851 = CARTESIAN_POINT('',(1.95,-2.11,1.025));
#2852 = LINE('',#2853,#2854);
#2853 = CARTESIAN_POINT('',(1.95,-2.11,0.786976568901));
#2854 = VECTOR('',#2855,1.);
#2855 = DIRECTION('',(0.,0.,1.));
#2856 = ORIENTED_EDGE('',*,*,#2082,.T.);
#2857 = ORIENTED_EDGE('',*,*,#2858,.T.);
#2858 = EDGE_CURVE('',#2076,#2859,#2861,.T.);
#2859 = VERTEX_POINT('',#2860);
#2860 = CARTESIAN_POINT('',(1.95,-2.275,1.025));
#2861 = B_SPLINE_CURVE_WITH_KNOTS('',1,(#2862,#2863),.UNSPECIFIED.,.F.,
  .F.,(2,2),(0.,1.),.PIECEWISE_BEZIER_KNOTS.);
#2862 = CARTESIAN_POINT('',(1.95,-2.275,0.825));
#2863 = CARTESIAN_POINT('',(1.95,-2.275,1.025));
#2864 = ORIENTED_EDGE('',*,*,#2865,.F.);
#2865 = EDGE_CURVE('',#2850,#2859,#2866,.T.);
#2866 = LINE('',#2867,#2868);
#2867 = CARTESIAN_POINT('',(1.95,2.275,1.025));
#2868 = VECTOR('',#2869,1.);
#2869 = DIRECTION('',(1.110223024625E-16,-1.,0.));
#2870 = PLANE('',#2871);
#2871 = AXIS2_PLACEMENT_3D('',#2872,#2873,#2874);
#2872 = CARTESIAN_POINT('',(1.95,2.275,1.025));
#2873 = DIRECTION('',(-1.,-1.110223024625E-16,0.));
#2874 = DIRECTION('',(1.110223024625E-16,-1.,0.));
#2875 = ADVANCED_FACE('',(#2876),#2893,.F.);
#2876 = FACE_BOUND('',#2877,.F.);
#2877 = EDGE_LOOP('',(#2878,#2879,#2880,#2888));
#2878 = ORIENTED_EDGE('',*,*,#2163,.T.);
#2879 = ORIENTED_EDGE('',*,*,#2351,.T.);
#2880 = ORIENTED_EDGE('',*,*,#2881,.F.);
#2881 = EDGE_CURVE('',#2882,#2352,#2884,.T.);
#2882 = VERTEX_POINT('',#2883);
#2883 = CARTESIAN_POINT('',(-1.775,-2.45,1.025));
#2884 = LINE('',#2885,#2886);
#2885 = CARTESIAN_POINT('',(-1.775,-2.45,1.025));
#2886 = VECTOR('',#2887,1.);
#2887 = DIRECTION('',(-0.707106781187,0.707106781187,0.));
#2888 = ORIENTED_EDGE('',*,*,#2889,.F.);
#2889 = EDGE_CURVE('',#2164,#2882,#2890,.T.);
#2890 = B_SPLINE_CURVE_WITH_KNOTS('',1,(#2891,#2892),.UNSPECIFIED.,.F.,
  .F.,(2,2),(0.,1.),.PIECEWISE_BEZIER_KNOTS.);
#2891 = CARTESIAN_POINT('',(-1.775,-2.45,0.825));
#2892 = CARTESIAN_POINT('',(-1.775,-2.45,1.025));
#2893 = PLANE('',#2894);
#2894 = AXIS2_PLACEMENT_3D('',#2895,#2896,#2897);
#2895 = CARTESIAN_POINT('',(-1.775,-2.45,1.025));
#2896 = DIRECTION('',(0.707106781187,0.707106781187,0.));
#2897 = DIRECTION('',(-0.707106781187,0.707106781187,0.));
#2898 = ADVANCED_FACE('',(#2899),#2916,.F.);
#2899 = FACE_BOUND('',#2900,.F.);
#2900 = EDGE_LOOP('',(#2901,#2902,#2909,#2915));
#2901 = ORIENTED_EDGE('',*,*,#2192,.T.);
#2902 = ORIENTED_EDGE('',*,*,#2903,.T.);
#2903 = EDGE_CURVE('',#2186,#2904,#2906,.T.);
#2904 = VERTEX_POINT('',#2905);
#2905 = CARTESIAN_POINT('',(1.775,-2.45,1.025));
#2906 = B_SPLINE_CURVE_WITH_KNOTS('',1,(#2907,#2908),.UNSPECIFIED.,.F.,
  .F.,(2,2),(0.,1.),.PIECEWISE_BEZIER_KNOTS.);
#2907 = CARTESIAN_POINT('',(1.775,-2.45,0.825));
#2908 = CARTESIAN_POINT('',(1.775,-2.45,1.025));
#2909 = ORIENTED_EDGE('',*,*,#2910,.F.);
#2910 = EDGE_CURVE('',#2859,#2904,#2911,.T.);
#2911 = LINE('',#2912,#2913);
#2912 = CARTESIAN_POINT('',(1.95,-2.275,1.025));
#2913 = VECTOR('',#2914,1.);
#2914 = DIRECTION('',(-0.707106781187,-0.707106781187,0.));
#2915 = ORIENTED_EDGE('',*,*,#2858,.F.);
#2916 = PLANE('',#2917);
#2917 = AXIS2_PLACEMENT_3D('',#2918,#2919,#2920);
#2918 = CARTESIAN_POINT('',(1.95,-2.275,1.025));
#2919 = DIRECTION('',(-0.707106781187,0.707106781187,0.));
#2920 = DIRECTION('',(-0.707106781187,-0.707106781187,0.));
#2921 = ADVANCED_FACE('',(#2922),#2933,.F.);
#2922 = FACE_BOUND('',#2923,.F.);
#2923 = EDGE_LOOP('',(#2924,#2925,#2926,#2932));
#2924 = ORIENTED_EDGE('',*,*,#2209,.T.);
#2925 = ORIENTED_EDGE('',*,*,#2889,.T.);
#2926 = ORIENTED_EDGE('',*,*,#2927,.F.);
#2927 = EDGE_CURVE('',#2904,#2882,#2928,.T.);
#2928 = LINE('',#2929,#2930);
#2929 = CARTESIAN_POINT('',(1.775,-2.45,1.025));
#2930 = VECTOR('',#2931,1.);
#2931 = DIRECTION('',(-1.,-1.110223024625E-16,0.));
#2932 = ORIENTED_EDGE('',*,*,#2903,.F.);
#2933 = PLANE('',#2934);
#2934 = AXIS2_PLACEMENT_3D('',#2935,#2936,#2937);
#2935 = CARTESIAN_POINT('',(1.775,-2.45,1.025));
#2936 = DIRECTION('',(-1.110223024625E-16,1.,0.));
#2937 = DIRECTION('',(-1.,-1.110223024625E-16,0.));
#2938 = ADVANCED_FACE('',(#2939),#2978,.F.);
#2939 = FACE_BOUND('',#2940,.F.);
#2940 = EDGE_LOOP('',(#2941,#2949,#2957,#2963,#2964,#2972));
#2941 = ORIENTED_EDGE('',*,*,#2942,.F.);
#2942 = EDGE_CURVE('',#2943,#2546,#2945,.T.);
#2943 = VERTEX_POINT('',#2944);
#2944 = CARTESIAN_POINT('',(-2.25,1.7,1.025));
#2945 = LINE('',#2946,#2947);
#2946 = CARTESIAN_POINT('',(-2.25,1.7,1.025));
#2947 = VECTOR('',#2948,1.);
#2948 = DIRECTION('',(1.,-1.144237745222E-17,0.));
#2949 = ORIENTED_EDGE('',*,*,#2950,.T.);
#2950 = EDGE_CURVE('',#2943,#2951,#2953,.T.);
#2951 = VERTEX_POINT('',#2952);
#2952 = CARTESIAN_POINT('',(-2.25,2.11,1.025));
#2953 = LINE('',#2954,#2955);
#2954 = CARTESIAN_POINT('',(-2.25,1.7,1.025));
#2955 = VECTOR('',#2956,1.);
#2956 = DIRECTION('',(1.144237745222E-17,1.,0.));
#2957 = ORIENTED_EDGE('',*,*,#2958,.T.);
#2958 = EDGE_CURVE('',#2951,#2314,#2959,.T.);
#2959 = LINE('',#2960,#2961);
#2960 = CARTESIAN_POINT('',(-2.25,2.11,1.025));
#2961 = VECTOR('',#2962,1.);
#2962 = DIRECTION('',(1.,-1.144237745222E-17,0.));
#2963 = ORIENTED_EDGE('',*,*,#2313,.T.);
#2964 = ORIENTED_EDGE('',*,*,#2965,.F.);
#2965 = EDGE_CURVE('',#2966,#2306,#2968,.T.);
#2966 = VERTEX_POINT('',#2967);
#2967 = CARTESIAN_POINT('',(-1.875,1.7,1.025));
#2968 = LINE('',#2969,#2970);
#2969 = CARTESIAN_POINT('',(-1.875,-2.2375,1.025));
#2970 = VECTOR('',#2971,1.);
#2971 = DIRECTION('',(-1.110223024625E-16,1.,0.));
#2972 = ORIENTED_EDGE('',*,*,#2973,.F.);
#2973 = EDGE_CURVE('',#2546,#2966,#2974,.T.);
#2974 = LINE('',#2975,#2976);
#2975 = CARTESIAN_POINT('',(-2.25,1.7,1.025));
#2976 = VECTOR('',#2977,1.);
#2977 = DIRECTION('',(1.,-1.144237745222E-17,0.));
#2978 = PLANE('',#2979);
#2979 = AXIS2_PLACEMENT_3D('',#2980,#2981,#2982);
#2980 = CARTESIAN_POINT('',(-2.25,1.7,1.025));
#2981 = DIRECTION('',(0.,0.,-1.));
#2982 = DIRECTION('',(1.,-1.144237745222E-17,0.));
#2983 = ADVANCED_FACE('',(#2984),#3064,.F.);
#2984 = FACE_BOUND('',#2985,.F.);
#2985 = EDGE_LOOP('',(#2986,#2996,#3004,#3012,#3020,#3028,#3036,#3042,
    #3043,#3044,#3051,#3059));
#2986 = ORIENTED_EDGE('',*,*,#2987,.T.);
#2987 = EDGE_CURVE('',#2988,#2990,#2992,.T.);
#2988 = VERTEX_POINT('',#2989);
#2989 = CARTESIAN_POINT('',(-1.875,-2.2375,1.025));
#2990 = VERTEX_POINT('',#2991);
#2991 = CARTESIAN_POINT('',(-1.875,-2.11,1.025));
#2992 = LINE('',#2993,#2994);
#2993 = CARTESIAN_POINT('',(-1.875,-2.2375,1.025));
#2994 = VECTOR('',#2995,1.);
#2995 = DIRECTION('',(-1.110223024625E-16,1.,0.));
#2996 = ORIENTED_EDGE('',*,*,#2997,.T.);
#2997 = EDGE_CURVE('',#2990,#2998,#3000,.T.);
#2998 = VERTEX_POINT('',#2999);
#2999 = CARTESIAN_POINT('',(-1.875,-1.7,1.025));
#3000 = LINE('',#3001,#3002);
#3001 = CARTESIAN_POINT('',(-1.875,-2.2375,1.025));
#3002 = VECTOR('',#3003,1.);
#3003 = DIRECTION('',(-1.110223024625E-16,1.,0.));
#3004 = ORIENTED_EDGE('',*,*,#3005,.T.);
#3005 = EDGE_CURVE('',#2998,#3006,#3008,.T.);
#3006 = VERTEX_POINT('',#3007);
#3007 = CARTESIAN_POINT('',(-1.875,-0.84,1.025));
#3008 = LINE('',#3009,#3010);
#3009 = CARTESIAN_POINT('',(-1.875,-2.2375,1.025));
#3010 = VECTOR('',#3011,1.);
#3011 = DIRECTION('',(-1.110223024625E-16,1.,0.));
#3012 = ORIENTED_EDGE('',*,*,#3013,.T.);
#3013 = EDGE_CURVE('',#3006,#3014,#3016,.T.);
#3014 = VERTEX_POINT('',#3015);
#3015 = CARTESIAN_POINT('',(-1.875,-0.43,1.025));
#3016 = LINE('',#3017,#3018);
#3017 = CARTESIAN_POINT('',(-1.875,-2.2375,1.025));
#3018 = VECTOR('',#3019,1.);
#3019 = DIRECTION('',(-1.110223024625E-16,1.,0.));
#3020 = ORIENTED_EDGE('',*,*,#3021,.T.);
#3021 = EDGE_CURVE('',#3014,#3022,#3024,.T.);
#3022 = VERTEX_POINT('',#3023);
#3023 = CARTESIAN_POINT('',(-1.875,0.43,1.025));
#3024 = LINE('',#3025,#3026);
#3025 = CARTESIAN_POINT('',(-1.875,-2.2375,1.025));
#3026 = VECTOR('',#3027,1.);
#3027 = DIRECTION('',(-1.110223024625E-16,1.,0.));
#3028 = ORIENTED_EDGE('',*,*,#3029,.T.);
#3029 = EDGE_CURVE('',#3022,#3030,#3032,.T.);
#3030 = VERTEX_POINT('',#3031);
#3031 = CARTESIAN_POINT('',(-1.875,0.84,1.025));
#3032 = LINE('',#3033,#3034);
#3033 = CARTESIAN_POINT('',(-1.875,-2.2375,1.025));
#3034 = VECTOR('',#3035,1.);
#3035 = DIRECTION('',(-1.110223024625E-16,1.,0.));
#3036 = ORIENTED_EDGE('',*,*,#3037,.T.);
#3037 = EDGE_CURVE('',#3030,#2966,#3038,.T.);
#3038 = LINE('',#3039,#3040);
#3039 = CARTESIAN_POINT('',(-1.875,-2.2375,1.025));
#3040 = VECTOR('',#3041,1.);
#3041 = DIRECTION('',(-1.110223024625E-16,1.,0.));
#3042 = ORIENTED_EDGE('',*,*,#2965,.T.);
#3043 = ORIENTED_EDGE('',*,*,#2305,.T.);
#3044 = ORIENTED_EDGE('',*,*,#3045,.T.);
#3045 = EDGE_CURVE('',#2298,#3046,#3048,.T.);
#3046 = VERTEX_POINT('',#3047);
#3047 = CARTESIAN_POINT('',(-1.760171280765,2.180085640382,1.75));
#3048 = B_SPLINE_CURVE_WITH_KNOTS('',1,(#3049,#3050),.UNSPECIFIED.,.F.,
  .F.,(2,2),(0.,1.),.PIECEWISE_BEZIER_KNOTS.);
#3049 = CARTESIAN_POINT('',(-1.875,2.2375,1.025));
#3050 = CARTESIAN_POINT('',(-1.760171280765,2.180085640382,1.75));
#3051 = ORIENTED_EDGE('',*,*,#3052,.F.);
#3052 = EDGE_CURVE('',#3053,#3046,#3055,.T.);
#3053 = VERTEX_POINT('',#3054);
#3054 = CARTESIAN_POINT('',(-1.760171280765,-2.180085640382,1.75));
#3055 = LINE('',#3056,#3057);
#3056 = CARTESIAN_POINT('',(-1.760171280765,-2.180085640382,1.75));
#3057 = VECTOR('',#3058,1.);
#3058 = DIRECTION('',(-1.110223024625E-16,1.,0.));
#3059 = ORIENTED_EDGE('',*,*,#3060,.F.);
#3060 = EDGE_CURVE('',#2988,#3053,#3061,.T.);
#3061 = B_SPLINE_CURVE_WITH_KNOTS('',1,(#3062,#3063),.UNSPECIFIED.,.F.,
  .F.,(2,2),(0.,1.),.PIECEWISE_BEZIER_KNOTS.);
#3062 = CARTESIAN_POINT('',(-1.875,-2.2375,1.025));
#3063 = CARTESIAN_POINT('',(-1.760171280765,-2.180085640382,1.75));
#3064 = B_SPLINE_SURFACE_WITH_KNOTS('',1,1,(
    (#3065,#3066)
    ,(#3067,#3068
    )),.UNSPECIFIED.,.F.,.F.,.F.,(2,2),(2,2),(0.,4.475),(0.,1.),
  .PIECEWISE_BEZIER_KNOTS.);
#3065 = CARTESIAN_POINT('',(-1.875,-2.2375,1.025));
#3066 = CARTESIAN_POINT('',(-1.760171280765,-2.180085640382,1.75));
#3067 = CARTESIAN_POINT('',(-1.875,2.2375,1.025));
#3068 = CARTESIAN_POINT('',(-1.760171280765,2.180085640382,1.75));
#3069 = ADVANCED_FACE('',(#3070),#3087,.F.);
#3070 = FACE_BOUND('',#3071,.F.);
#3071 = EDGE_LOOP('',(#3072,#3073,#3080,#3086));
#3072 = ORIENTED_EDGE('',*,*,#2297,.T.);
#3073 = ORIENTED_EDGE('',*,*,#3074,.T.);
#3074 = EDGE_CURVE('',#2290,#3075,#3077,.T.);
#3075 = VERTEX_POINT('',#3076);
#3076 = CARTESIAN_POINT('',(-1.680085640382,2.260171280765,1.75));
#3077 = B_SPLINE_CURVE_WITH_KNOTS('',1,(#3078,#3079),.UNSPECIFIED.,.F.,
  .F.,(2,2),(0.,1.),.PIECEWISE_BEZIER_KNOTS.);
#3078 = CARTESIAN_POINT('',(-1.7375,2.375,1.025));
#3079 = CARTESIAN_POINT('',(-1.680085640382,2.260171280765,1.75));
#3080 = ORIENTED_EDGE('',*,*,#3081,.F.);
#3081 = EDGE_CURVE('',#3046,#3075,#3082,.T.);
#3082 = LINE('',#3083,#3084);
#3083 = CARTESIAN_POINT('',(-1.760171280765,2.180085640382,1.75));
#3084 = VECTOR('',#3085,1.);
#3085 = DIRECTION('',(0.707106781187,0.707106781187,0.));
#3086 = ORIENTED_EDGE('',*,*,#3045,.F.);
#3087 = B_SPLINE_SURFACE_WITH_KNOTS('',1,1,(
    (#3088,#3089)
    ,(#3090,#3091
    )),.UNSPECIFIED.,.F.,.F.,.F.,(2,2),(2,2),(0.,0.194454364826),(0.,1.)
  ,.PIECEWISE_BEZIER_KNOTS.);
#3088 = CARTESIAN_POINT('',(-1.875,2.2375,1.025));
#3089 = CARTESIAN_POINT('',(-1.760171280765,2.180085640382,1.75));
#3090 = CARTESIAN_POINT('',(-1.7375,2.375,1.025));
#3091 = CARTESIAN_POINT('',(-1.680085640382,2.260171280765,1.75));
#3092 = ADVANCED_FACE('',(#3093),#3110,.F.);
#3093 = FACE_BOUND('',#3094,.F.);
#3094 = EDGE_LOOP('',(#3095,#3096,#3103,#3109));
#3095 = ORIENTED_EDGE('',*,*,#2289,.T.);
#3096 = ORIENTED_EDGE('',*,*,#3097,.T.);
#3097 = EDGE_CURVE('',#2282,#3098,#3100,.T.);
#3098 = VERTEX_POINT('',#3099);
#3099 = CARTESIAN_POINT('',(1.680085640382,2.260171280765,1.75));
#3100 = B_SPLINE_CURVE_WITH_KNOTS('',1,(#3101,#3102),.UNSPECIFIED.,.F.,
  .F.,(2,2),(0.,1.),.PIECEWISE_BEZIER_KNOTS.);
#3101 = CARTESIAN_POINT('',(1.7375,2.375,1.025));
#3102 = CARTESIAN_POINT('',(1.680085640382,2.260171280765,1.75));
#3103 = ORIENTED_EDGE('',*,*,#3104,.F.);
#3104 = EDGE_CURVE('',#3075,#3098,#3105,.T.);
#3105 = LINE('',#3106,#3107);
#3106 = CARTESIAN_POINT('',(-1.680085640382,2.260171280765,1.75));
#3107 = VECTOR('',#3108,1.);
#3108 = DIRECTION('',(1.,1.110223024625E-16,0.));
#3109 = ORIENTED_EDGE('',*,*,#3074,.F.);
#3110 = B_SPLINE_SURFACE_WITH_KNOTS('',1,1,(
    (#3111,#3112)
    ,(#3113,#3114
    )),.UNSPECIFIED.,.F.,.F.,.F.,(2,2),(2,2),(0.,3.475),(0.,1.),
  .PIECEWISE_BEZIER_KNOTS.);
#3111 = CARTESIAN_POINT('',(-1.7375,2.375,1.025));
#3112 = CARTESIAN_POINT('',(-1.680085640382,2.260171280765,1.75));
#3113 = CARTESIAN_POINT('',(1.7375,2.375,1.025));
#3114 = CARTESIAN_POINT('',(1.680085640382,2.260171280765,1.75));
#3115 = ADVANCED_FACE('',(#3116),#3133,.F.);
#3116 = FACE_BOUND('',#3117,.F.);
#3117 = EDGE_LOOP('',(#3118,#3119,#3126,#3132));
#3118 = ORIENTED_EDGE('',*,*,#2281,.T.);
#3119 = ORIENTED_EDGE('',*,*,#3120,.T.);
#3120 = EDGE_CURVE('',#2274,#3121,#3123,.T.);
#3121 = VERTEX_POINT('',#3122);
#3122 = CARTESIAN_POINT('',(1.760171280765,2.180085640382,1.75));
#3123 = B_SPLINE_CURVE_WITH_KNOTS('',1,(#3124,#3125),.UNSPECIFIED.,.F.,
  .F.,(2,2),(0.,1.),.PIECEWISE_BEZIER_KNOTS.);
#3124 = CARTESIAN_POINT('',(1.875,2.2375,1.025));
#3125 = CARTESIAN_POINT('',(1.760171280765,2.180085640382,1.75));
#3126 = ORIENTED_EDGE('',*,*,#3127,.F.);
#3127 = EDGE_CURVE('',#3098,#3121,#3128,.T.);
#3128 = LINE('',#3129,#3130);
#3129 = CARTESIAN_POINT('',(1.680085640382,2.260171280765,1.75));
#3130 = VECTOR('',#3131,1.);
#3131 = DIRECTION('',(0.707106781187,-0.707106781187,0.));
#3132 = ORIENTED_EDGE('',*,*,#3097,.F.);
#3133 = B_SPLINE_SURFACE_WITH_KNOTS('',1,1,(
    (#3134,#3135)
    ,(#3136,#3137
    )),.UNSPECIFIED.,.F.,.F.,.F.,(2,2),(2,2),(0.,0.194454364826),(0.,1.)
  ,.PIECEWISE_BEZIER_KNOTS.);
#3134 = CARTESIAN_POINT('',(1.7375,2.375,1.025));
#3135 = CARTESIAN_POINT('',(1.680085640382,2.260171280765,1.75));
#3136 = CARTESIAN_POINT('',(1.875,2.2375,1.025));
#3137 = CARTESIAN_POINT('',(1.760171280765,2.180085640382,1.75));
#3138 = ADVANCED_FACE('',(#3139),#3220,.F.);
#3139 = FACE_BOUND('',#3140,.F.);
#3140 = EDGE_LOOP('',(#3141,#3142,#3150,#3158,#3166,#3174,#3182,#3190,
    #3198,#3206,#3213,#3219));
#3141 = ORIENTED_EDGE('',*,*,#2273,.T.);
#3142 = ORIENTED_EDGE('',*,*,#3143,.T.);
#3143 = EDGE_CURVE('',#2266,#3144,#3146,.T.);
#3144 = VERTEX_POINT('',#3145);
#3145 = CARTESIAN_POINT('',(1.875,1.7,1.025));
#3146 = LINE('',#3147,#3148);
#3147 = CARTESIAN_POINT('',(1.875,2.2375,1.025));
#3148 = VECTOR('',#3149,1.);
#3149 = DIRECTION('',(1.110223024625E-16,-1.,0.));
#3150 = ORIENTED_EDGE('',*,*,#3151,.T.);
#3151 = EDGE_CURVE('',#3144,#3152,#3154,.T.);
#3152 = VERTEX_POINT('',#3153);
#3153 = CARTESIAN_POINT('',(1.875,0.84,1.025));
#3154 = LINE('',#3155,#3156);
#3155 = CARTESIAN_POINT('',(1.875,2.2375,1.025));
#3156 = VECTOR('',#3157,1.);
#3157 = DIRECTION('',(1.110223024625E-16,-1.,0.));
#3158 = ORIENTED_EDGE('',*,*,#3159,.T.);
#3159 = EDGE_CURVE('',#3152,#3160,#3162,.T.);
#3160 = VERTEX_POINT('',#3161);
#3161 = CARTESIAN_POINT('',(1.875,0.43,1.025));
#3162 = LINE('',#3163,#3164);
#3163 = CARTESIAN_POINT('',(1.875,2.2375,1.025));
#3164 = VECTOR('',#3165,1.);
#3165 = DIRECTION('',(1.110223024625E-16,-1.,0.));
#3166 = ORIENTED_EDGE('',*,*,#3167,.T.);
#3167 = EDGE_CURVE('',#3160,#3168,#3170,.T.);
#3168 = VERTEX_POINT('',#3169);
#3169 = CARTESIAN_POINT('',(1.875,-0.43,1.025));
#3170 = LINE('',#3171,#3172);
#3171 = CARTESIAN_POINT('',(1.875,2.2375,1.025));
#3172 = VECTOR('',#3173,1.);
#3173 = DIRECTION('',(1.110223024625E-16,-1.,0.));
#3174 = ORIENTED_EDGE('',*,*,#3175,.T.);
#3175 = EDGE_CURVE('',#3168,#3176,#3178,.T.);
#3176 = VERTEX_POINT('',#3177);
#3177 = CARTESIAN_POINT('',(1.875,-0.84,1.025));
#3178 = LINE('',#3179,#3180);
#3179 = CARTESIAN_POINT('',(1.875,2.2375,1.025));
#3180 = VECTOR('',#3181,1.);
#3181 = DIRECTION('',(1.110223024625E-16,-1.,0.));
#3182 = ORIENTED_EDGE('',*,*,#3183,.T.);
#3183 = EDGE_CURVE('',#3176,#3184,#3186,.T.);
#3184 = VERTEX_POINT('',#3185);
#3185 = CARTESIAN_POINT('',(1.875,-1.7,1.025));
#3186 = LINE('',#3187,#3188);
#3187 = CARTESIAN_POINT('',(1.875,2.2375,1.025));
#3188 = VECTOR('',#3189,1.);
#3189 = DIRECTION('',(1.110223024625E-16,-1.,0.));
#3190 = ORIENTED_EDGE('',*,*,#3191,.T.);
#3191 = EDGE_CURVE('',#3184,#3192,#3194,.T.);
#3192 = VERTEX_POINT('',#3193);
#3193 = CARTESIAN_POINT('',(1.875,-2.11,1.025));
#3194 = LINE('',#3195,#3196);
#3195 = CARTESIAN_POINT('',(1.875,2.2375,1.025));
#3196 = VECTOR('',#3197,1.);
#3197 = DIRECTION('',(1.110223024625E-16,-1.,0.));
#3198 = ORIENTED_EDGE('',*,*,#3199,.T.);
#3199 = EDGE_CURVE('',#3192,#3200,#3202,.T.);
#3200 = VERTEX_POINT('',#3201);
#3201 = CARTESIAN_POINT('',(1.875,-2.2375,1.025));
#3202 = LINE('',#3203,#3204);
#3203 = CARTESIAN_POINT('',(1.875,2.2375,1.025));
#3204 = VECTOR('',#3205,1.);
#3205 = DIRECTION('',(1.110223024625E-16,-1.,0.));
#3206 = ORIENTED_EDGE('',*,*,#3207,.T.);
#3207 = EDGE_CURVE('',#3200,#3208,#3210,.T.);
#3208 = VERTEX_POINT('',#3209);
#3209 = CARTESIAN_POINT('',(1.760171280765,-2.180085640382,1.75));
#3210 = B_SPLINE_CURVE_WITH_KNOTS('',1,(#3211,#3212),.UNSPECIFIED.,.F.,
  .F.,(2,2),(0.,1.),.PIECEWISE_BEZIER_KNOTS.);
#3211 = CARTESIAN_POINT('',(1.875,-2.2375,1.025));
#3212 = CARTESIAN_POINT('',(1.760171280765,-2.180085640382,1.75));
#3213 = ORIENTED_EDGE('',*,*,#3214,.F.);
#3214 = EDGE_CURVE('',#3121,#3208,#3215,.T.);
#3215 = LINE('',#3216,#3217);
#3216 = CARTESIAN_POINT('',(1.760171280765,2.180085640382,1.75));
#3217 = VECTOR('',#3218,1.);
#3218 = DIRECTION('',(1.110223024625E-16,-1.,0.));
#3219 = ORIENTED_EDGE('',*,*,#3120,.F.);
#3220 = B_SPLINE_SURFACE_WITH_KNOTS('',1,1,(
    (#3221,#3222)
    ,(#3223,#3224
    )),.UNSPECIFIED.,.F.,.F.,.F.,(2,2),(2,2),(0.,4.475),(0.,1.),
  .PIECEWISE_BEZIER_KNOTS.);
#3221 = CARTESIAN_POINT('',(1.875,2.2375,1.025));
#3222 = CARTESIAN_POINT('',(1.760171280765,2.180085640382,1.75));
#3223 = CARTESIAN_POINT('',(1.875,-2.2375,1.025));
#3224 = CARTESIAN_POINT('',(1.760171280765,-2.180085640382,1.75));
#3225 = ADVANCED_FACE('',(#3226),#3258,.F.);
#3226 = FACE_BOUND('',#3227,.F.);
#3227 = EDGE_LOOP('',(#3228,#3236,#3244,#3250,#3256,#3257));
#3228 = ORIENTED_EDGE('',*,*,#3229,.F.);
#3229 = EDGE_CURVE('',#3230,#2258,#3232,.T.);
#3230 = VERTEX_POINT('',#3231);
#3231 = CARTESIAN_POINT('',(2.25,2.11,1.025));
#3232 = LINE('',#3233,#3234);
#3233 = CARTESIAN_POINT('',(2.25,2.11,1.025));
#3234 = VECTOR('',#3235,1.);
#3235 = DIRECTION('',(-1.,-1.110223024625E-16,0.));
#3236 = ORIENTED_EDGE('',*,*,#3237,.T.);
#3237 = EDGE_CURVE('',#3230,#3238,#3240,.T.);
#3238 = VERTEX_POINT('',#3239);
#3239 = CARTESIAN_POINT('',(2.25,1.7,1.025));
#3240 = LINE('',#3241,#3242);
#3241 = CARTESIAN_POINT('',(2.25,2.11,1.025));
#3242 = VECTOR('',#3243,1.);
#3243 = DIRECTION('',(1.110223024625E-16,-1.,0.));
#3244 = ORIENTED_EDGE('',*,*,#3245,.T.);
#3245 = EDGE_CURVE('',#3238,#2664,#3246,.T.);
#3246 = LINE('',#3247,#3248);
#3247 = CARTESIAN_POINT('',(2.25,1.7,1.025));
#3248 = VECTOR('',#3249,1.);
#3249 = DIRECTION('',(-1.,-1.110223024625E-16,0.));
#3250 = ORIENTED_EDGE('',*,*,#3251,.T.);
#3251 = EDGE_CURVE('',#2664,#3144,#3252,.T.);
#3252 = LINE('',#3253,#3254);
#3253 = CARTESIAN_POINT('',(2.25,1.7,1.025));
#3254 = VECTOR('',#3255,1.);
#3255 = DIRECTION('',(-1.,-1.110223024625E-16,0.));
#3256 = ORIENTED_EDGE('',*,*,#3143,.F.);
#3257 = ORIENTED_EDGE('',*,*,#2265,.F.);
#3258 = PLANE('',#3259);
#3259 = AXIS2_PLACEMENT_3D('',#3260,#3261,#3262);
#3260 = CARTESIAN_POINT('',(2.25,2.11,1.025));
#3261 = DIRECTION('',(0.,0.,-1.));
#3262 = DIRECTION('',(-1.,-1.110223024625E-16,-0.));
#3263 = ADVANCED_FACE('',(#3264),#3307,.F.);
#3264 = FACE_BOUND('',#3265,.F.);
#3265 = EDGE_LOOP('',(#3266,#3267,#3273,#3274,#3282,#3290,#3296,#3297,
    #3303,#3304,#3305,#3306));
#3266 = ORIENTED_EDGE('',*,*,#2367,.T.);
#3267 = ORIENTED_EDGE('',*,*,#3268,.T.);
#3268 = EDGE_CURVE('',#2360,#2990,#3269,.T.);
#3269 = LINE('',#3270,#3271);
#3270 = CARTESIAN_POINT('',(-2.25,-2.11,1.025));
#3271 = VECTOR('',#3272,1.);
#3272 = DIRECTION('',(1.,-1.144237745222E-17,0.));
#3273 = ORIENTED_EDGE('',*,*,#2987,.F.);
#3274 = ORIENTED_EDGE('',*,*,#3275,.F.);
#3275 = EDGE_CURVE('',#3276,#2988,#3278,.T.);
#3276 = VERTEX_POINT('',#3277);
#3277 = CARTESIAN_POINT('',(-1.7375,-2.375,1.025));
#3278 = LINE('',#3279,#3280);
#3279 = CARTESIAN_POINT('',(-1.7375,-2.375,1.025));
#3280 = VECTOR('',#3281,1.);
#3281 = DIRECTION('',(-0.707106781187,0.707106781187,0.));
#3282 = ORIENTED_EDGE('',*,*,#3283,.F.);
#3283 = EDGE_CURVE('',#3284,#3276,#3286,.T.);
#3284 = VERTEX_POINT('',#3285);
#3285 = CARTESIAN_POINT('',(1.7375,-2.375,1.025));
#3286 = LINE('',#3287,#3288);
#3287 = CARTESIAN_POINT('',(1.7375,-2.375,1.025));
#3288 = VECTOR('',#3289,1.);
#3289 = DIRECTION('',(-1.,-1.110223024625E-16,0.));
#3290 = ORIENTED_EDGE('',*,*,#3291,.F.);
#3291 = EDGE_CURVE('',#3200,#3284,#3292,.T.);
#3292 = LINE('',#3293,#3294);
#3293 = CARTESIAN_POINT('',(1.875,-2.2375,1.025));
#3294 = VECTOR('',#3295,1.);
#3295 = DIRECTION('',(-0.707106781187,-0.707106781187,0.));
#3296 = ORIENTED_EDGE('',*,*,#3199,.F.);
#3297 = ORIENTED_EDGE('',*,*,#3298,.F.);
#3298 = EDGE_CURVE('',#2850,#3192,#3299,.T.);
#3299 = LINE('',#3300,#3301);
#3300 = CARTESIAN_POINT('',(2.25,-2.11,1.025));
#3301 = VECTOR('',#3302,1.);
#3302 = DIRECTION('',(-1.,-1.110223024625E-16,0.));
#3303 = ORIENTED_EDGE('',*,*,#2865,.T.);
#3304 = ORIENTED_EDGE('',*,*,#2910,.T.);
#3305 = ORIENTED_EDGE('',*,*,#2927,.T.);
#3306 = ORIENTED_EDGE('',*,*,#2881,.T.);
#3307 = PLANE('',#3308);
#3308 = AXIS2_PLACEMENT_3D('',#3309,#3310,#3311);
#3309 = CARTESIAN_POINT('',(-3.027078129022E-16,2.4125,1.025));
#3310 = DIRECTION('',(2.007919022429E-31,-7.713306628828E-27,-1.));
#3311 = DIRECTION('',(1.,1.112083013911E-16,2.00791902242E-31));
#3312 = ADVANCED_FACE('',(#3313),#3399,.F.);
#3313 = FACE_BOUND('',#3314,.F.);
#3314 = EDGE_LOOP('',(#3315,#3316,#3317,#3326,#3334,#3343,#3351,#3359,
    #3367,#3376,#3384,#3393));
#3315 = ORIENTED_EDGE('',*,*,#2359,.F.);
#3316 = ORIENTED_EDGE('',*,*,#2381,.T.);
#3317 = ORIENTED_EDGE('',*,*,#3318,.T.);
#3318 = EDGE_CURVE('',#2382,#3319,#3321,.T.);
#3319 = VERTEX_POINT('',#3320);
#3320 = CARTESIAN_POINT('',(-2.348480775301,-2.11,0.742364817767));
#3321 = CIRCLE('',#3322,0.1);
#3322 = AXIS2_PLACEMENT_3D('',#3323,#3324,#3325);
#3323 = CARTESIAN_POINT('',(-2.25,-2.11,0.725));
#3324 = DIRECTION('',(-1.144237745222E-17,-1.,3.284293275761E-47));
#3325 = DIRECTION('',(-4.440892098501E-15,5.081436361563E-32,1.));
#3326 = ORIENTED_EDGE('',*,*,#3327,.T.);
#3327 = EDGE_CURVE('',#3319,#3328,#3330,.T.);
#3328 = VERTEX_POINT('',#3329);
#3329 = CARTESIAN_POINT('',(-2.429496640897,-2.11,0.2479055467));
#3330 = LINE('',#3331,#3332);
#3331 = CARTESIAN_POINT('',(-2.348480775301,-2.11,0.742364817767));
#3332 = VECTOR('',#3333,1.);
#3333 = DIRECTION('',(-0.161691392282,1.85013394127E-18,-0.986841372087)
  );
#3334 = ORIENTED_EDGE('',*,*,#3335,.T.);
#3335 = EDGE_CURVE('',#3328,#3336,#3338,.T.);
#3336 = VERTEX_POINT('',#3337);
#3337 = CARTESIAN_POINT('',(-2.724938966801,-2.11,-1.665334536938E-16));
#3338 = CIRCLE('',#3339,0.3);
#3339 = AXIS2_PLACEMENT_3D('',#3340,#3341,#3342);
#3340 = CARTESIAN_POINT('',(-2.724938966801,-2.11,0.3));
#3341 = DIRECTION('',(1.144237745222E-17,1.,7.703719777549E-34));
#3342 = DIRECTION('',(0.984807753012,-1.126854202784E-17,-0.173648177667
    ));
#3343 = ORIENTED_EDGE('',*,*,#3344,.T.);
#3344 = EDGE_CURVE('',#3336,#3345,#3347,.T.);
#3345 = VERTEX_POINT('',#3346);
#3346 = CARTESIAN_POINT('',(-3.,-2.11,-1.665334536938E-16));
#3347 = LINE('',#3348,#3349);
#3348 = CARTESIAN_POINT('',(-2.724938966801,-2.11,-1.665334536938E-16));
#3349 = VECTOR('',#3350,1.);
#3350 = DIRECTION('',(-1.,1.144237745222E-17,0.));
#3351 = ORIENTED_EDGE('',*,*,#3352,.T.);
#3352 = EDGE_CURVE('',#3345,#3353,#3355,.T.);
#3353 = VERTEX_POINT('',#3354);
#3354 = CARTESIAN_POINT('',(-3.,-2.11,0.2));
#3355 = LINE('',#3356,#3357);
#3356 = CARTESIAN_POINT('',(-3.,-2.11,-1.665334536938E-16));
#3357 = VECTOR('',#3358,1.);
#3358 = DIRECTION('',(0.,0.,1.));
#3359 = ORIENTED_EDGE('',*,*,#3360,.T.);
#3360 = EDGE_CURVE('',#3353,#3361,#3363,.T.);
#3361 = VERTEX_POINT('',#3362);
#3362 = CARTESIAN_POINT('',(-2.724938966801,-2.11,0.2));
#3363 = LINE('',#3364,#3365);
#3364 = CARTESIAN_POINT('',(-3.,-2.11,0.2));
#3365 = VECTOR('',#3366,1.);
#3366 = DIRECTION('',(1.,-1.144237745222E-17,0.));
#3367 = ORIENTED_EDGE('',*,*,#3368,.T.);
#3368 = EDGE_CURVE('',#3361,#3369,#3371,.T.);
#3369 = VERTEX_POINT('',#3370);
#3370 = CARTESIAN_POINT('',(-2.6264581915,-2.11,0.282635182233));
#3371 = CIRCLE('',#3372,0.1);
#3372 = AXIS2_PLACEMENT_3D('',#3373,#3374,#3375);
#3373 = CARTESIAN_POINT('',(-2.724938966801,-2.11,0.3));
#3374 = DIRECTION('',(-1.144237745222E-17,-1.,-0.));
#3375 = DIRECTION('',(0.,0.,-1.));
#3376 = ORIENTED_EDGE('',*,*,#3377,.T.);
#3377 = EDGE_CURVE('',#3369,#3378,#3380,.T.);
#3378 = VERTEX_POINT('',#3379);
#3379 = CARTESIAN_POINT('',(-2.545442325904,-2.11,0.7770944533));
#3380 = LINE('',#3381,#3382);
#3381 = CARTESIAN_POINT('',(-2.6264581915,-2.11,0.282635182233));
#3382 = VECTOR('',#3383,1.);
#3383 = DIRECTION('',(0.161691392282,-1.85013394127E-18,0.986841372087)
  );
#3384 = ORIENTED_EDGE('',*,*,#3385,.T.);
#3385 = EDGE_CURVE('',#3378,#3386,#3388,.T.);
#3386 = VERTEX_POINT('',#3387);
#3387 = CARTESIAN_POINT('',(-2.25,-2.11,1.025));
#3388 = CIRCLE('',#3389,0.3);
#3389 = AXIS2_PLACEMENT_3D('',#3390,#3391,#3392);
#3390 = CARTESIAN_POINT('',(-2.25,-2.11,0.725));
#3391 = DIRECTION('',(1.144237745222E-17,1.,7.703719777549E-34));
#3392 = DIRECTION('',(-0.984807753012,1.126854202784E-17,0.173648177667)
  );
#3393 = ORIENTED_EDGE('',*,*,#3394,.T.);
#3394 = EDGE_CURVE('',#3386,#2360,#3395,.T.);
#3395 = LINE('',#3396,#3397);
#3396 = CARTESIAN_POINT('',(-2.25,-2.11,1.025));
#3397 = VECTOR('',#3398,1.);
#3398 = DIRECTION('',(1.,-1.144237745222E-17,0.));
#3399 = PLANE('',#3400);
#3400 = AXIS2_PLACEMENT_3D('',#3401,#3402,#3403);
#3401 = CARTESIAN_POINT('',(-2.42560961319,-2.11,0.548953137803));
#3402 = DIRECTION('',(1.144237745222E-17,1.,0.));
#3403 = DIRECTION('',(0.,-0.,1.));
#3404 = ADVANCED_FACE('',(#3405),#3424,.F.);
#3405 = FACE_BOUND('',#3406,.F.);
#3406 = EDGE_LOOP('',(#3407,#3408,#3417,#3423));
#3407 = ORIENTED_EDGE('',*,*,#2398,.T.);
#3408 = ORIENTED_EDGE('',*,*,#3409,.T.);
#3409 = EDGE_CURVE('',#2391,#3410,#3412,.T.);
#3410 = VERTEX_POINT('',#3411);
#3411 = CARTESIAN_POINT('',(-2.348480775301,-1.7,0.742364817767));
#3412 = CIRCLE('',#3413,0.1);
#3413 = AXIS2_PLACEMENT_3D('',#3414,#3415,#3416);
#3414 = CARTESIAN_POINT('',(-2.25,-1.7,0.725));
#3415 = DIRECTION('',(-1.144237745222E-17,-1.,3.284293275761E-47));
#3416 = DIRECTION('',(-4.440892098501E-15,5.081436361563E-32,1.));
#3417 = ORIENTED_EDGE('',*,*,#3418,.F.);
#3418 = EDGE_CURVE('',#3319,#3410,#3419,.T.);
#3419 = LINE('',#3420,#3421);
#3420 = CARTESIAN_POINT('',(-2.348480775301,-2.11,0.742364817767));
#3421 = VECTOR('',#3422,1.);
#3422 = DIRECTION('',(1.144237745222E-17,1.,0.));
#3423 = ORIENTED_EDGE('',*,*,#3318,.F.);
#3424 = CYLINDRICAL_SURFACE('',#3425,0.1);
#3425 = AXIS2_PLACEMENT_3D('',#3426,#3427,#3428);
#3426 = CARTESIAN_POINT('',(-2.25,-2.11,0.725));
#3427 = DIRECTION('',(-1.144237745222E-17,-1.,0.));
#3428 = DIRECTION('',(-4.440892098501E-15,5.081436361563E-32,1.));
#3429 = ADVANCED_FACE('',(#3430),#3508,.T.);
#3430 = FACE_BOUND('',#3431,.T.);
#3431 = EDGE_LOOP('',(#3432,#3433,#3434,#3435,#3443,#3452,#3460,#3468,
    #3476,#3485,#3493,#3502));
#3432 = ORIENTED_EDGE('',*,*,#2412,.F.);
#3433 = ORIENTED_EDGE('',*,*,#2390,.T.);
#3434 = ORIENTED_EDGE('',*,*,#3409,.T.);
#3435 = ORIENTED_EDGE('',*,*,#3436,.T.);
#3436 = EDGE_CURVE('',#3410,#3437,#3439,.T.);
#3437 = VERTEX_POINT('',#3438);
#3438 = CARTESIAN_POINT('',(-2.429496640897,-1.7,0.2479055467));
#3439 = LINE('',#3440,#3441);
#3440 = CARTESIAN_POINT('',(-2.348480775301,-1.7,0.742364817767));
#3441 = VECTOR('',#3442,1.);
#3442 = DIRECTION('',(-0.161691392282,1.85013394127E-18,-0.986841372087)
  );
#3443 = ORIENTED_EDGE('',*,*,#3444,.T.);
#3444 = EDGE_CURVE('',#3437,#3445,#3447,.T.);
#3445 = VERTEX_POINT('',#3446);
#3446 = CARTESIAN_POINT('',(-2.724938966801,-1.7,-1.665334536938E-16));
#3447 = CIRCLE('',#3448,0.3);
#3448 = AXIS2_PLACEMENT_3D('',#3449,#3450,#3451);
#3449 = CARTESIAN_POINT('',(-2.724938966801,-1.7,0.3));
#3450 = DIRECTION('',(1.144237745222E-17,1.,7.703719777549E-34));
#3451 = DIRECTION('',(0.984807753012,-1.126854202784E-17,-0.173648177667
    ));
#3452 = ORIENTED_EDGE('',*,*,#3453,.T.);
#3453 = EDGE_CURVE('',#3445,#3454,#3456,.T.);
#3454 = VERTEX_POINT('',#3455);
#3455 = CARTESIAN_POINT('',(-3.,-1.7,-1.665334536938E-16));
#3456 = LINE('',#3457,#3458);
#3457 = CARTESIAN_POINT('',(-2.724938966801,-1.7,-1.665334536938E-16));
#3458 = VECTOR('',#3459,1.);
#3459 = DIRECTION('',(-1.,1.144237745222E-17,0.));
#3460 = ORIENTED_EDGE('',*,*,#3461,.T.);
#3461 = EDGE_CURVE('',#3454,#3462,#3464,.T.);
#3462 = VERTEX_POINT('',#3463);
#3463 = CARTESIAN_POINT('',(-3.,-1.7,0.2));
#3464 = LINE('',#3465,#3466);
#3465 = CARTESIAN_POINT('',(-3.,-1.7,-1.665334536938E-16));
#3466 = VECTOR('',#3467,1.);
#3467 = DIRECTION('',(0.,0.,1.));
#3468 = ORIENTED_EDGE('',*,*,#3469,.T.);
#3469 = EDGE_CURVE('',#3462,#3470,#3472,.T.);
#3470 = VERTEX_POINT('',#3471);
#3471 = CARTESIAN_POINT('',(-2.724938966801,-1.7,0.2));
#3472 = LINE('',#3473,#3474);
#3473 = CARTESIAN_POINT('',(-3.,-1.7,0.2));
#3474 = VECTOR('',#3475,1.);
#3475 = DIRECTION('',(1.,-1.144237745222E-17,0.));
#3476 = ORIENTED_EDGE('',*,*,#3477,.T.);
#3477 = EDGE_CURVE('',#3470,#3478,#3480,.T.);
#3478 = VERTEX_POINT('',#3479);
#3479 = CARTESIAN_POINT('',(-2.6264581915,-1.7,0.282635182233));
#3480 = CIRCLE('',#3481,0.1);
#3481 = AXIS2_PLACEMENT_3D('',#3482,#3483,#3484);
#3482 = CARTESIAN_POINT('',(-2.724938966801,-1.7,0.3));
#3483 = DIRECTION('',(-1.144237745222E-17,-1.,-0.));
#3484 = DIRECTION('',(0.,0.,-1.));
#3485 = ORIENTED_EDGE('',*,*,#3486,.T.);
#3486 = EDGE_CURVE('',#3478,#3487,#3489,.T.);
#3487 = VERTEX_POINT('',#3488);
#3488 = CARTESIAN_POINT('',(-2.545442325904,-1.7,0.7770944533));
#3489 = LINE('',#3490,#3491);
#3490 = CARTESIAN_POINT('',(-2.6264581915,-1.7,0.282635182233));
#3491 = VECTOR('',#3492,1.);
#3492 = DIRECTION('',(0.161691392282,-1.85013394127E-18,0.986841372087)
  );
#3493 = ORIENTED_EDGE('',*,*,#3494,.T.);
#3494 = EDGE_CURVE('',#3487,#3495,#3497,.T.);
#3495 = VERTEX_POINT('',#3496);
#3496 = CARTESIAN_POINT('',(-2.25,-1.7,1.025));
#3497 = CIRCLE('',#3498,0.3);
#3498 = AXIS2_PLACEMENT_3D('',#3499,#3500,#3501);
#3499 = CARTESIAN_POINT('',(-2.25,-1.7,0.725));
#3500 = DIRECTION('',(1.144237745222E-17,1.,7.703719777549E-34));
#3501 = DIRECTION('',(-0.984807753012,1.126854202784E-17,0.173648177667)
  );
#3502 = ORIENTED_EDGE('',*,*,#3503,.T.);
#3503 = EDGE_CURVE('',#3495,#2413,#3504,.T.);
#3504 = LINE('',#3505,#3506);
#3505 = CARTESIAN_POINT('',(-2.25,-1.7,1.025));
#3506 = VECTOR('',#3507,1.);
#3507 = DIRECTION('',(1.,-1.144237745222E-17,0.));
#3508 = PLANE('',#3509);
#3509 = AXIS2_PLACEMENT_3D('',#3510,#3511,#3512);
#3510 = CARTESIAN_POINT('',(-2.42560961319,-1.7,0.548953137803));
#3511 = DIRECTION('',(1.144237745222E-17,1.,0.));
#3512 = DIRECTION('',(0.,-0.,1.));
#3513 = ADVANCED_FACE('',(#3514),#3530,.F.);
#3514 = FACE_BOUND('',#3515,.F.);
#3515 = EDGE_LOOP('',(#3516,#3517,#3523,#3524));
#3516 = ORIENTED_EDGE('',*,*,#2429,.T.);
#3517 = ORIENTED_EDGE('',*,*,#3518,.T.);
#3518 = EDGE_CURVE('',#2422,#3006,#3519,.T.);
#3519 = LINE('',#3520,#3521);
#3520 = CARTESIAN_POINT('',(-2.25,-0.84,1.025));
#3521 = VECTOR('',#3522,1.);
#3522 = DIRECTION('',(1.,-1.144237745222E-17,0.));
#3523 = ORIENTED_EDGE('',*,*,#3005,.F.);
#3524 = ORIENTED_EDGE('',*,*,#3525,.F.);
#3525 = EDGE_CURVE('',#2413,#2998,#3526,.T.);
#3526 = LINE('',#3527,#3528);
#3527 = CARTESIAN_POINT('',(-2.25,-1.7,1.025));
#3528 = VECTOR('',#3529,1.);
#3529 = DIRECTION('',(1.,-1.144237745222E-17,0.));
#3530 = PLANE('',#3531);
#3531 = AXIS2_PLACEMENT_3D('',#3532,#3533,#3534);
#3532 = CARTESIAN_POINT('',(-3.027078129022E-16,2.4125,1.025));
#3533 = DIRECTION('',(2.007919022429E-31,-7.713306628828E-27,-1.));
#3534 = DIRECTION('',(1.,1.112083013911E-16,2.00791902242E-31));
#3535 = ADVANCED_FACE('',(#3536),#3622,.F.);
#3536 = FACE_BOUND('',#3537,.F.);
#3537 = EDGE_LOOP('',(#3538,#3539,#3540,#3549,#3557,#3566,#3574,#3582,
    #3590,#3599,#3607,#3616));
#3538 = ORIENTED_EDGE('',*,*,#2421,.F.);
#3539 = ORIENTED_EDGE('',*,*,#2443,.T.);
#3540 = ORIENTED_EDGE('',*,*,#3541,.T.);
#3541 = EDGE_CURVE('',#2444,#3542,#3544,.T.);
#3542 = VERTEX_POINT('',#3543);
#3543 = CARTESIAN_POINT('',(-2.348480775301,-0.84,0.742364817767));
#3544 = CIRCLE('',#3545,0.1);
#3545 = AXIS2_PLACEMENT_3D('',#3546,#3547,#3548);
#3546 = CARTESIAN_POINT('',(-2.25,-0.84,0.725));
#3547 = DIRECTION('',(-1.144237745222E-17,-1.,3.284293275761E-47));
#3548 = DIRECTION('',(-4.440892098501E-15,5.081436361563E-32,1.));
#3549 = ORIENTED_EDGE('',*,*,#3550,.T.);
#3550 = EDGE_CURVE('',#3542,#3551,#3553,.T.);
#3551 = VERTEX_POINT('',#3552);
#3552 = CARTESIAN_POINT('',(-2.429496640897,-0.84,0.2479055467));
#3553 = LINE('',#3554,#3555);
#3554 = CARTESIAN_POINT('',(-2.348480775301,-0.84,0.742364817767));
#3555 = VECTOR('',#3556,1.);
#3556 = DIRECTION('',(-0.161691392282,1.85013394127E-18,-0.986841372087)
  );
#3557 = ORIENTED_EDGE('',*,*,#3558,.T.);
#3558 = EDGE_CURVE('',#3551,#3559,#3561,.T.);
#3559 = VERTEX_POINT('',#3560);
#3560 = CARTESIAN_POINT('',(-2.724938966801,-0.84,-1.665334536938E-16));
#3561 = CIRCLE('',#3562,0.3);
#3562 = AXIS2_PLACEMENT_3D('',#3563,#3564,#3565);
#3563 = CARTESIAN_POINT('',(-2.724938966801,-0.84,0.3));
#3564 = DIRECTION('',(1.144237745222E-17,1.,7.703719777549E-34));
#3565 = DIRECTION('',(0.984807753012,-1.126854202784E-17,-0.173648177667
    ));
#3566 = ORIENTED_EDGE('',*,*,#3567,.T.);
#3567 = EDGE_CURVE('',#3559,#3568,#3570,.T.);
#3568 = VERTEX_POINT('',#3569);
#3569 = CARTESIAN_POINT('',(-3.,-0.84,-1.665334536938E-16));
#3570 = LINE('',#3571,#3572);
#3571 = CARTESIAN_POINT('',(-2.724938966801,-0.84,-1.665334536938E-16));
#3572 = VECTOR('',#3573,1.);
#3573 = DIRECTION('',(-1.,1.144237745222E-17,0.));
#3574 = ORIENTED_EDGE('',*,*,#3575,.T.);
#3575 = EDGE_CURVE('',#3568,#3576,#3578,.T.);
#3576 = VERTEX_POINT('',#3577);
#3577 = CARTESIAN_POINT('',(-3.,-0.84,0.2));
#3578 = LINE('',#3579,#3580);
#3579 = CARTESIAN_POINT('',(-3.,-0.84,-1.665334536938E-16));
#3580 = VECTOR('',#3581,1.);
#3581 = DIRECTION('',(0.,0.,1.));
#3582 = ORIENTED_EDGE('',*,*,#3583,.T.);
#3583 = EDGE_CURVE('',#3576,#3584,#3586,.T.);
#3584 = VERTEX_POINT('',#3585);
#3585 = CARTESIAN_POINT('',(-2.724938966801,-0.84,0.2));
#3586 = LINE('',#3587,#3588);
#3587 = CARTESIAN_POINT('',(-3.,-0.84,0.2));
#3588 = VECTOR('',#3589,1.);
#3589 = DIRECTION('',(1.,-1.144237745222E-17,0.));
#3590 = ORIENTED_EDGE('',*,*,#3591,.T.);
#3591 = EDGE_CURVE('',#3584,#3592,#3594,.T.);
#3592 = VERTEX_POINT('',#3593);
#3593 = CARTESIAN_POINT('',(-2.6264581915,-0.84,0.282635182233));
#3594 = CIRCLE('',#3595,0.1);
#3595 = AXIS2_PLACEMENT_3D('',#3596,#3597,#3598);
#3596 = CARTESIAN_POINT('',(-2.724938966801,-0.84,0.3));
#3597 = DIRECTION('',(-1.144237745222E-17,-1.,-0.));
#3598 = DIRECTION('',(0.,0.,-1.));
#3599 = ORIENTED_EDGE('',*,*,#3600,.T.);
#3600 = EDGE_CURVE('',#3592,#3601,#3603,.T.);
#3601 = VERTEX_POINT('',#3602);
#3602 = CARTESIAN_POINT('',(-2.545442325904,-0.84,0.7770944533));
#3603 = LINE('',#3604,#3605);
#3604 = CARTESIAN_POINT('',(-2.6264581915,-0.84,0.282635182233));
#3605 = VECTOR('',#3606,1.);
#3606 = DIRECTION('',(0.161691392282,-1.85013394127E-18,0.986841372087)
  );
#3607 = ORIENTED_EDGE('',*,*,#3608,.T.);
#3608 = EDGE_CURVE('',#3601,#3609,#3611,.T.);
#3609 = VERTEX_POINT('',#3610);
#3610 = CARTESIAN_POINT('',(-2.25,-0.84,1.025));
#3611 = CIRCLE('',#3612,0.3);
#3612 = AXIS2_PLACEMENT_3D('',#3613,#3614,#3615);
#3613 = CARTESIAN_POINT('',(-2.25,-0.84,0.725));
#3614 = DIRECTION('',(1.144237745222E-17,1.,7.703719777549E-34));
#3615 = DIRECTION('',(-0.984807753012,1.126854202784E-17,0.173648177667)
  );
#3616 = ORIENTED_EDGE('',*,*,#3617,.T.);
#3617 = EDGE_CURVE('',#3609,#2422,#3618,.T.);
#3618 = LINE('',#3619,#3620);
#3619 = CARTESIAN_POINT('',(-2.25,-0.84,1.025));
#3620 = VECTOR('',#3621,1.);
#3621 = DIRECTION('',(1.,-1.144237745222E-17,0.));
#3622 = PLANE('',#3623);
#3623 = AXIS2_PLACEMENT_3D('',#3624,#3625,#3626);
#3624 = CARTESIAN_POINT('',(-2.42560961319,-0.84,0.548953137803));
#3625 = DIRECTION('',(1.144237745222E-17,1.,0.));
#3626 = DIRECTION('',(0.,-0.,1.));
#3627 = ADVANCED_FACE('',(#3628),#3647,.F.);
#3628 = FACE_BOUND('',#3629,.F.);
#3629 = EDGE_LOOP('',(#3630,#3631,#3640,#3646));
#3630 = ORIENTED_EDGE('',*,*,#2460,.T.);
#3631 = ORIENTED_EDGE('',*,*,#3632,.T.);
#3632 = EDGE_CURVE('',#2453,#3633,#3635,.T.);
#3633 = VERTEX_POINT('',#3634);
#3634 = CARTESIAN_POINT('',(-2.348480775301,-0.43,0.742364817767));
#3635 = CIRCLE('',#3636,0.1);
#3636 = AXIS2_PLACEMENT_3D('',#3637,#3638,#3639);
#3637 = CARTESIAN_POINT('',(-2.25,-0.43,0.725));
#3638 = DIRECTION('',(-1.144237745222E-17,-1.,3.284293275761E-47));
#3639 = DIRECTION('',(-4.440892098501E-15,5.081436361563E-32,1.));
#3640 = ORIENTED_EDGE('',*,*,#3641,.F.);
#3641 = EDGE_CURVE('',#3542,#3633,#3642,.T.);
#3642 = LINE('',#3643,#3644);
#3643 = CARTESIAN_POINT('',(-2.348480775301,-0.84,0.742364817767));
#3644 = VECTOR('',#3645,1.);
#3645 = DIRECTION('',(1.144237745222E-17,1.,0.));
#3646 = ORIENTED_EDGE('',*,*,#3541,.F.);
#3647 = CYLINDRICAL_SURFACE('',#3648,0.1);
#3648 = AXIS2_PLACEMENT_3D('',#3649,#3650,#3651);
#3649 = CARTESIAN_POINT('',(-2.25,-0.84,0.725));
#3650 = DIRECTION('',(-1.144237745222E-17,-1.,0.));
#3651 = DIRECTION('',(-4.440892098501E-15,5.081436361563E-32,1.));
#3652 = ADVANCED_FACE('',(#3653),#3731,.T.);
#3653 = FACE_BOUND('',#3654,.T.);
#3654 = EDGE_LOOP('',(#3655,#3656,#3657,#3658,#3666,#3675,#3683,#3691,
    #3699,#3708,#3716,#3725));
#3655 = ORIENTED_EDGE('',*,*,#2474,.F.);
#3656 = ORIENTED_EDGE('',*,*,#2452,.T.);
#3657 = ORIENTED_EDGE('',*,*,#3632,.T.);
#3658 = ORIENTED_EDGE('',*,*,#3659,.T.);
#3659 = EDGE_CURVE('',#3633,#3660,#3662,.T.);
#3660 = VERTEX_POINT('',#3661);
#3661 = CARTESIAN_POINT('',(-2.429496640897,-0.43,0.2479055467));
#3662 = LINE('',#3663,#3664);
#3663 = CARTESIAN_POINT('',(-2.348480775301,-0.43,0.742364817767));
#3664 = VECTOR('',#3665,1.);
#3665 = DIRECTION('',(-0.161691392282,1.85013394127E-18,-0.986841372087)
  );
#3666 = ORIENTED_EDGE('',*,*,#3667,.T.);
#3667 = EDGE_CURVE('',#3660,#3668,#3670,.T.);
#3668 = VERTEX_POINT('',#3669);
#3669 = CARTESIAN_POINT('',(-2.724938966801,-0.43,-1.665334536938E-16));
#3670 = CIRCLE('',#3671,0.3);
#3671 = AXIS2_PLACEMENT_3D('',#3672,#3673,#3674);
#3672 = CARTESIAN_POINT('',(-2.724938966801,-0.43,0.3));
#3673 = DIRECTION('',(1.144237745222E-17,1.,7.703719777549E-34));
#3674 = DIRECTION('',(0.984807753012,-1.126854202784E-17,-0.173648177667
    ));
#3675 = ORIENTED_EDGE('',*,*,#3676,.T.);
#3676 = EDGE_CURVE('',#3668,#3677,#3679,.T.);
#3677 = VERTEX_POINT('',#3678);
#3678 = CARTESIAN_POINT('',(-3.,-0.43,-1.665334536938E-16));
#3679 = LINE('',#3680,#3681);
#3680 = CARTESIAN_POINT('',(-2.724938966801,-0.43,-1.665334536938E-16));
#3681 = VECTOR('',#3682,1.);
#3682 = DIRECTION('',(-1.,1.144237745222E-17,0.));
#3683 = ORIENTED_EDGE('',*,*,#3684,.T.);
#3684 = EDGE_CURVE('',#3677,#3685,#3687,.T.);
#3685 = VERTEX_POINT('',#3686);
#3686 = CARTESIAN_POINT('',(-3.,-0.43,0.2));
#3687 = LINE('',#3688,#3689);
#3688 = CARTESIAN_POINT('',(-3.,-0.43,-1.665334536938E-16));
#3689 = VECTOR('',#3690,1.);
#3690 = DIRECTION('',(0.,0.,1.));
#3691 = ORIENTED_EDGE('',*,*,#3692,.T.);
#3692 = EDGE_CURVE('',#3685,#3693,#3695,.T.);
#3693 = VERTEX_POINT('',#3694);
#3694 = CARTESIAN_POINT('',(-2.724938966801,-0.43,0.2));
#3695 = LINE('',#3696,#3697);
#3696 = CARTESIAN_POINT('',(-3.,-0.43,0.2));
#3697 = VECTOR('',#3698,1.);
#3698 = DIRECTION('',(1.,-1.144237745222E-17,0.));
#3699 = ORIENTED_EDGE('',*,*,#3700,.T.);
#3700 = EDGE_CURVE('',#3693,#3701,#3703,.T.);
#3701 = VERTEX_POINT('',#3702);
#3702 = CARTESIAN_POINT('',(-2.6264581915,-0.43,0.282635182233));
#3703 = CIRCLE('',#3704,0.1);
#3704 = AXIS2_PLACEMENT_3D('',#3705,#3706,#3707);
#3705 = CARTESIAN_POINT('',(-2.724938966801,-0.43,0.3));
#3706 = DIRECTION('',(-1.144237745222E-17,-1.,-0.));
#3707 = DIRECTION('',(0.,0.,-1.));
#3708 = ORIENTED_EDGE('',*,*,#3709,.T.);
#3709 = EDGE_CURVE('',#3701,#3710,#3712,.T.);
#3710 = VERTEX_POINT('',#3711);
#3711 = CARTESIAN_POINT('',(-2.545442325904,-0.43,0.7770944533));
#3712 = LINE('',#3713,#3714);
#3713 = CARTESIAN_POINT('',(-2.6264581915,-0.43,0.282635182233));
#3714 = VECTOR('',#3715,1.);
#3715 = DIRECTION('',(0.161691392282,-1.85013394127E-18,0.986841372087)
  );
#3716 = ORIENTED_EDGE('',*,*,#3717,.T.);
#3717 = EDGE_CURVE('',#3710,#3718,#3720,.T.);
#3718 = VERTEX_POINT('',#3719);
#3719 = CARTESIAN_POINT('',(-2.25,-0.43,1.025));
#3720 = CIRCLE('',#3721,0.3);
#3721 = AXIS2_PLACEMENT_3D('',#3722,#3723,#3724);
#3722 = CARTESIAN_POINT('',(-2.25,-0.43,0.725));
#3723 = DIRECTION('',(1.144237745222E-17,1.,7.703719777549E-34));
#3724 = DIRECTION('',(-0.984807753012,1.126854202784E-17,0.173648177667)
  );
#3725 = ORIENTED_EDGE('',*,*,#3726,.T.);
#3726 = EDGE_CURVE('',#3718,#2475,#3727,.T.);
#3727 = LINE('',#3728,#3729);
#3728 = CARTESIAN_POINT('',(-2.25,-0.43,1.025));
#3729 = VECTOR('',#3730,1.);
#3730 = DIRECTION('',(1.,-1.144237745222E-17,0.));
#3731 = PLANE('',#3732);
#3732 = AXIS2_PLACEMENT_3D('',#3733,#3734,#3735);
#3733 = CARTESIAN_POINT('',(-2.42560961319,-0.43,0.548953137803));
#3734 = DIRECTION('',(1.144237745222E-17,1.,0.));
#3735 = DIRECTION('',(0.,-0.,1.));
#3736 = ADVANCED_FACE('',(#3737),#3753,.F.);
#3737 = FACE_BOUND('',#3738,.F.);
#3738 = EDGE_LOOP('',(#3739,#3740,#3746,#3747));
#3739 = ORIENTED_EDGE('',*,*,#2491,.T.);
#3740 = ORIENTED_EDGE('',*,*,#3741,.T.);
#3741 = EDGE_CURVE('',#2484,#3022,#3742,.T.);
#3742 = LINE('',#3743,#3744);
#3743 = CARTESIAN_POINT('',(-2.25,0.43,1.025));
#3744 = VECTOR('',#3745,1.);
#3745 = DIRECTION('',(1.,-1.144237745222E-17,0.));
#3746 = ORIENTED_EDGE('',*,*,#3021,.F.);
#3747 = ORIENTED_EDGE('',*,*,#3748,.F.);
#3748 = EDGE_CURVE('',#2475,#3014,#3749,.T.);
#3749 = LINE('',#3750,#3751);
#3750 = CARTESIAN_POINT('',(-2.25,-0.43,1.025));
#3751 = VECTOR('',#3752,1.);
#3752 = DIRECTION('',(1.,-1.144237745222E-17,0.));
#3753 = PLANE('',#3754);
#3754 = AXIS2_PLACEMENT_3D('',#3755,#3756,#3757);
#3755 = CARTESIAN_POINT('',(-3.027078129022E-16,2.4125,1.025));
#3756 = DIRECTION('',(2.007919022429E-31,-7.713306628828E-27,-1.));
#3757 = DIRECTION('',(1.,1.112083013911E-16,2.00791902242E-31));
#3758 = ADVANCED_FACE('',(#3759),#3845,.F.);
#3759 = FACE_BOUND('',#3760,.F.);
#3760 = EDGE_LOOP('',(#3761,#3762,#3763,#3772,#3780,#3789,#3797,#3805,
    #3813,#3822,#3830,#3839));
#3761 = ORIENTED_EDGE('',*,*,#2483,.F.);
#3762 = ORIENTED_EDGE('',*,*,#2505,.T.);
#3763 = ORIENTED_EDGE('',*,*,#3764,.T.);
#3764 = EDGE_CURVE('',#2506,#3765,#3767,.T.);
#3765 = VERTEX_POINT('',#3766);
#3766 = CARTESIAN_POINT('',(-2.348480775301,0.43,0.742364817767));
#3767 = CIRCLE('',#3768,0.1);
#3768 = AXIS2_PLACEMENT_3D('',#3769,#3770,#3771);
#3769 = CARTESIAN_POINT('',(-2.25,0.43,0.725));
#3770 = DIRECTION('',(-1.144237745222E-17,-1.,3.284293275761E-47));
#3771 = DIRECTION('',(-4.440892098501E-15,5.081436361563E-32,1.));
#3772 = ORIENTED_EDGE('',*,*,#3773,.T.);
#3773 = EDGE_CURVE('',#3765,#3774,#3776,.T.);
#3774 = VERTEX_POINT('',#3775);
#3775 = CARTESIAN_POINT('',(-2.429496640897,0.43,0.2479055467));
#3776 = LINE('',#3777,#3778);
#3777 = CARTESIAN_POINT('',(-2.348480775301,0.43,0.742364817767));
#3778 = VECTOR('',#3779,1.);
#3779 = DIRECTION('',(-0.161691392282,1.85013394127E-18,-0.986841372087)
  );
#3780 = ORIENTED_EDGE('',*,*,#3781,.T.);
#3781 = EDGE_CURVE('',#3774,#3782,#3784,.T.);
#3782 = VERTEX_POINT('',#3783);
#3783 = CARTESIAN_POINT('',(-2.724938966801,0.43,-1.665334536938E-16));
#3784 = CIRCLE('',#3785,0.3);
#3785 = AXIS2_PLACEMENT_3D('',#3786,#3787,#3788);
#3786 = CARTESIAN_POINT('',(-2.724938966801,0.43,0.3));
#3787 = DIRECTION('',(1.144237745222E-17,1.,7.703719777549E-34));
#3788 = DIRECTION('',(0.984807753012,-1.126854202784E-17,-0.173648177667
    ));
#3789 = ORIENTED_EDGE('',*,*,#3790,.T.);
#3790 = EDGE_CURVE('',#3782,#3791,#3793,.T.);
#3791 = VERTEX_POINT('',#3792);
#3792 = CARTESIAN_POINT('',(-3.,0.43,-1.665334536938E-16));
#3793 = LINE('',#3794,#3795);
#3794 = CARTESIAN_POINT('',(-2.724938966801,0.43,-1.665334536938E-16));
#3795 = VECTOR('',#3796,1.);
#3796 = DIRECTION('',(-1.,1.144237745222E-17,0.));
#3797 = ORIENTED_EDGE('',*,*,#3798,.T.);
#3798 = EDGE_CURVE('',#3791,#3799,#3801,.T.);
#3799 = VERTEX_POINT('',#3800);
#3800 = CARTESIAN_POINT('',(-3.,0.43,0.2));
#3801 = LINE('',#3802,#3803);
#3802 = CARTESIAN_POINT('',(-3.,0.43,-1.665334536938E-16));
#3803 = VECTOR('',#3804,1.);
#3804 = DIRECTION('',(0.,0.,1.));
#3805 = ORIENTED_EDGE('',*,*,#3806,.T.);
#3806 = EDGE_CURVE('',#3799,#3807,#3809,.T.);
#3807 = VERTEX_POINT('',#3808);
#3808 = CARTESIAN_POINT('',(-2.724938966801,0.43,0.2));
#3809 = LINE('',#3810,#3811);
#3810 = CARTESIAN_POINT('',(-3.,0.43,0.2));
#3811 = VECTOR('',#3812,1.);
#3812 = DIRECTION('',(1.,-1.144237745222E-17,0.));
#3813 = ORIENTED_EDGE('',*,*,#3814,.T.);
#3814 = EDGE_CURVE('',#3807,#3815,#3817,.T.);
#3815 = VERTEX_POINT('',#3816);
#3816 = CARTESIAN_POINT('',(-2.6264581915,0.43,0.282635182233));
#3817 = CIRCLE('',#3818,0.1);
#3818 = AXIS2_PLACEMENT_3D('',#3819,#3820,#3821);
#3819 = CARTESIAN_POINT('',(-2.724938966801,0.43,0.3));
#3820 = DIRECTION('',(-1.144237745222E-17,-1.,-0.));
#3821 = DIRECTION('',(0.,0.,-1.));
#3822 = ORIENTED_EDGE('',*,*,#3823,.T.);
#3823 = EDGE_CURVE('',#3815,#3824,#3826,.T.);
#3824 = VERTEX_POINT('',#3825);
#3825 = CARTESIAN_POINT('',(-2.545442325904,0.43,0.7770944533));
#3826 = LINE('',#3827,#3828);
#3827 = CARTESIAN_POINT('',(-2.6264581915,0.43,0.282635182233));
#3828 = VECTOR('',#3829,1.);
#3829 = DIRECTION('',(0.161691392282,-1.85013394127E-18,0.986841372087)
  );
#3830 = ORIENTED_EDGE('',*,*,#3831,.T.);
#3831 = EDGE_CURVE('',#3824,#3832,#3834,.T.);
#3832 = VERTEX_POINT('',#3833);
#3833 = CARTESIAN_POINT('',(-2.25,0.43,1.025));
#3834 = CIRCLE('',#3835,0.3);
#3835 = AXIS2_PLACEMENT_3D('',#3836,#3837,#3838);
#3836 = CARTESIAN_POINT('',(-2.25,0.43,0.725));
#3837 = DIRECTION('',(1.144237745222E-17,1.,7.703719777549E-34));
#3838 = DIRECTION('',(-0.984807753012,1.126854202784E-17,0.173648177667)
  );
#3839 = ORIENTED_EDGE('',*,*,#3840,.T.);
#3840 = EDGE_CURVE('',#3832,#2484,#3841,.T.);
#3841 = LINE('',#3842,#3843);
#3842 = CARTESIAN_POINT('',(-2.25,0.43,1.025));
#3843 = VECTOR('',#3844,1.);
#3844 = DIRECTION('',(1.,-1.144237745222E-17,0.));
#3845 = PLANE('',#3846);
#3846 = AXIS2_PLACEMENT_3D('',#3847,#3848,#3849);
#3847 = CARTESIAN_POINT('',(-2.42560961319,0.43,0.548953137803));
#3848 = DIRECTION('',(1.144237745222E-17,1.,0.));
#3849 = DIRECTION('',(0.,-0.,1.));
#3850 = ADVANCED_FACE('',(#3851),#3870,.F.);
#3851 = FACE_BOUND('',#3852,.F.);
#3852 = EDGE_LOOP('',(#3853,#3854,#3863,#3869));
#3853 = ORIENTED_EDGE('',*,*,#2522,.T.);
#3854 = ORIENTED_EDGE('',*,*,#3855,.T.);
#3855 = EDGE_CURVE('',#2515,#3856,#3858,.T.);
#3856 = VERTEX_POINT('',#3857);
#3857 = CARTESIAN_POINT('',(-2.348480775301,0.84,0.742364817767));
#3858 = CIRCLE('',#3859,0.1);
#3859 = AXIS2_PLACEMENT_3D('',#3860,#3861,#3862);
#3860 = CARTESIAN_POINT('',(-2.25,0.84,0.725));
#3861 = DIRECTION('',(-1.144237745222E-17,-1.,3.284293275761E-47));
#3862 = DIRECTION('',(-4.440892098501E-15,5.081436361563E-32,1.));
#3863 = ORIENTED_EDGE('',*,*,#3864,.F.);
#3864 = EDGE_CURVE('',#3765,#3856,#3865,.T.);
#3865 = LINE('',#3866,#3867);
#3866 = CARTESIAN_POINT('',(-2.348480775301,0.43,0.742364817767));
#3867 = VECTOR('',#3868,1.);
#3868 = DIRECTION('',(1.144237745222E-17,1.,0.));
#3869 = ORIENTED_EDGE('',*,*,#3764,.F.);
#3870 = CYLINDRICAL_SURFACE('',#3871,0.1);
#3871 = AXIS2_PLACEMENT_3D('',#3872,#3873,#3874);
#3872 = CARTESIAN_POINT('',(-2.25,0.43,0.725));
#3873 = DIRECTION('',(-1.144237745222E-17,-1.,0.));
#3874 = DIRECTION('',(-4.440892098501E-15,5.081436361563E-32,1.));
#3875 = ADVANCED_FACE('',(#3876),#3954,.T.);
#3876 = FACE_BOUND('',#3877,.T.);
#3877 = EDGE_LOOP('',(#3878,#3879,#3880,#3881,#3889,#3898,#3906,#3914,
    #3922,#3931,#3939,#3948));
#3878 = ORIENTED_EDGE('',*,*,#2536,.F.);
#3879 = ORIENTED_EDGE('',*,*,#2514,.T.);
#3880 = ORIENTED_EDGE('',*,*,#3855,.T.);
#3881 = ORIENTED_EDGE('',*,*,#3882,.T.);
#3882 = EDGE_CURVE('',#3856,#3883,#3885,.T.);
#3883 = VERTEX_POINT('',#3884);
#3884 = CARTESIAN_POINT('',(-2.429496640897,0.84,0.2479055467));
#3885 = LINE('',#3886,#3887);
#3886 = CARTESIAN_POINT('',(-2.348480775301,0.84,0.742364817767));
#3887 = VECTOR('',#3888,1.);
#3888 = DIRECTION('',(-0.161691392282,1.85013394127E-18,-0.986841372087)
  );
#3889 = ORIENTED_EDGE('',*,*,#3890,.T.);
#3890 = EDGE_CURVE('',#3883,#3891,#3893,.T.);
#3891 = VERTEX_POINT('',#3892);
#3892 = CARTESIAN_POINT('',(-2.724938966801,0.84,-1.665334536938E-16));
#3893 = CIRCLE('',#3894,0.3);
#3894 = AXIS2_PLACEMENT_3D('',#3895,#3896,#3897);
#3895 = CARTESIAN_POINT('',(-2.724938966801,0.84,0.3));
#3896 = DIRECTION('',(1.144237745222E-17,1.,7.703719777549E-34));
#3897 = DIRECTION('',(0.984807753012,-1.126854202784E-17,-0.173648177667
    ));
#3898 = ORIENTED_EDGE('',*,*,#3899,.T.);
#3899 = EDGE_CURVE('',#3891,#3900,#3902,.T.);
#3900 = VERTEX_POINT('',#3901);
#3901 = CARTESIAN_POINT('',(-3.,0.84,-1.665334536938E-16));
#3902 = LINE('',#3903,#3904);
#3903 = CARTESIAN_POINT('',(-2.724938966801,0.84,-1.665334536938E-16));
#3904 = VECTOR('',#3905,1.);
#3905 = DIRECTION('',(-1.,1.144237745222E-17,0.));
#3906 = ORIENTED_EDGE('',*,*,#3907,.T.);
#3907 = EDGE_CURVE('',#3900,#3908,#3910,.T.);
#3908 = VERTEX_POINT('',#3909);
#3909 = CARTESIAN_POINT('',(-3.,0.84,0.2));
#3910 = LINE('',#3911,#3912);
#3911 = CARTESIAN_POINT('',(-3.,0.84,-1.665334536938E-16));
#3912 = VECTOR('',#3913,1.);
#3913 = DIRECTION('',(0.,0.,1.));
#3914 = ORIENTED_EDGE('',*,*,#3915,.T.);
#3915 = EDGE_CURVE('',#3908,#3916,#3918,.T.);
#3916 = VERTEX_POINT('',#3917);
#3917 = CARTESIAN_POINT('',(-2.724938966801,0.84,0.2));
#3918 = LINE('',#3919,#3920);
#3919 = CARTESIAN_POINT('',(-3.,0.84,0.2));
#3920 = VECTOR('',#3921,1.);
#3921 = DIRECTION('',(1.,-1.144237745222E-17,0.));
#3922 = ORIENTED_EDGE('',*,*,#3923,.T.);
#3923 = EDGE_CURVE('',#3916,#3924,#3926,.T.);
#3924 = VERTEX_POINT('',#3925);
#3925 = CARTESIAN_POINT('',(-2.6264581915,0.84,0.282635182233));
#3926 = CIRCLE('',#3927,0.1);
#3927 = AXIS2_PLACEMENT_3D('',#3928,#3929,#3930);
#3928 = CARTESIAN_POINT('',(-2.724938966801,0.84,0.3));
#3929 = DIRECTION('',(-1.144237745222E-17,-1.,-0.));
#3930 = DIRECTION('',(0.,0.,-1.));
#3931 = ORIENTED_EDGE('',*,*,#3932,.T.);
#3932 = EDGE_CURVE('',#3924,#3933,#3935,.T.);
#3933 = VERTEX_POINT('',#3934);
#3934 = CARTESIAN_POINT('',(-2.545442325904,0.84,0.7770944533));
#3935 = LINE('',#3936,#3937);
#3936 = CARTESIAN_POINT('',(-2.6264581915,0.84,0.282635182233));
#3937 = VECTOR('',#3938,1.);
#3938 = DIRECTION('',(0.161691392282,-1.85013394127E-18,0.986841372087)
  );
#3939 = ORIENTED_EDGE('',*,*,#3940,.T.);
#3940 = EDGE_CURVE('',#3933,#3941,#3943,.T.);
#3941 = VERTEX_POINT('',#3942);
#3942 = CARTESIAN_POINT('',(-2.25,0.84,1.025));
#3943 = CIRCLE('',#3944,0.3);
#3944 = AXIS2_PLACEMENT_3D('',#3945,#3946,#3947);
#3945 = CARTESIAN_POINT('',(-2.25,0.84,0.725));
#3946 = DIRECTION('',(1.144237745222E-17,1.,7.703719777549E-34));
#3947 = DIRECTION('',(-0.984807753012,1.126854202784E-17,0.173648177667)
  );
#3948 = ORIENTED_EDGE('',*,*,#3949,.T.);
#3949 = EDGE_CURVE('',#3941,#2537,#3950,.T.);
#3950 = LINE('',#3951,#3952);
#3951 = CARTESIAN_POINT('',(-2.25,0.84,1.025));
#3952 = VECTOR('',#3953,1.);
#3953 = DIRECTION('',(1.,-1.144237745222E-17,0.));
#3954 = PLANE('',#3955);
#3955 = AXIS2_PLACEMENT_3D('',#3956,#3957,#3958);
#3956 = CARTESIAN_POINT('',(-2.42560961319,0.84,0.548953137803));
#3957 = DIRECTION('',(1.144237745222E-17,1.,0.));
#3958 = DIRECTION('',(0.,-0.,1.));
#3959 = ADVANCED_FACE('',(#3960),#3971,.F.);
#3960 = FACE_BOUND('',#3961,.F.);
#3961 = EDGE_LOOP('',(#3962,#3963,#3964,#3965));
#3962 = ORIENTED_EDGE('',*,*,#2553,.T.);
#3963 = ORIENTED_EDGE('',*,*,#2973,.T.);
#3964 = ORIENTED_EDGE('',*,*,#3037,.F.);
#3965 = ORIENTED_EDGE('',*,*,#3966,.F.);
#3966 = EDGE_CURVE('',#2537,#3030,#3967,.T.);
#3967 = LINE('',#3968,#3969);
#3968 = CARTESIAN_POINT('',(-2.25,0.84,1.025));
#3969 = VECTOR('',#3970,1.);
#3970 = DIRECTION('',(1.,-1.144237745222E-17,0.));
#3971 = PLANE('',#3972);
#3972 = AXIS2_PLACEMENT_3D('',#3973,#3974,#3975);
#3973 = CARTESIAN_POINT('',(-3.027078129022E-16,2.4125,1.025));
#3974 = DIRECTION('',(2.007919022429E-31,-7.713306628828E-27,-1.));
#3975 = DIRECTION('',(1.,1.112083013911E-16,2.00791902242E-31));
#3976 = ADVANCED_FACE('',(#3977),#4056,.F.);
#3977 = FACE_BOUND('',#3978,.F.);
#3978 = EDGE_LOOP('',(#3979,#3980,#3981,#3990,#3998,#4007,#4015,#4023,
    #4031,#4040,#4048,#4055));
#3979 = ORIENTED_EDGE('',*,*,#2545,.F.);
#3980 = ORIENTED_EDGE('',*,*,#2567,.T.);
#3981 = ORIENTED_EDGE('',*,*,#3982,.T.);
#3982 = EDGE_CURVE('',#2568,#3983,#3985,.T.);
#3983 = VERTEX_POINT('',#3984);
#3984 = CARTESIAN_POINT('',(-2.348480775301,1.7,0.742364817767));
#3985 = CIRCLE('',#3986,0.1);
#3986 = AXIS2_PLACEMENT_3D('',#3987,#3988,#3989);
#3987 = CARTESIAN_POINT('',(-2.25,1.7,0.725));
#3988 = DIRECTION('',(-1.144237745222E-17,-1.,3.284293275761E-47));
#3989 = DIRECTION('',(-4.440892098501E-15,5.081436361563E-32,1.));
#3990 = ORIENTED_EDGE('',*,*,#3991,.T.);
#3991 = EDGE_CURVE('',#3983,#3992,#3994,.T.);
#3992 = VERTEX_POINT('',#3993);
#3993 = CARTESIAN_POINT('',(-2.429496640897,1.7,0.2479055467));
#3994 = LINE('',#3995,#3996);
#3995 = CARTESIAN_POINT('',(-2.348480775301,1.7,0.742364817767));
#3996 = VECTOR('',#3997,1.);
#3997 = DIRECTION('',(-0.161691392282,1.85013394127E-18,-0.986841372087)
  );
#3998 = ORIENTED_EDGE('',*,*,#3999,.T.);
#3999 = EDGE_CURVE('',#3992,#4000,#4002,.T.);
#4000 = VERTEX_POINT('',#4001);
#4001 = CARTESIAN_POINT('',(-2.724938966801,1.7,-1.665334536938E-16));
#4002 = CIRCLE('',#4003,0.3);
#4003 = AXIS2_PLACEMENT_3D('',#4004,#4005,#4006);
#4004 = CARTESIAN_POINT('',(-2.724938966801,1.7,0.3));
#4005 = DIRECTION('',(1.144237745222E-17,1.,7.703719777549E-34));
#4006 = DIRECTION('',(0.984807753012,-1.126854202784E-17,-0.173648177667
    ));
#4007 = ORIENTED_EDGE('',*,*,#4008,.T.);
#4008 = EDGE_CURVE('',#4000,#4009,#4011,.T.);
#4009 = VERTEX_POINT('',#4010);
#4010 = CARTESIAN_POINT('',(-3.,1.7,-1.665334536938E-16));
#4011 = LINE('',#4012,#4013);
#4012 = CARTESIAN_POINT('',(-2.724938966801,1.7,-1.665334536938E-16));
#4013 = VECTOR('',#4014,1.);
#4014 = DIRECTION('',(-1.,1.144237745222E-17,0.));
#4015 = ORIENTED_EDGE('',*,*,#4016,.T.);
#4016 = EDGE_CURVE('',#4009,#4017,#4019,.T.);
#4017 = VERTEX_POINT('',#4018);
#4018 = CARTESIAN_POINT('',(-3.,1.7,0.2));
#4019 = LINE('',#4020,#4021);
#4020 = CARTESIAN_POINT('',(-3.,1.7,-1.665334536938E-16));
#4021 = VECTOR('',#4022,1.);
#4022 = DIRECTION('',(0.,0.,1.));
#4023 = ORIENTED_EDGE('',*,*,#4024,.T.);
#4024 = EDGE_CURVE('',#4017,#4025,#4027,.T.);
#4025 = VERTEX_POINT('',#4026);
#4026 = CARTESIAN_POINT('',(-2.724938966801,1.7,0.2));
#4027 = LINE('',#4028,#4029);
#4028 = CARTESIAN_POINT('',(-3.,1.7,0.2));
#4029 = VECTOR('',#4030,1.);
#4030 = DIRECTION('',(1.,-1.144237745222E-17,0.));
#4031 = ORIENTED_EDGE('',*,*,#4032,.T.);
#4032 = EDGE_CURVE('',#4025,#4033,#4035,.T.);
#4033 = VERTEX_POINT('',#4034);
#4034 = CARTESIAN_POINT('',(-2.6264581915,1.7,0.282635182233));
#4035 = CIRCLE('',#4036,0.1);
#4036 = AXIS2_PLACEMENT_3D('',#4037,#4038,#4039);
#4037 = CARTESIAN_POINT('',(-2.724938966801,1.7,0.3));
#4038 = DIRECTION('',(-1.144237745222E-17,-1.,-0.));
#4039 = DIRECTION('',(0.,0.,-1.));
#4040 = ORIENTED_EDGE('',*,*,#4041,.T.);
#4041 = EDGE_CURVE('',#4033,#4042,#4044,.T.);
#4042 = VERTEX_POINT('',#4043);
#4043 = CARTESIAN_POINT('',(-2.545442325904,1.7,0.7770944533));
#4044 = LINE('',#4045,#4046);
#4045 = CARTESIAN_POINT('',(-2.6264581915,1.7,0.282635182233));
#4046 = VECTOR('',#4047,1.);
#4047 = DIRECTION('',(0.161691392282,-1.85013394127E-18,0.986841372087)
  );
#4048 = ORIENTED_EDGE('',*,*,#4049,.T.);
#4049 = EDGE_CURVE('',#4042,#2943,#4050,.T.);
#4050 = CIRCLE('',#4051,0.3);
#4051 = AXIS2_PLACEMENT_3D('',#4052,#4053,#4054);
#4052 = CARTESIAN_POINT('',(-2.25,1.7,0.725));
#4053 = DIRECTION('',(1.144237745222E-17,1.,7.703719777549E-34));
#4054 = DIRECTION('',(-0.984807753012,1.126854202784E-17,0.173648177667)
  );
#4055 = ORIENTED_EDGE('',*,*,#2942,.T.);
#4056 = PLANE('',#4057);
#4057 = AXIS2_PLACEMENT_3D('',#4058,#4059,#4060);
#4058 = CARTESIAN_POINT('',(-2.42560961319,1.7,0.548953137803));
#4059 = DIRECTION('',(1.144237745222E-17,1.,0.));
#4060 = DIRECTION('',(0.,-0.,1.));
#4061 = ADVANCED_FACE('',(#4062),#4081,.F.);
#4062 = FACE_BOUND('',#4063,.F.);
#4063 = EDGE_LOOP('',(#4064,#4065,#4074,#4080));
#4064 = ORIENTED_EDGE('',*,*,#2584,.T.);
#4065 = ORIENTED_EDGE('',*,*,#4066,.T.);
#4066 = EDGE_CURVE('',#2577,#4067,#4069,.T.);
#4067 = VERTEX_POINT('',#4068);
#4068 = CARTESIAN_POINT('',(-2.348480775301,2.11,0.742364817767));
#4069 = CIRCLE('',#4070,0.1);
#4070 = AXIS2_PLACEMENT_3D('',#4071,#4072,#4073);
#4071 = CARTESIAN_POINT('',(-2.25,2.11,0.725));
#4072 = DIRECTION('',(-1.144237745222E-17,-1.,3.284293275761E-47));
#4073 = DIRECTION('',(-4.440892098501E-15,5.081436361563E-32,1.));
#4074 = ORIENTED_EDGE('',*,*,#4075,.F.);
#4075 = EDGE_CURVE('',#3983,#4067,#4076,.T.);
#4076 = LINE('',#4077,#4078);
#4077 = CARTESIAN_POINT('',(-2.348480775301,1.7,0.742364817767));
#4078 = VECTOR('',#4079,1.);
#4079 = DIRECTION('',(1.144237745222E-17,1.,0.));
#4080 = ORIENTED_EDGE('',*,*,#3982,.F.);
#4081 = CYLINDRICAL_SURFACE('',#4082,0.1);
#4082 = AXIS2_PLACEMENT_3D('',#4083,#4084,#4085);
#4083 = CARTESIAN_POINT('',(-2.25,1.7,0.725));
#4084 = DIRECTION('',(-1.144237745222E-17,-1.,0.));
#4085 = DIRECTION('',(-4.440892098501E-15,5.081436361563E-32,1.));
#4086 = ADVANCED_FACE('',(#4087),#4158,.T.);
#4087 = FACE_BOUND('',#4088,.T.);
#4088 = EDGE_LOOP('',(#4089,#4090,#4091,#4092,#4100,#4109,#4117,#4125,
    #4133,#4142,#4150,#4157));
#4089 = ORIENTED_EDGE('',*,*,#2598,.F.);
#4090 = ORIENTED_EDGE('',*,*,#2576,.T.);
#4091 = ORIENTED_EDGE('',*,*,#4066,.T.);
#4092 = ORIENTED_EDGE('',*,*,#4093,.T.);
#4093 = EDGE_CURVE('',#4067,#4094,#4096,.T.);
#4094 = VERTEX_POINT('',#4095);
#4095 = CARTESIAN_POINT('',(-2.429496640897,2.11,0.2479055467));
#4096 = LINE('',#4097,#4098);
#4097 = CARTESIAN_POINT('',(-2.348480775301,2.11,0.742364817767));
#4098 = VECTOR('',#4099,1.);
#4099 = DIRECTION('',(-0.161691392282,1.85013394127E-18,-0.986841372087)
  );
#4100 = ORIENTED_EDGE('',*,*,#4101,.T.);
#4101 = EDGE_CURVE('',#4094,#4102,#4104,.T.);
#4102 = VERTEX_POINT('',#4103);
#4103 = CARTESIAN_POINT('',(-2.724938966801,2.11,-1.665334536938E-16));
#4104 = CIRCLE('',#4105,0.3);
#4105 = AXIS2_PLACEMENT_3D('',#4106,#4107,#4108);
#4106 = CARTESIAN_POINT('',(-2.724938966801,2.11,0.3));
#4107 = DIRECTION('',(1.144237745222E-17,1.,7.703719777549E-34));
#4108 = DIRECTION('',(0.984807753012,-1.126854202784E-17,-0.173648177667
    ));
#4109 = ORIENTED_EDGE('',*,*,#4110,.T.);
#4110 = EDGE_CURVE('',#4102,#4111,#4113,.T.);
#4111 = VERTEX_POINT('',#4112);
#4112 = CARTESIAN_POINT('',(-3.,2.11,-1.665334536938E-16));
#4113 = LINE('',#4114,#4115);
#4114 = CARTESIAN_POINT('',(-2.724938966801,2.11,-1.665334536938E-16));
#4115 = VECTOR('',#4116,1.);
#4116 = DIRECTION('',(-1.,1.144237745222E-17,0.));
#4117 = ORIENTED_EDGE('',*,*,#4118,.T.);
#4118 = EDGE_CURVE('',#4111,#4119,#4121,.T.);
#4119 = VERTEX_POINT('',#4120);
#4120 = CARTESIAN_POINT('',(-3.,2.11,0.2));
#4121 = LINE('',#4122,#4123);
#4122 = CARTESIAN_POINT('',(-3.,2.11,-1.665334536938E-16));
#4123 = VECTOR('',#4124,1.);
#4124 = DIRECTION('',(0.,0.,1.));
#4125 = ORIENTED_EDGE('',*,*,#4126,.T.);
#4126 = EDGE_CURVE('',#4119,#4127,#4129,.T.);
#4127 = VERTEX_POINT('',#4128);
#4128 = CARTESIAN_POINT('',(-2.724938966801,2.11,0.2));
#4129 = LINE('',#4130,#4131);
#4130 = CARTESIAN_POINT('',(-3.,2.11,0.2));
#4131 = VECTOR('',#4132,1.);
#4132 = DIRECTION('',(1.,-1.144237745222E-17,0.));
#4133 = ORIENTED_EDGE('',*,*,#4134,.T.);
#4134 = EDGE_CURVE('',#4127,#4135,#4137,.T.);
#4135 = VERTEX_POINT('',#4136);
#4136 = CARTESIAN_POINT('',(-2.6264581915,2.11,0.282635182233));
#4137 = CIRCLE('',#4138,0.1);
#4138 = AXIS2_PLACEMENT_3D('',#4139,#4140,#4141);
#4139 = CARTESIAN_POINT('',(-2.724938966801,2.11,0.3));
#4140 = DIRECTION('',(-1.144237745222E-17,-1.,-0.));
#4141 = DIRECTION('',(0.,0.,-1.));
#4142 = ORIENTED_EDGE('',*,*,#4143,.T.);
#4143 = EDGE_CURVE('',#4135,#4144,#4146,.T.);
#4144 = VERTEX_POINT('',#4145);
#4145 = CARTESIAN_POINT('',(-2.545442325904,2.11,0.7770944533));
#4146 = LINE('',#4147,#4148);
#4147 = CARTESIAN_POINT('',(-2.6264581915,2.11,0.282635182233));
#4148 = VECTOR('',#4149,1.);
#4149 = DIRECTION('',(0.161691392282,-1.85013394127E-18,0.986841372087)
  );
#4150 = ORIENTED_EDGE('',*,*,#4151,.T.);
#4151 = EDGE_CURVE('',#4144,#2951,#4152,.T.);
#4152 = CIRCLE('',#4153,0.3);
#4153 = AXIS2_PLACEMENT_3D('',#4154,#4155,#4156);
#4154 = CARTESIAN_POINT('',(-2.25,2.11,0.725));
#4155 = DIRECTION('',(1.144237745222E-17,1.,7.703719777549E-34));
#4156 = DIRECTION('',(-0.984807753012,1.126854202784E-17,0.173648177667)
  );
#4157 = ORIENTED_EDGE('',*,*,#2958,.T.);
#4158 = PLANE('',#4159);
#4159 = AXIS2_PLACEMENT_3D('',#4160,#4161,#4162);
#4160 = CARTESIAN_POINT('',(-2.42560961319,2.11,0.548953137803));
#4161 = DIRECTION('',(1.144237745222E-17,1.,0.));
#4162 = DIRECTION('',(0.,-0.,1.));
#4163 = ADVANCED_FACE('',(#4164),#4243,.F.);
#4164 = FACE_BOUND('',#4165,.F.);
#4165 = EDGE_LOOP('',(#4166,#4167,#4168,#4177,#4185,#4194,#4202,#4210,
    #4218,#4227,#4235,#4242));
#4166 = ORIENTED_EDGE('',*,*,#2617,.F.);
#4167 = ORIENTED_EDGE('',*,*,#2632,.T.);
#4168 = ORIENTED_EDGE('',*,*,#4169,.T.);
#4169 = EDGE_CURVE('',#2633,#4170,#4172,.T.);
#4170 = VERTEX_POINT('',#4171);
#4171 = CARTESIAN_POINT('',(2.348480775301,2.11,0.742364817767));
#4172 = CIRCLE('',#4173,0.1);
#4173 = AXIS2_PLACEMENT_3D('',#4174,#4175,#4176);
#4174 = CARTESIAN_POINT('',(2.25,2.11,0.725));
#4175 = DIRECTION('',(-1.110223024625E-16,1.,0.));
#4176 = DIRECTION('',(4.440892098501E-15,4.930380657631E-31,1.));
#4177 = ORIENTED_EDGE('',*,*,#4178,.T.);
#4178 = EDGE_CURVE('',#4170,#4179,#4181,.T.);
#4179 = VERTEX_POINT('',#4180);
#4180 = CARTESIAN_POINT('',(2.429496640897,2.11,0.2479055467));
#4181 = LINE('',#4182,#4183);
#4182 = CARTESIAN_POINT('',(2.348480775301,2.11,0.742364817767));
#4183 = VECTOR('',#4184,1.);
#4184 = DIRECTION('',(0.161691392282,1.795135065956E-17,-0.986841372087)
  );
#4185 = ORIENTED_EDGE('',*,*,#4186,.T.);
#4186 = EDGE_CURVE('',#4179,#4187,#4189,.T.);
#4187 = VERTEX_POINT('',#4188);
#4188 = CARTESIAN_POINT('',(2.724938966801,2.11,-1.665334536938E-16));
#4189 = CIRCLE('',#4190,0.3);
#4190 = AXIS2_PLACEMENT_3D('',#4191,#4192,#4193);
#4191 = CARTESIAN_POINT('',(2.724938966801,2.11,0.3));
#4192 = DIRECTION('',(1.110223024625E-16,-1.,0.));
#4193 = DIRECTION('',(-0.984807753012,-1.093356242223E-16,
    -0.173648177667));
#4194 = ORIENTED_EDGE('',*,*,#4195,.T.);
#4195 = EDGE_CURVE('',#4187,#4196,#4198,.T.);
#4196 = VERTEX_POINT('',#4197);
#4197 = CARTESIAN_POINT('',(3.,2.11,-1.665334536938E-16));
#4198 = LINE('',#4199,#4200);
#4199 = CARTESIAN_POINT('',(2.724938966801,2.11,-1.665334536938E-16));
#4200 = VECTOR('',#4201,1.);
#4201 = DIRECTION('',(1.,1.110223024625E-16,0.));
#4202 = ORIENTED_EDGE('',*,*,#4203,.T.);
#4203 = EDGE_CURVE('',#4196,#4204,#4206,.T.);
#4204 = VERTEX_POINT('',#4205);
#4205 = CARTESIAN_POINT('',(3.,2.11,0.2));
#4206 = LINE('',#4207,#4208);
#4207 = CARTESIAN_POINT('',(3.,2.11,-1.665334536938E-16));
#4208 = VECTOR('',#4209,1.);
#4209 = DIRECTION('',(0.,0.,1.));
#4210 = ORIENTED_EDGE('',*,*,#4211,.T.);
#4211 = EDGE_CURVE('',#4204,#4212,#4214,.T.);
#4212 = VERTEX_POINT('',#4213);
#4213 = CARTESIAN_POINT('',(2.724938966801,2.11,0.2));
#4214 = LINE('',#4215,#4216);
#4215 = CARTESIAN_POINT('',(3.,2.11,0.2));
#4216 = VECTOR('',#4217,1.);
#4217 = DIRECTION('',(-1.,-1.110223024625E-16,0.));
#4218 = ORIENTED_EDGE('',*,*,#4219,.T.);
#4219 = EDGE_CURVE('',#4212,#4220,#4222,.T.);
#4220 = VERTEX_POINT('',#4221);
#4221 = CARTESIAN_POINT('',(2.6264581915,2.11,0.282635182233));
#4222 = CIRCLE('',#4223,0.1);
#4223 = AXIS2_PLACEMENT_3D('',#4224,#4225,#4226);
#4224 = CARTESIAN_POINT('',(2.724938966801,2.11,0.3));
#4225 = DIRECTION('',(-1.110223024625E-16,1.,0.));
#4226 = DIRECTION('',(0.,0.,-1.));
#4227 = ORIENTED_EDGE('',*,*,#4228,.T.);
#4228 = EDGE_CURVE('',#4220,#4229,#4231,.T.);
#4229 = VERTEX_POINT('',#4230);
#4230 = CARTESIAN_POINT('',(2.545442325904,2.11,0.7770944533));
#4231 = LINE('',#4232,#4233);
#4232 = CARTESIAN_POINT('',(2.6264581915,2.11,0.282635182233));
#4233 = VECTOR('',#4234,1.);
#4234 = DIRECTION('',(-0.161691392282,-1.795135065956E-17,0.986841372087
    ));
#4235 = ORIENTED_EDGE('',*,*,#4236,.T.);
#4236 = EDGE_CURVE('',#4229,#3230,#4237,.T.);
#4237 = CIRCLE('',#4238,0.3);
#4238 = AXIS2_PLACEMENT_3D('',#4239,#4240,#4241);
#4239 = CARTESIAN_POINT('',(2.25,2.11,0.725));
#4240 = DIRECTION('',(1.110223024625E-16,-1.,0.));
#4241 = DIRECTION('',(0.984807753012,1.093356242223E-16,0.173648177667)
  );
#4242 = ORIENTED_EDGE('',*,*,#3229,.T.);
#4243 = PLANE('',#4244);
#4244 = AXIS2_PLACEMENT_3D('',#4245,#4246,#4247);
#4245 = CARTESIAN_POINT('',(2.42560961319,2.11,0.548953137803));
#4246 = DIRECTION('',(1.110223024625E-16,-1.,0.));
#4247 = DIRECTION('',(0.,0.,1.));
#4248 = ADVANCED_FACE('',(#4249),#4268,.F.);
#4249 = FACE_BOUND('',#4250,.F.);
#4250 = EDGE_LOOP('',(#4251,#4252,#4261,#4267));
#4251 = ORIENTED_EDGE('',*,*,#2649,.T.);
#4252 = ORIENTED_EDGE('',*,*,#4253,.T.);
#4253 = EDGE_CURVE('',#2642,#4254,#4256,.T.);
#4254 = VERTEX_POINT('',#4255);
#4255 = CARTESIAN_POINT('',(2.348480775301,1.7,0.742364817767));
#4256 = CIRCLE('',#4257,0.1);
#4257 = AXIS2_PLACEMENT_3D('',#4258,#4259,#4260);
#4258 = CARTESIAN_POINT('',(2.25,1.7,0.725));
#4259 = DIRECTION('',(-1.110223024625E-16,1.,0.));
#4260 = DIRECTION('',(4.440892098501E-15,4.930380657631E-31,1.));
#4261 = ORIENTED_EDGE('',*,*,#4262,.F.);
#4262 = EDGE_CURVE('',#4170,#4254,#4263,.T.);
#4263 = LINE('',#4264,#4265);
#4264 = CARTESIAN_POINT('',(2.348480775301,2.11,0.742364817767));
#4265 = VECTOR('',#4266,1.);
#4266 = DIRECTION('',(1.110223024625E-16,-1.,0.));
#4267 = ORIENTED_EDGE('',*,*,#4169,.F.);
#4268 = CYLINDRICAL_SURFACE('',#4269,0.1);
#4269 = AXIS2_PLACEMENT_3D('',#4270,#4271,#4272);
#4270 = CARTESIAN_POINT('',(2.25,2.11,0.725));
#4271 = DIRECTION('',(-1.110223024625E-16,1.,0.));
#4272 = DIRECTION('',(4.440892098501E-15,4.930380657631E-31,1.));
#4273 = ADVANCED_FACE('',(#4274),#4345,.T.);
#4274 = FACE_BOUND('',#4275,.T.);
#4275 = EDGE_LOOP('',(#4276,#4277,#4278,#4279,#4287,#4296,#4304,#4312,
    #4320,#4329,#4337,#4344));
#4276 = ORIENTED_EDGE('',*,*,#2663,.F.);
#4277 = ORIENTED_EDGE('',*,*,#2641,.T.);
#4278 = ORIENTED_EDGE('',*,*,#4253,.T.);
#4279 = ORIENTED_EDGE('',*,*,#4280,.T.);
#4280 = EDGE_CURVE('',#4254,#4281,#4283,.T.);
#4281 = VERTEX_POINT('',#4282);
#4282 = CARTESIAN_POINT('',(2.429496640897,1.7,0.2479055467));
#4283 = LINE('',#4284,#4285);
#4284 = CARTESIAN_POINT('',(2.348480775301,1.7,0.742364817767));
#4285 = VECTOR('',#4286,1.);
#4286 = DIRECTION('',(0.161691392282,1.795135065956E-17,-0.986841372087)
  );
#4287 = ORIENTED_EDGE('',*,*,#4288,.T.);
#4288 = EDGE_CURVE('',#4281,#4289,#4291,.T.);
#4289 = VERTEX_POINT('',#4290);
#4290 = CARTESIAN_POINT('',(2.724938966801,1.7,-1.665334536938E-16));
#4291 = CIRCLE('',#4292,0.3);
#4292 = AXIS2_PLACEMENT_3D('',#4293,#4294,#4295);
#4293 = CARTESIAN_POINT('',(2.724938966801,1.7,0.3));
#4294 = DIRECTION('',(1.110223024625E-16,-1.,0.));
#4295 = DIRECTION('',(-0.984807753012,-1.093356242223E-16,
    -0.173648177667));
#4296 = ORIENTED_EDGE('',*,*,#4297,.T.);
#4297 = EDGE_CURVE('',#4289,#4298,#4300,.T.);
#4298 = VERTEX_POINT('',#4299);
#4299 = CARTESIAN_POINT('',(3.,1.7,-1.665334536938E-16));
#4300 = LINE('',#4301,#4302);
#4301 = CARTESIAN_POINT('',(2.724938966801,1.7,-1.665334536938E-16));
#4302 = VECTOR('',#4303,1.);
#4303 = DIRECTION('',(1.,1.110223024625E-16,0.));
#4304 = ORIENTED_EDGE('',*,*,#4305,.T.);
#4305 = EDGE_CURVE('',#4298,#4306,#4308,.T.);
#4306 = VERTEX_POINT('',#4307);
#4307 = CARTESIAN_POINT('',(3.,1.7,0.2));
#4308 = LINE('',#4309,#4310);
#4309 = CARTESIAN_POINT('',(3.,1.7,-1.665334536938E-16));
#4310 = VECTOR('',#4311,1.);
#4311 = DIRECTION('',(0.,0.,1.));
#4312 = ORIENTED_EDGE('',*,*,#4313,.T.);
#4313 = EDGE_CURVE('',#4306,#4314,#4316,.T.);
#4314 = VERTEX_POINT('',#4315);
#4315 = CARTESIAN_POINT('',(2.724938966801,1.7,0.2));
#4316 = LINE('',#4317,#4318);
#4317 = CARTESIAN_POINT('',(3.,1.7,0.2));
#4318 = VECTOR('',#4319,1.);
#4319 = DIRECTION('',(-1.,-1.110223024625E-16,0.));
#4320 = ORIENTED_EDGE('',*,*,#4321,.T.);
#4321 = EDGE_CURVE('',#4314,#4322,#4324,.T.);
#4322 = VERTEX_POINT('',#4323);
#4323 = CARTESIAN_POINT('',(2.6264581915,1.7,0.282635182233));
#4324 = CIRCLE('',#4325,0.1);
#4325 = AXIS2_PLACEMENT_3D('',#4326,#4327,#4328);
#4326 = CARTESIAN_POINT('',(2.724938966801,1.7,0.3));
#4327 = DIRECTION('',(-1.110223024625E-16,1.,0.));
#4328 = DIRECTION('',(0.,0.,-1.));
#4329 = ORIENTED_EDGE('',*,*,#4330,.T.);
#4330 = EDGE_CURVE('',#4322,#4331,#4333,.T.);
#4331 = VERTEX_POINT('',#4332);
#4332 = CARTESIAN_POINT('',(2.545442325904,1.7,0.7770944533));
#4333 = LINE('',#4334,#4335);
#4334 = CARTESIAN_POINT('',(2.6264581915,1.7,0.282635182233));
#4335 = VECTOR('',#4336,1.);
#4336 = DIRECTION('',(-0.161691392282,-1.795135065956E-17,0.986841372087
    ));
#4337 = ORIENTED_EDGE('',*,*,#4338,.T.);
#4338 = EDGE_CURVE('',#4331,#3238,#4339,.T.);
#4339 = CIRCLE('',#4340,0.3);
#4340 = AXIS2_PLACEMENT_3D('',#4341,#4342,#4343);
#4341 = CARTESIAN_POINT('',(2.25,1.7,0.725));
#4342 = DIRECTION('',(1.110223024625E-16,-1.,0.));
#4343 = DIRECTION('',(0.984807753012,1.093356242223E-16,0.173648177667)
  );
#4344 = ORIENTED_EDGE('',*,*,#3245,.T.);
#4345 = PLANE('',#4346);
#4346 = AXIS2_PLACEMENT_3D('',#4347,#4348,#4349);
#4347 = CARTESIAN_POINT('',(2.42560961319,1.7,0.548953137803));
#4348 = DIRECTION('',(1.110223024625E-16,-1.,0.));
#4349 = DIRECTION('',(0.,0.,1.));
#4350 = ADVANCED_FACE('',(#4351),#4362,.F.);
#4351 = FACE_BOUND('',#4352,.F.);
#4352 = EDGE_LOOP('',(#4353,#4354,#4355,#4361));
#4353 = ORIENTED_EDGE('',*,*,#3251,.F.);
#4354 = ORIENTED_EDGE('',*,*,#2680,.T.);
#4355 = ORIENTED_EDGE('',*,*,#4356,.T.);
#4356 = EDGE_CURVE('',#2673,#3152,#4357,.T.);
#4357 = LINE('',#4358,#4359);
#4358 = CARTESIAN_POINT('',(2.25,0.84,1.025));
#4359 = VECTOR('',#4360,1.);
#4360 = DIRECTION('',(-1.,-1.110223024625E-16,0.));
#4361 = ORIENTED_EDGE('',*,*,#3151,.F.);
#4362 = PLANE('',#4363);
#4363 = AXIS2_PLACEMENT_3D('',#4364,#4365,#4366);
#4364 = CARTESIAN_POINT('',(-3.027078129022E-16,2.4125,1.025));
#4365 = DIRECTION('',(2.007919022429E-31,-7.713306628828E-27,-1.));
#4366 = DIRECTION('',(1.,1.112083013911E-16,2.00791902242E-31));
#4367 = ADVANCED_FACE('',(#4368),#4454,.F.);
#4368 = FACE_BOUND('',#4369,.F.);
#4369 = EDGE_LOOP('',(#4370,#4371,#4372,#4381,#4389,#4398,#4406,#4414,
    #4422,#4431,#4439,#4448));
#4370 = ORIENTED_EDGE('',*,*,#2672,.F.);
#4371 = ORIENTED_EDGE('',*,*,#2694,.T.);
#4372 = ORIENTED_EDGE('',*,*,#4373,.T.);
#4373 = EDGE_CURVE('',#2695,#4374,#4376,.T.);
#4374 = VERTEX_POINT('',#4375);
#4375 = CARTESIAN_POINT('',(2.348480775301,0.84,0.742364817767));
#4376 = CIRCLE('',#4377,0.1);
#4377 = AXIS2_PLACEMENT_3D('',#4378,#4379,#4380);
#4378 = CARTESIAN_POINT('',(2.25,0.84,0.725));
#4379 = DIRECTION('',(-1.110223024625E-16,1.,0.));
#4380 = DIRECTION('',(4.440892098501E-15,4.930380657631E-31,1.));
#4381 = ORIENTED_EDGE('',*,*,#4382,.T.);
#4382 = EDGE_CURVE('',#4374,#4383,#4385,.T.);
#4383 = VERTEX_POINT('',#4384);
#4384 = CARTESIAN_POINT('',(2.429496640897,0.84,0.2479055467));
#4385 = LINE('',#4386,#4387);
#4386 = CARTESIAN_POINT('',(2.348480775301,0.84,0.742364817767));
#4387 = VECTOR('',#4388,1.);
#4388 = DIRECTION('',(0.161691392282,1.795135065956E-17,-0.986841372087)
  );
#4389 = ORIENTED_EDGE('',*,*,#4390,.T.);
#4390 = EDGE_CURVE('',#4383,#4391,#4393,.T.);
#4391 = VERTEX_POINT('',#4392);
#4392 = CARTESIAN_POINT('',(2.724938966801,0.84,-1.665334536938E-16));
#4393 = CIRCLE('',#4394,0.3);
#4394 = AXIS2_PLACEMENT_3D('',#4395,#4396,#4397);
#4395 = CARTESIAN_POINT('',(2.724938966801,0.84,0.3));
#4396 = DIRECTION('',(1.110223024625E-16,-1.,0.));
#4397 = DIRECTION('',(-0.984807753012,-1.093356242223E-16,
    -0.173648177667));
#4398 = ORIENTED_EDGE('',*,*,#4399,.T.);
#4399 = EDGE_CURVE('',#4391,#4400,#4402,.T.);
#4400 = VERTEX_POINT('',#4401);
#4401 = CARTESIAN_POINT('',(3.,0.84,-1.665334536938E-16));
#4402 = LINE('',#4403,#4404);
#4403 = CARTESIAN_POINT('',(2.724938966801,0.84,-1.665334536938E-16));
#4404 = VECTOR('',#4405,1.);
#4405 = DIRECTION('',(1.,1.110223024625E-16,0.));
#4406 = ORIENTED_EDGE('',*,*,#4407,.T.);
#4407 = EDGE_CURVE('',#4400,#4408,#4410,.T.);
#4408 = VERTEX_POINT('',#4409);
#4409 = CARTESIAN_POINT('',(3.,0.84,0.2));
#4410 = LINE('',#4411,#4412);
#4411 = CARTESIAN_POINT('',(3.,0.84,-1.665334536938E-16));
#4412 = VECTOR('',#4413,1.);
#4413 = DIRECTION('',(0.,0.,1.));
#4414 = ORIENTED_EDGE('',*,*,#4415,.T.);
#4415 = EDGE_CURVE('',#4408,#4416,#4418,.T.);
#4416 = VERTEX_POINT('',#4417);
#4417 = CARTESIAN_POINT('',(2.724938966801,0.84,0.2));
#4418 = LINE('',#4419,#4420);
#4419 = CARTESIAN_POINT('',(3.,0.84,0.2));
#4420 = VECTOR('',#4421,1.);
#4421 = DIRECTION('',(-1.,-1.110223024625E-16,0.));
#4422 = ORIENTED_EDGE('',*,*,#4423,.T.);
#4423 = EDGE_CURVE('',#4416,#4424,#4426,.T.);
#4424 = VERTEX_POINT('',#4425);
#4425 = CARTESIAN_POINT('',(2.6264581915,0.84,0.282635182233));
#4426 = CIRCLE('',#4427,0.1);
#4427 = AXIS2_PLACEMENT_3D('',#4428,#4429,#4430);
#4428 = CARTESIAN_POINT('',(2.724938966801,0.84,0.3));
#4429 = DIRECTION('',(-1.110223024625E-16,1.,0.));
#4430 = DIRECTION('',(0.,0.,-1.));
#4431 = ORIENTED_EDGE('',*,*,#4432,.T.);
#4432 = EDGE_CURVE('',#4424,#4433,#4435,.T.);
#4433 = VERTEX_POINT('',#4434);
#4434 = CARTESIAN_POINT('',(2.545442325904,0.84,0.7770944533));
#4435 = LINE('',#4436,#4437);
#4436 = CARTESIAN_POINT('',(2.6264581915,0.84,0.282635182233));
#4437 = VECTOR('',#4438,1.);
#4438 = DIRECTION('',(-0.161691392282,-1.795135065956E-17,0.986841372087
    ));
#4439 = ORIENTED_EDGE('',*,*,#4440,.T.);
#4440 = EDGE_CURVE('',#4433,#4441,#4443,.T.);
#4441 = VERTEX_POINT('',#4442);
#4442 = CARTESIAN_POINT('',(2.25,0.84,1.025));
#4443 = CIRCLE('',#4444,0.3);
#4444 = AXIS2_PLACEMENT_3D('',#4445,#4446,#4447);
#4445 = CARTESIAN_POINT('',(2.25,0.84,0.725));
#4446 = DIRECTION('',(1.110223024625E-16,-1.,0.));
#4447 = DIRECTION('',(0.984807753012,1.093356242223E-16,0.173648177667)
  );
#4448 = ORIENTED_EDGE('',*,*,#4449,.T.);
#4449 = EDGE_CURVE('',#4441,#2673,#4450,.T.);
#4450 = LINE('',#4451,#4452);
#4451 = CARTESIAN_POINT('',(2.25,0.84,1.025));
#4452 = VECTOR('',#4453,1.);
#4453 = DIRECTION('',(-1.,-1.110223024625E-16,0.));
#4454 = PLANE('',#4455);
#4455 = AXIS2_PLACEMENT_3D('',#4456,#4457,#4458);
#4456 = CARTESIAN_POINT('',(2.42560961319,0.84,0.548953137803));
#4457 = DIRECTION('',(1.110223024625E-16,-1.,0.));
#4458 = DIRECTION('',(0.,0.,1.));
#4459 = ADVANCED_FACE('',(#4460),#4479,.F.);
#4460 = FACE_BOUND('',#4461,.F.);
#4461 = EDGE_LOOP('',(#4462,#4463,#4472,#4478));
#4462 = ORIENTED_EDGE('',*,*,#2711,.T.);
#4463 = ORIENTED_EDGE('',*,*,#4464,.T.);
#4464 = EDGE_CURVE('',#2704,#4465,#4467,.T.);
#4465 = VERTEX_POINT('',#4466);
#4466 = CARTESIAN_POINT('',(2.348480775301,0.43,0.742364817767));
#4467 = CIRCLE('',#4468,0.1);
#4468 = AXIS2_PLACEMENT_3D('',#4469,#4470,#4471);
#4469 = CARTESIAN_POINT('',(2.25,0.43,0.725));
#4470 = DIRECTION('',(-1.110223024625E-16,1.,0.));
#4471 = DIRECTION('',(4.440892098501E-15,4.930380657631E-31,1.));
#4472 = ORIENTED_EDGE('',*,*,#4473,.F.);
#4473 = EDGE_CURVE('',#4374,#4465,#4474,.T.);
#4474 = LINE('',#4475,#4476);
#4475 = CARTESIAN_POINT('',(2.348480775301,0.84,0.742364817767));
#4476 = VECTOR('',#4477,1.);
#4477 = DIRECTION('',(1.110223024625E-16,-1.,0.));
#4478 = ORIENTED_EDGE('',*,*,#4373,.F.);
#4479 = CYLINDRICAL_SURFACE('',#4480,0.1);
#4480 = AXIS2_PLACEMENT_3D('',#4481,#4482,#4483);
#4481 = CARTESIAN_POINT('',(2.25,0.84,0.725));
#4482 = DIRECTION('',(-1.110223024625E-16,1.,0.));
#4483 = DIRECTION('',(4.440892098501E-15,4.930380657631E-31,1.));
#4484 = ADVANCED_FACE('',(#4485),#4563,.T.);
#4485 = FACE_BOUND('',#4486,.T.);
#4486 = EDGE_LOOP('',(#4487,#4488,#4489,#4490,#4498,#4507,#4515,#4523,
    #4531,#4540,#4548,#4557));
#4487 = ORIENTED_EDGE('',*,*,#2725,.F.);
#4488 = ORIENTED_EDGE('',*,*,#2703,.T.);
#4489 = ORIENTED_EDGE('',*,*,#4464,.T.);
#4490 = ORIENTED_EDGE('',*,*,#4491,.T.);
#4491 = EDGE_CURVE('',#4465,#4492,#4494,.T.);
#4492 = VERTEX_POINT('',#4493);
#4493 = CARTESIAN_POINT('',(2.429496640897,0.43,0.2479055467));
#4494 = LINE('',#4495,#4496);
#4495 = CARTESIAN_POINT('',(2.348480775301,0.43,0.742364817767));
#4496 = VECTOR('',#4497,1.);
#4497 = DIRECTION('',(0.161691392282,1.795135065956E-17,-0.986841372087)
  );
#4498 = ORIENTED_EDGE('',*,*,#4499,.T.);
#4499 = EDGE_CURVE('',#4492,#4500,#4502,.T.);
#4500 = VERTEX_POINT('',#4501);
#4501 = CARTESIAN_POINT('',(2.724938966801,0.43,-1.665334536938E-16));
#4502 = CIRCLE('',#4503,0.3);
#4503 = AXIS2_PLACEMENT_3D('',#4504,#4505,#4506);
#4504 = CARTESIAN_POINT('',(2.724938966801,0.43,0.3));
#4505 = DIRECTION('',(1.110223024625E-16,-1.,0.));
#4506 = DIRECTION('',(-0.984807753012,-1.093356242223E-16,
    -0.173648177667));
#4507 = ORIENTED_EDGE('',*,*,#4508,.T.);
#4508 = EDGE_CURVE('',#4500,#4509,#4511,.T.);
#4509 = VERTEX_POINT('',#4510);
#4510 = CARTESIAN_POINT('',(3.,0.43,-1.665334536938E-16));
#4511 = LINE('',#4512,#4513);
#4512 = CARTESIAN_POINT('',(2.724938966801,0.43,-1.665334536938E-16));
#4513 = VECTOR('',#4514,1.);
#4514 = DIRECTION('',(1.,1.110223024625E-16,0.));
#4515 = ORIENTED_EDGE('',*,*,#4516,.T.);
#4516 = EDGE_CURVE('',#4509,#4517,#4519,.T.);
#4517 = VERTEX_POINT('',#4518);
#4518 = CARTESIAN_POINT('',(3.,0.43,0.2));
#4519 = LINE('',#4520,#4521);
#4520 = CARTESIAN_POINT('',(3.,0.43,-1.665334536938E-16));
#4521 = VECTOR('',#4522,1.);
#4522 = DIRECTION('',(0.,0.,1.));
#4523 = ORIENTED_EDGE('',*,*,#4524,.T.);
#4524 = EDGE_CURVE('',#4517,#4525,#4527,.T.);
#4525 = VERTEX_POINT('',#4526);
#4526 = CARTESIAN_POINT('',(2.724938966801,0.43,0.2));
#4527 = LINE('',#4528,#4529);
#4528 = CARTESIAN_POINT('',(3.,0.43,0.2));
#4529 = VECTOR('',#4530,1.);
#4530 = DIRECTION('',(-1.,-1.110223024625E-16,0.));
#4531 = ORIENTED_EDGE('',*,*,#4532,.T.);
#4532 = EDGE_CURVE('',#4525,#4533,#4535,.T.);
#4533 = VERTEX_POINT('',#4534);
#4534 = CARTESIAN_POINT('',(2.6264581915,0.43,0.282635182233));
#4535 = CIRCLE('',#4536,0.1);
#4536 = AXIS2_PLACEMENT_3D('',#4537,#4538,#4539);
#4537 = CARTESIAN_POINT('',(2.724938966801,0.43,0.3));
#4538 = DIRECTION('',(-1.110223024625E-16,1.,0.));
#4539 = DIRECTION('',(0.,0.,-1.));
#4540 = ORIENTED_EDGE('',*,*,#4541,.T.);
#4541 = EDGE_CURVE('',#4533,#4542,#4544,.T.);
#4542 = VERTEX_POINT('',#4543);
#4543 = CARTESIAN_POINT('',(2.545442325904,0.43,0.7770944533));
#4544 = LINE('',#4545,#4546);
#4545 = CARTESIAN_POINT('',(2.6264581915,0.43,0.282635182233));
#4546 = VECTOR('',#4547,1.);
#4547 = DIRECTION('',(-0.161691392282,-1.795135065956E-17,0.986841372087
    ));
#4548 = ORIENTED_EDGE('',*,*,#4549,.T.);
#4549 = EDGE_CURVE('',#4542,#4550,#4552,.T.);
#4550 = VERTEX_POINT('',#4551);
#4551 = CARTESIAN_POINT('',(2.25,0.43,1.025));
#4552 = CIRCLE('',#4553,0.3);
#4553 = AXIS2_PLACEMENT_3D('',#4554,#4555,#4556);
#4554 = CARTESIAN_POINT('',(2.25,0.43,0.725));
#4555 = DIRECTION('',(1.110223024625E-16,-1.,0.));
#4556 = DIRECTION('',(0.984807753012,1.093356242223E-16,0.173648177667)
  );
#4557 = ORIENTED_EDGE('',*,*,#4558,.T.);
#4558 = EDGE_CURVE('',#4550,#2726,#4559,.T.);
#4559 = LINE('',#4560,#4561);
#4560 = CARTESIAN_POINT('',(2.25,0.43,1.025));
#4561 = VECTOR('',#4562,1.);
#4562 = DIRECTION('',(-1.,-1.110223024625E-16,0.));
#4563 = PLANE('',#4564);
#4564 = AXIS2_PLACEMENT_3D('',#4565,#4566,#4567);
#4565 = CARTESIAN_POINT('',(2.42560961319,0.43,0.548953137803));
#4566 = DIRECTION('',(1.110223024625E-16,-1.,0.));
#4567 = DIRECTION('',(0.,0.,1.));
#4568 = ADVANCED_FACE('',(#4569),#4585,.F.);
#4569 = FACE_BOUND('',#4570,.F.);
#4570 = EDGE_LOOP('',(#4571,#4577,#4578,#4584));
#4571 = ORIENTED_EDGE('',*,*,#4572,.F.);
#4572 = EDGE_CURVE('',#2726,#3160,#4573,.T.);
#4573 = LINE('',#4574,#4575);
#4574 = CARTESIAN_POINT('',(2.25,0.43,1.025));
#4575 = VECTOR('',#4576,1.);
#4576 = DIRECTION('',(-1.,-1.110223024625E-16,0.));
#4577 = ORIENTED_EDGE('',*,*,#2742,.T.);
#4578 = ORIENTED_EDGE('',*,*,#4579,.T.);
#4579 = EDGE_CURVE('',#2735,#3168,#4580,.T.);
#4580 = LINE('',#4581,#4582);
#4581 = CARTESIAN_POINT('',(2.25,-0.43,1.025));
#4582 = VECTOR('',#4583,1.);
#4583 = DIRECTION('',(-1.,-1.110223024625E-16,0.));
#4584 = ORIENTED_EDGE('',*,*,#3167,.F.);
#4585 = PLANE('',#4586);
#4586 = AXIS2_PLACEMENT_3D('',#4587,#4588,#4589);
#4587 = CARTESIAN_POINT('',(-3.027078129022E-16,2.4125,1.025));
#4588 = DIRECTION('',(2.007919022429E-31,-7.713306628828E-27,-1.));
#4589 = DIRECTION('',(1.,1.112083013911E-16,2.00791902242E-31));
#4590 = ADVANCED_FACE('',(#4591),#4677,.F.);
#4591 = FACE_BOUND('',#4592,.F.);
#4592 = EDGE_LOOP('',(#4593,#4594,#4595,#4604,#4612,#4621,#4629,#4637,
    #4645,#4654,#4662,#4671));
#4593 = ORIENTED_EDGE('',*,*,#2734,.F.);
#4594 = ORIENTED_EDGE('',*,*,#2756,.T.);
#4595 = ORIENTED_EDGE('',*,*,#4596,.T.);
#4596 = EDGE_CURVE('',#2757,#4597,#4599,.T.);
#4597 = VERTEX_POINT('',#4598);
#4598 = CARTESIAN_POINT('',(2.348480775301,-0.43,0.742364817767));
#4599 = CIRCLE('',#4600,0.1);
#4600 = AXIS2_PLACEMENT_3D('',#4601,#4602,#4603);
#4601 = CARTESIAN_POINT('',(2.25,-0.43,0.725));
#4602 = DIRECTION('',(-1.110223024625E-16,1.,0.));
#4603 = DIRECTION('',(4.440892098501E-15,4.930380657631E-31,1.));
#4604 = ORIENTED_EDGE('',*,*,#4605,.T.);
#4605 = EDGE_CURVE('',#4597,#4606,#4608,.T.);
#4606 = VERTEX_POINT('',#4607);
#4607 = CARTESIAN_POINT('',(2.429496640897,-0.43,0.2479055467));
#4608 = LINE('',#4609,#4610);
#4609 = CARTESIAN_POINT('',(2.348480775301,-0.43,0.742364817767));
#4610 = VECTOR('',#4611,1.);
#4611 = DIRECTION('',(0.161691392282,1.795135065956E-17,-0.986841372087)
  );
#4612 = ORIENTED_EDGE('',*,*,#4613,.T.);
#4613 = EDGE_CURVE('',#4606,#4614,#4616,.T.);
#4614 = VERTEX_POINT('',#4615);
#4615 = CARTESIAN_POINT('',(2.724938966801,-0.43,-1.665334536938E-16));
#4616 = CIRCLE('',#4617,0.3);
#4617 = AXIS2_PLACEMENT_3D('',#4618,#4619,#4620);
#4618 = CARTESIAN_POINT('',(2.724938966801,-0.43,0.3));
#4619 = DIRECTION('',(1.110223024625E-16,-1.,0.));
#4620 = DIRECTION('',(-0.984807753012,-1.093356242223E-16,
    -0.173648177667));
#4621 = ORIENTED_EDGE('',*,*,#4622,.T.);
#4622 = EDGE_CURVE('',#4614,#4623,#4625,.T.);
#4623 = VERTEX_POINT('',#4624);
#4624 = CARTESIAN_POINT('',(3.,-0.43,-1.665334536938E-16));
#4625 = LINE('',#4626,#4627);
#4626 = CARTESIAN_POINT('',(2.724938966801,-0.43,-1.665334536938E-16));
#4627 = VECTOR('',#4628,1.);
#4628 = DIRECTION('',(1.,1.110223024625E-16,0.));
#4629 = ORIENTED_EDGE('',*,*,#4630,.T.);
#4630 = EDGE_CURVE('',#4623,#4631,#4633,.T.);
#4631 = VERTEX_POINT('',#4632);
#4632 = CARTESIAN_POINT('',(3.,-0.43,0.2));
#4633 = LINE('',#4634,#4635);
#4634 = CARTESIAN_POINT('',(3.,-0.43,-1.665334536938E-16));
#4635 = VECTOR('',#4636,1.);
#4636 = DIRECTION('',(0.,0.,1.));
#4637 = ORIENTED_EDGE('',*,*,#4638,.T.);
#4638 = EDGE_CURVE('',#4631,#4639,#4641,.T.);
#4639 = VERTEX_POINT('',#4640);
#4640 = CARTESIAN_POINT('',(2.724938966801,-0.43,0.2));
#4641 = LINE('',#4642,#4643);
#4642 = CARTESIAN_POINT('',(3.,-0.43,0.2));
#4643 = VECTOR('',#4644,1.);
#4644 = DIRECTION('',(-1.,-1.110223024625E-16,0.));
#4645 = ORIENTED_EDGE('',*,*,#4646,.T.);
#4646 = EDGE_CURVE('',#4639,#4647,#4649,.T.);
#4647 = VERTEX_POINT('',#4648);
#4648 = CARTESIAN_POINT('',(2.6264581915,-0.43,0.282635182233));
#4649 = CIRCLE('',#4650,0.1);
#4650 = AXIS2_PLACEMENT_3D('',#4651,#4652,#4653);
#4651 = CARTESIAN_POINT('',(2.724938966801,-0.43,0.3));
#4652 = DIRECTION('',(-1.110223024625E-16,1.,0.));
#4653 = DIRECTION('',(0.,0.,-1.));
#4654 = ORIENTED_EDGE('',*,*,#4655,.T.);
#4655 = EDGE_CURVE('',#4647,#4656,#4658,.T.);
#4656 = VERTEX_POINT('',#4657);
#4657 = CARTESIAN_POINT('',(2.545442325904,-0.43,0.7770944533));
#4658 = LINE('',#4659,#4660);
#4659 = CARTESIAN_POINT('',(2.6264581915,-0.43,0.282635182233));
#4660 = VECTOR('',#4661,1.);
#4661 = DIRECTION('',(-0.161691392282,-1.795135065956E-17,0.986841372087
    ));
#4662 = ORIENTED_EDGE('',*,*,#4663,.T.);
#4663 = EDGE_CURVE('',#4656,#4664,#4666,.T.);
#4664 = VERTEX_POINT('',#4665);
#4665 = CARTESIAN_POINT('',(2.25,-0.43,1.025));
#4666 = CIRCLE('',#4667,0.3);
#4667 = AXIS2_PLACEMENT_3D('',#4668,#4669,#4670);
#4668 = CARTESIAN_POINT('',(2.25,-0.43,0.725));
#4669 = DIRECTION('',(1.110223024625E-16,-1.,0.));
#4670 = DIRECTION('',(0.984807753012,1.093356242223E-16,0.173648177667)
  );
#4671 = ORIENTED_EDGE('',*,*,#4672,.T.);
#4672 = EDGE_CURVE('',#4664,#2735,#4673,.T.);
#4673 = LINE('',#4674,#4675);
#4674 = CARTESIAN_POINT('',(2.25,-0.43,1.025));
#4675 = VECTOR('',#4676,1.);
#4676 = DIRECTION('',(-1.,-1.110223024625E-16,0.));
#4677 = PLANE('',#4678);
#4678 = AXIS2_PLACEMENT_3D('',#4679,#4680,#4681);
#4679 = CARTESIAN_POINT('',(2.42560961319,-0.43,0.548953137803));
#4680 = DIRECTION('',(1.110223024625E-16,-1.,0.));
#4681 = DIRECTION('',(0.,0.,1.));
#4682 = ADVANCED_FACE('',(#4683),#4702,.F.);
#4683 = FACE_BOUND('',#4684,.F.);
#4684 = EDGE_LOOP('',(#4685,#4686,#4695,#4701));
#4685 = ORIENTED_EDGE('',*,*,#2773,.T.);
#4686 = ORIENTED_EDGE('',*,*,#4687,.T.);
#4687 = EDGE_CURVE('',#2766,#4688,#4690,.T.);
#4688 = VERTEX_POINT('',#4689);
#4689 = CARTESIAN_POINT('',(2.348480775301,-0.84,0.742364817767));
#4690 = CIRCLE('',#4691,0.1);
#4691 = AXIS2_PLACEMENT_3D('',#4692,#4693,#4694);
#4692 = CARTESIAN_POINT('',(2.25,-0.84,0.725));
#4693 = DIRECTION('',(-1.110223024625E-16,1.,0.));
#4694 = DIRECTION('',(4.440892098501E-15,4.930380657631E-31,1.));
#4695 = ORIENTED_EDGE('',*,*,#4696,.F.);
#4696 = EDGE_CURVE('',#4597,#4688,#4697,.T.);
#4697 = LINE('',#4698,#4699);
#4698 = CARTESIAN_POINT('',(2.348480775301,-0.43,0.742364817767));
#4699 = VECTOR('',#4700,1.);
#4700 = DIRECTION('',(1.110223024625E-16,-1.,0.));
#4701 = ORIENTED_EDGE('',*,*,#4596,.F.);
#4702 = CYLINDRICAL_SURFACE('',#4703,0.1);
#4703 = AXIS2_PLACEMENT_3D('',#4704,#4705,#4706);
#4704 = CARTESIAN_POINT('',(2.25,-0.43,0.725));
#4705 = DIRECTION('',(-1.110223024625E-16,1.,0.));
#4706 = DIRECTION('',(4.440892098501E-15,4.930380657631E-31,1.));
#4707 = ADVANCED_FACE('',(#4708),#4786,.T.);
#4708 = FACE_BOUND('',#4709,.T.);
#4709 = EDGE_LOOP('',(#4710,#4711,#4712,#4713,#4721,#4730,#4738,#4746,
    #4754,#4763,#4771,#4780));
#4710 = ORIENTED_EDGE('',*,*,#2787,.F.);
#4711 = ORIENTED_EDGE('',*,*,#2765,.T.);
#4712 = ORIENTED_EDGE('',*,*,#4687,.T.);
#4713 = ORIENTED_EDGE('',*,*,#4714,.T.);
#4714 = EDGE_CURVE('',#4688,#4715,#4717,.T.);
#4715 = VERTEX_POINT('',#4716);
#4716 = CARTESIAN_POINT('',(2.429496640897,-0.84,0.2479055467));
#4717 = LINE('',#4718,#4719);
#4718 = CARTESIAN_POINT('',(2.348480775301,-0.84,0.742364817767));
#4719 = VECTOR('',#4720,1.);
#4720 = DIRECTION('',(0.161691392282,1.795135065956E-17,-0.986841372087)
  );
#4721 = ORIENTED_EDGE('',*,*,#4722,.T.);
#4722 = EDGE_CURVE('',#4715,#4723,#4725,.T.);
#4723 = VERTEX_POINT('',#4724);
#4724 = CARTESIAN_POINT('',(2.724938966801,-0.84,-1.665334536938E-16));
#4725 = CIRCLE('',#4726,0.3);
#4726 = AXIS2_PLACEMENT_3D('',#4727,#4728,#4729);
#4727 = CARTESIAN_POINT('',(2.724938966801,-0.84,0.3));
#4728 = DIRECTION('',(1.110223024625E-16,-1.,0.));
#4729 = DIRECTION('',(-0.984807753012,-1.093356242223E-16,
    -0.173648177667));
#4730 = ORIENTED_EDGE('',*,*,#4731,.T.);
#4731 = EDGE_CURVE('',#4723,#4732,#4734,.T.);
#4732 = VERTEX_POINT('',#4733);
#4733 = CARTESIAN_POINT('',(3.,-0.84,-1.665334536938E-16));
#4734 = LINE('',#4735,#4736);
#4735 = CARTESIAN_POINT('',(2.724938966801,-0.84,-1.665334536938E-16));
#4736 = VECTOR('',#4737,1.);
#4737 = DIRECTION('',(1.,1.110223024625E-16,0.));
#4738 = ORIENTED_EDGE('',*,*,#4739,.T.);
#4739 = EDGE_CURVE('',#4732,#4740,#4742,.T.);
#4740 = VERTEX_POINT('',#4741);
#4741 = CARTESIAN_POINT('',(3.,-0.84,0.2));
#4742 = LINE('',#4743,#4744);
#4743 = CARTESIAN_POINT('',(3.,-0.84,-1.665334536938E-16));
#4744 = VECTOR('',#4745,1.);
#4745 = DIRECTION('',(0.,0.,1.));
#4746 = ORIENTED_EDGE('',*,*,#4747,.T.);
#4747 = EDGE_CURVE('',#4740,#4748,#4750,.T.);
#4748 = VERTEX_POINT('',#4749);
#4749 = CARTESIAN_POINT('',(2.724938966801,-0.84,0.2));
#4750 = LINE('',#4751,#4752);
#4751 = CARTESIAN_POINT('',(3.,-0.84,0.2));
#4752 = VECTOR('',#4753,1.);
#4753 = DIRECTION('',(-1.,-1.110223024625E-16,0.));
#4754 = ORIENTED_EDGE('',*,*,#4755,.T.);
#4755 = EDGE_CURVE('',#4748,#4756,#4758,.T.);
#4756 = VERTEX_POINT('',#4757);
#4757 = CARTESIAN_POINT('',(2.6264581915,-0.84,0.282635182233));
#4758 = CIRCLE('',#4759,0.1);
#4759 = AXIS2_PLACEMENT_3D('',#4760,#4761,#4762);
#4760 = CARTESIAN_POINT('',(2.724938966801,-0.84,0.3));
#4761 = DIRECTION('',(-1.110223024625E-16,1.,0.));
#4762 = DIRECTION('',(0.,0.,-1.));
#4763 = ORIENTED_EDGE('',*,*,#4764,.T.);
#4764 = EDGE_CURVE('',#4756,#4765,#4767,.T.);
#4765 = VERTEX_POINT('',#4766);
#4766 = CARTESIAN_POINT('',(2.545442325904,-0.84,0.7770944533));
#4767 = LINE('',#4768,#4769);
#4768 = CARTESIAN_POINT('',(2.6264581915,-0.84,0.282635182233));
#4769 = VECTOR('',#4770,1.);
#4770 = DIRECTION('',(-0.161691392282,-1.795135065956E-17,0.986841372087
    ));
#4771 = ORIENTED_EDGE('',*,*,#4772,.T.);
#4772 = EDGE_CURVE('',#4765,#4773,#4775,.T.);
#4773 = VERTEX_POINT('',#4774);
#4774 = CARTESIAN_POINT('',(2.25,-0.84,1.025));
#4775 = CIRCLE('',#4776,0.3);
#4776 = AXIS2_PLACEMENT_3D('',#4777,#4778,#4779);
#4777 = CARTESIAN_POINT('',(2.25,-0.84,0.725));
#4778 = DIRECTION('',(1.110223024625E-16,-1.,0.));
#4779 = DIRECTION('',(0.984807753012,1.093356242223E-16,0.173648177667)
  );
#4780 = ORIENTED_EDGE('',*,*,#4781,.T.);
#4781 = EDGE_CURVE('',#4773,#2788,#4782,.T.);
#4782 = LINE('',#4783,#4784);
#4783 = CARTESIAN_POINT('',(2.25,-0.84,1.025));
#4784 = VECTOR('',#4785,1.);
#4785 = DIRECTION('',(-1.,-1.110223024625E-16,0.));
#4786 = PLANE('',#4787);
#4787 = AXIS2_PLACEMENT_3D('',#4788,#4789,#4790);
#4788 = CARTESIAN_POINT('',(2.42560961319,-0.84,0.548953137803));
#4789 = DIRECTION('',(1.110223024625E-16,-1.,0.));
#4790 = DIRECTION('',(0.,0.,1.));
#4791 = ADVANCED_FACE('',(#4792),#4808,.F.);
#4792 = FACE_BOUND('',#4793,.F.);
#4793 = EDGE_LOOP('',(#4794,#4800,#4801,#4807));
#4794 = ORIENTED_EDGE('',*,*,#4795,.F.);
#4795 = EDGE_CURVE('',#2788,#3176,#4796,.T.);
#4796 = LINE('',#4797,#4798);
#4797 = CARTESIAN_POINT('',(2.25,-0.84,1.025));
#4798 = VECTOR('',#4799,1.);
#4799 = DIRECTION('',(-1.,-1.110223024625E-16,0.));
#4800 = ORIENTED_EDGE('',*,*,#2804,.T.);
#4801 = ORIENTED_EDGE('',*,*,#4802,.T.);
#4802 = EDGE_CURVE('',#2797,#3184,#4803,.T.);
#4803 = LINE('',#4804,#4805);
#4804 = CARTESIAN_POINT('',(2.25,-1.7,1.025));
#4805 = VECTOR('',#4806,1.);
#4806 = DIRECTION('',(-1.,-1.110223024625E-16,0.));
#4807 = ORIENTED_EDGE('',*,*,#3183,.F.);
#4808 = PLANE('',#4809);
#4809 = AXIS2_PLACEMENT_3D('',#4810,#4811,#4812);
#4810 = CARTESIAN_POINT('',(-3.027078129022E-16,2.4125,1.025));
#4811 = DIRECTION('',(2.007919022429E-31,-7.713306628828E-27,-1.));
#4812 = DIRECTION('',(1.,1.112083013911E-16,2.00791902242E-31));
#4813 = ADVANCED_FACE('',(#4814),#4900,.F.);
#4814 = FACE_BOUND('',#4815,.F.);
#4815 = EDGE_LOOP('',(#4816,#4817,#4818,#4827,#4835,#4844,#4852,#4860,
    #4868,#4877,#4885,#4894));
#4816 = ORIENTED_EDGE('',*,*,#2796,.F.);
#4817 = ORIENTED_EDGE('',*,*,#2818,.T.);
#4818 = ORIENTED_EDGE('',*,*,#4819,.T.);
#4819 = EDGE_CURVE('',#2819,#4820,#4822,.T.);
#4820 = VERTEX_POINT('',#4821);
#4821 = CARTESIAN_POINT('',(2.348480775301,-1.7,0.742364817767));
#4822 = CIRCLE('',#4823,0.1);
#4823 = AXIS2_PLACEMENT_3D('',#4824,#4825,#4826);
#4824 = CARTESIAN_POINT('',(2.25,-1.7,0.725));
#4825 = DIRECTION('',(-1.110223024625E-16,1.,0.));
#4826 = DIRECTION('',(4.440892098501E-15,4.930380657631E-31,1.));
#4827 = ORIENTED_EDGE('',*,*,#4828,.T.);
#4828 = EDGE_CURVE('',#4820,#4829,#4831,.T.);
#4829 = VERTEX_POINT('',#4830);
#4830 = CARTESIAN_POINT('',(2.429496640897,-1.7,0.2479055467));
#4831 = LINE('',#4832,#4833);
#4832 = CARTESIAN_POINT('',(2.348480775301,-1.7,0.742364817767));
#4833 = VECTOR('',#4834,1.);
#4834 = DIRECTION('',(0.161691392282,1.795135065956E-17,-0.986841372087)
  );
#4835 = ORIENTED_EDGE('',*,*,#4836,.T.);
#4836 = EDGE_CURVE('',#4829,#4837,#4839,.T.);
#4837 = VERTEX_POINT('',#4838);
#4838 = CARTESIAN_POINT('',(2.724938966801,-1.7,-1.665334536938E-16));
#4839 = CIRCLE('',#4840,0.3);
#4840 = AXIS2_PLACEMENT_3D('',#4841,#4842,#4843);
#4841 = CARTESIAN_POINT('',(2.724938966801,-1.7,0.3));
#4842 = DIRECTION('',(1.110223024625E-16,-1.,0.));
#4843 = DIRECTION('',(-0.984807753012,-1.093356242223E-16,
    -0.173648177667));
#4844 = ORIENTED_EDGE('',*,*,#4845,.T.);
#4845 = EDGE_CURVE('',#4837,#4846,#4848,.T.);
#4846 = VERTEX_POINT('',#4847);
#4847 = CARTESIAN_POINT('',(3.,-1.7,-1.665334536938E-16));
#4848 = LINE('',#4849,#4850);
#4849 = CARTESIAN_POINT('',(2.724938966801,-1.7,-1.665334536938E-16));
#4850 = VECTOR('',#4851,1.);
#4851 = DIRECTION('',(1.,1.110223024625E-16,0.));
#4852 = ORIENTED_EDGE('',*,*,#4853,.T.);
#4853 = EDGE_CURVE('',#4846,#4854,#4856,.T.);
#4854 = VERTEX_POINT('',#4855);
#4855 = CARTESIAN_POINT('',(3.,-1.7,0.2));
#4856 = LINE('',#4857,#4858);
#4857 = CARTESIAN_POINT('',(3.,-1.7,-1.665334536938E-16));
#4858 = VECTOR('',#4859,1.);
#4859 = DIRECTION('',(0.,0.,1.));
#4860 = ORIENTED_EDGE('',*,*,#4861,.T.);
#4861 = EDGE_CURVE('',#4854,#4862,#4864,.T.);
#4862 = VERTEX_POINT('',#4863);
#4863 = CARTESIAN_POINT('',(2.724938966801,-1.7,0.2));
#4864 = LINE('',#4865,#4866);
#4865 = CARTESIAN_POINT('',(3.,-1.7,0.2));
#4866 = VECTOR('',#4867,1.);
#4867 = DIRECTION('',(-1.,-1.110223024625E-16,0.));
#4868 = ORIENTED_EDGE('',*,*,#4869,.T.);
#4869 = EDGE_CURVE('',#4862,#4870,#4872,.T.);
#4870 = VERTEX_POINT('',#4871);
#4871 = CARTESIAN_POINT('',(2.6264581915,-1.7,0.282635182233));
#4872 = CIRCLE('',#4873,0.1);
#4873 = AXIS2_PLACEMENT_3D('',#4874,#4875,#4876);
#4874 = CARTESIAN_POINT('',(2.724938966801,-1.7,0.3));
#4875 = DIRECTION('',(-1.110223024625E-16,1.,0.));
#4876 = DIRECTION('',(0.,0.,-1.));
#4877 = ORIENTED_EDGE('',*,*,#4878,.T.);
#4878 = EDGE_CURVE('',#4870,#4879,#4881,.T.);
#4879 = VERTEX_POINT('',#4880);
#4880 = CARTESIAN_POINT('',(2.545442325904,-1.7,0.7770944533));
#4881 = LINE('',#4882,#4883);
#4882 = CARTESIAN_POINT('',(2.6264581915,-1.7,0.282635182233));
#4883 = VECTOR('',#4884,1.);
#4884 = DIRECTION('',(-0.161691392282,-1.795135065956E-17,0.986841372087
    ));
#4885 = ORIENTED_EDGE('',*,*,#4886,.T.);
#4886 = EDGE_CURVE('',#4879,#4887,#4889,.T.);
#4887 = VERTEX_POINT('',#4888);
#4888 = CARTESIAN_POINT('',(2.25,-1.7,1.025));
#4889 = CIRCLE('',#4890,0.3);
#4890 = AXIS2_PLACEMENT_3D('',#4891,#4892,#4893);
#4891 = CARTESIAN_POINT('',(2.25,-1.7,0.725));
#4892 = DIRECTION('',(1.110223024625E-16,-1.,0.));
#4893 = DIRECTION('',(0.984807753012,1.093356242223E-16,0.173648177667)
  );
#4894 = ORIENTED_EDGE('',*,*,#4895,.T.);
#4895 = EDGE_CURVE('',#4887,#2797,#4896,.T.);
#4896 = LINE('',#4897,#4898);
#4897 = CARTESIAN_POINT('',(2.25,-1.7,1.025));
#4898 = VECTOR('',#4899,1.);
#4899 = DIRECTION('',(-1.,-1.110223024625E-16,0.));
#4900 = PLANE('',#4901);
#4901 = AXIS2_PLACEMENT_3D('',#4902,#4903,#4904);
#4902 = CARTESIAN_POINT('',(2.42560961319,-1.7,0.548953137803));
#4903 = DIRECTION('',(1.110223024625E-16,-1.,0.));
#4904 = DIRECTION('',(0.,0.,1.));
#4905 = ADVANCED_FACE('',(#4906),#4925,.F.);
#4906 = FACE_BOUND('',#4907,.F.);
#4907 = EDGE_LOOP('',(#4908,#4909,#4918,#4924));
#4908 = ORIENTED_EDGE('',*,*,#2835,.T.);
#4909 = ORIENTED_EDGE('',*,*,#4910,.T.);
#4910 = EDGE_CURVE('',#2828,#4911,#4913,.T.);
#4911 = VERTEX_POINT('',#4912);
#4912 = CARTESIAN_POINT('',(2.348480775301,-2.11,0.742364817767));
#4913 = CIRCLE('',#4914,0.1);
#4914 = AXIS2_PLACEMENT_3D('',#4915,#4916,#4917);
#4915 = CARTESIAN_POINT('',(2.25,-2.11,0.725));
#4916 = DIRECTION('',(-1.110223024625E-16,1.,0.));
#4917 = DIRECTION('',(4.440892098501E-15,4.930380657631E-31,1.));
#4918 = ORIENTED_EDGE('',*,*,#4919,.F.);
#4919 = EDGE_CURVE('',#4820,#4911,#4920,.T.);
#4920 = LINE('',#4921,#4922);
#4921 = CARTESIAN_POINT('',(2.348480775301,-1.7,0.742364817767));
#4922 = VECTOR('',#4923,1.);
#4923 = DIRECTION('',(1.110223024625E-16,-1.,0.));
#4924 = ORIENTED_EDGE('',*,*,#4819,.F.);
#4925 = CYLINDRICAL_SURFACE('',#4926,0.1);
#4926 = AXIS2_PLACEMENT_3D('',#4927,#4928,#4929);
#4927 = CARTESIAN_POINT('',(2.25,-1.7,0.725));
#4928 = DIRECTION('',(-1.110223024625E-16,1.,0.));
#4929 = DIRECTION('',(4.440892098501E-15,4.930380657631E-31,1.));
#4930 = ADVANCED_FACE('',(#4931),#5009,.T.);
#4931 = FACE_BOUND('',#4932,.T.);
#4932 = EDGE_LOOP('',(#4933,#4934,#4935,#4936,#4944,#4953,#4961,#4969,
    #4977,#4986,#4994,#5003));
#4933 = ORIENTED_EDGE('',*,*,#2849,.F.);
#4934 = ORIENTED_EDGE('',*,*,#2827,.T.);
#4935 = ORIENTED_EDGE('',*,*,#4910,.T.);
#4936 = ORIENTED_EDGE('',*,*,#4937,.T.);
#4937 = EDGE_CURVE('',#4911,#4938,#4940,.T.);
#4938 = VERTEX_POINT('',#4939);
#4939 = CARTESIAN_POINT('',(2.429496640897,-2.11,0.2479055467));
#4940 = LINE('',#4941,#4942);
#4941 = CARTESIAN_POINT('',(2.348480775301,-2.11,0.742364817767));
#4942 = VECTOR('',#4943,1.);
#4943 = DIRECTION('',(0.161691392282,1.795135065956E-17,-0.986841372087)
  );
#4944 = ORIENTED_EDGE('',*,*,#4945,.T.);
#4945 = EDGE_CURVE('',#4938,#4946,#4948,.T.);
#4946 = VERTEX_POINT('',#4947);
#4947 = CARTESIAN_POINT('',(2.724938966801,-2.11,-1.665334536938E-16));
#4948 = CIRCLE('',#4949,0.3);
#4949 = AXIS2_PLACEMENT_3D('',#4950,#4951,#4952);
#4950 = CARTESIAN_POINT('',(2.724938966801,-2.11,0.3));
#4951 = DIRECTION('',(1.110223024625E-16,-1.,0.));
#4952 = DIRECTION('',(-0.984807753012,-1.093356242223E-16,
    -0.173648177667));
#4953 = ORIENTED_EDGE('',*,*,#4954,.T.);
#4954 = EDGE_CURVE('',#4946,#4955,#4957,.T.);
#4955 = VERTEX_POINT('',#4956);
#4956 = CARTESIAN_POINT('',(3.,-2.11,-1.665334536938E-16));
#4957 = LINE('',#4958,#4959);
#4958 = CARTESIAN_POINT('',(2.724938966801,-2.11,-1.665334536938E-16));
#4959 = VECTOR('',#4960,1.);
#4960 = DIRECTION('',(1.,1.110223024625E-16,0.));
#4961 = ORIENTED_EDGE('',*,*,#4962,.T.);
#4962 = EDGE_CURVE('',#4955,#4963,#4965,.T.);
#4963 = VERTEX_POINT('',#4964);
#4964 = CARTESIAN_POINT('',(3.,-2.11,0.2));
#4965 = LINE('',#4966,#4967);
#4966 = CARTESIAN_POINT('',(3.,-2.11,-1.665334536938E-16));
#4967 = VECTOR('',#4968,1.);
#4968 = DIRECTION('',(0.,0.,1.));
#4969 = ORIENTED_EDGE('',*,*,#4970,.T.);
#4970 = EDGE_CURVE('',#4963,#4971,#4973,.T.);
#4971 = VERTEX_POINT('',#4972);
#4972 = CARTESIAN_POINT('',(2.724938966801,-2.11,0.2));
#4973 = LINE('',#4974,#4975);
#4974 = CARTESIAN_POINT('',(3.,-2.11,0.2));
#4975 = VECTOR('',#4976,1.);
#4976 = DIRECTION('',(-1.,-1.110223024625E-16,0.));
#4977 = ORIENTED_EDGE('',*,*,#4978,.T.);
#4978 = EDGE_CURVE('',#4971,#4979,#4981,.T.);
#4979 = VERTEX_POINT('',#4980);
#4980 = CARTESIAN_POINT('',(2.6264581915,-2.11,0.282635182233));
#4981 = CIRCLE('',#4982,0.1);
#4982 = AXIS2_PLACEMENT_3D('',#4983,#4984,#4985);
#4983 = CARTESIAN_POINT('',(2.724938966801,-2.11,0.3));
#4984 = DIRECTION('',(-1.110223024625E-16,1.,0.));
#4985 = DIRECTION('',(0.,0.,-1.));
#4986 = ORIENTED_EDGE('',*,*,#4987,.T.);
#4987 = EDGE_CURVE('',#4979,#4988,#4990,.T.);
#4988 = VERTEX_POINT('',#4989);
#4989 = CARTESIAN_POINT('',(2.545442325904,-2.11,0.7770944533));
#4990 = LINE('',#4991,#4992);
#4991 = CARTESIAN_POINT('',(2.6264581915,-2.11,0.282635182233));
#4992 = VECTOR('',#4993,1.);
#4993 = DIRECTION('',(-0.161691392282,-1.795135065956E-17,0.986841372087
    ));
#4994 = ORIENTED_EDGE('',*,*,#4995,.T.);
#4995 = EDGE_CURVE('',#4988,#4996,#4998,.T.);
#4996 = VERTEX_POINT('',#4997);
#4997 = CARTESIAN_POINT('',(2.25,-2.11,1.025));
#4998 = CIRCLE('',#4999,0.3);
#4999 = AXIS2_PLACEMENT_3D('',#5000,#5001,#5002);
#5000 = CARTESIAN_POINT('',(2.25,-2.11,0.725));
#5001 = DIRECTION('',(1.110223024625E-16,-1.,0.));
#5002 = DIRECTION('',(0.984807753012,1.093356242223E-16,0.173648177667)
  );
#5003 = ORIENTED_EDGE('',*,*,#5004,.T.);
#5004 = EDGE_CURVE('',#4996,#2850,#5005,.T.);
#5005 = LINE('',#5006,#5007);
#5006 = CARTESIAN_POINT('',(2.25,-2.11,1.025));
#5007 = VECTOR('',#5008,1.);
#5008 = DIRECTION('',(-1.,-1.110223024625E-16,0.));
#5009 = PLANE('',#5010);
#5010 = AXIS2_PLACEMENT_3D('',#5011,#5012,#5013);
#5011 = CARTESIAN_POINT('',(2.42560961319,-2.11,0.548953137803));
#5012 = DIRECTION('',(1.110223024625E-16,-1.,0.));
#5013 = DIRECTION('',(0.,0.,1.));
#5014 = ADVANCED_FACE('',(#5015),#5026,.T.);
#5015 = FACE_BOUND('',#5016,.T.);
#5016 = EDGE_LOOP('',(#5017,#5018,#5019,#5020));
#5017 = ORIENTED_EDGE('',*,*,#4049,.T.);
#5018 = ORIENTED_EDGE('',*,*,#2950,.T.);
#5019 = ORIENTED_EDGE('',*,*,#4151,.F.);
#5020 = ORIENTED_EDGE('',*,*,#5021,.F.);
#5021 = EDGE_CURVE('',#4042,#4144,#5022,.T.);
#5022 = LINE('',#5023,#5024);
#5023 = CARTESIAN_POINT('',(-2.545442325904,1.7,0.7770944533));
#5024 = VECTOR('',#5025,1.);
#5025 = DIRECTION('',(1.144237745222E-17,1.,0.));
#5026 = CYLINDRICAL_SURFACE('',#5027,0.3);
#5027 = AXIS2_PLACEMENT_3D('',#5028,#5029,#5030);
#5028 = CARTESIAN_POINT('',(-2.25,1.7,0.725));
#5029 = DIRECTION('',(-1.144237745222E-17,-1.,0.));
#5030 = DIRECTION('',(-0.984807753012,1.126854202784E-17,0.173648177667)
  );
#5031 = ADVANCED_FACE('',(#5032),#5045,.F.);
#5032 = FACE_BOUND('',#5033,.F.);
#5033 = EDGE_LOOP('',(#5034,#5035,#5041,#5042,#5043,#5044));
#5034 = ORIENTED_EDGE('',*,*,#3394,.F.);
#5035 = ORIENTED_EDGE('',*,*,#5036,.T.);
#5036 = EDGE_CURVE('',#3386,#3495,#5037,.T.);
#5037 = LINE('',#5038,#5039);
#5038 = CARTESIAN_POINT('',(-2.25,-2.11,1.025));
#5039 = VECTOR('',#5040,1.);
#5040 = DIRECTION('',(1.144237745222E-17,1.,0.));
#5041 = ORIENTED_EDGE('',*,*,#3503,.T.);
#5042 = ORIENTED_EDGE('',*,*,#3525,.T.);
#5043 = ORIENTED_EDGE('',*,*,#2997,.F.);
#5044 = ORIENTED_EDGE('',*,*,#3268,.F.);
#5045 = PLANE('',#5046);
#5046 = AXIS2_PLACEMENT_3D('',#5047,#5048,#5049);
#5047 = CARTESIAN_POINT('',(-2.25,-2.11,1.025));
#5048 = DIRECTION('',(0.,0.,-1.));
#5049 = DIRECTION('',(1.,-1.144237745222E-17,0.));
#5050 = ADVANCED_FACE('',(#5051),#5064,.F.);
#5051 = FACE_BOUND('',#5052,.F.);
#5052 = EDGE_LOOP('',(#5053,#5054,#5060,#5061,#5062,#5063));
#5053 = ORIENTED_EDGE('',*,*,#3617,.F.);
#5054 = ORIENTED_EDGE('',*,*,#5055,.T.);
#5055 = EDGE_CURVE('',#3609,#3718,#5056,.T.);
#5056 = LINE('',#5057,#5058);
#5057 = CARTESIAN_POINT('',(-2.25,-0.84,1.025));
#5058 = VECTOR('',#5059,1.);
#5059 = DIRECTION('',(1.144237745222E-17,1.,0.));
#5060 = ORIENTED_EDGE('',*,*,#3726,.T.);
#5061 = ORIENTED_EDGE('',*,*,#3748,.T.);
#5062 = ORIENTED_EDGE('',*,*,#3013,.F.);
#5063 = ORIENTED_EDGE('',*,*,#3518,.F.);
#5064 = PLANE('',#5065);
#5065 = AXIS2_PLACEMENT_3D('',#5066,#5067,#5068);
#5066 = CARTESIAN_POINT('',(-2.25,-0.84,1.025));
#5067 = DIRECTION('',(0.,0.,-1.));
#5068 = DIRECTION('',(1.,-1.144237745222E-17,0.));
#5069 = ADVANCED_FACE('',(#5070),#5083,.F.);
#5070 = FACE_BOUND('',#5071,.F.);
#5071 = EDGE_LOOP('',(#5072,#5073,#5079,#5080,#5081,#5082));
#5072 = ORIENTED_EDGE('',*,*,#3840,.F.);
#5073 = ORIENTED_EDGE('',*,*,#5074,.T.);
#5074 = EDGE_CURVE('',#3832,#3941,#5075,.T.);
#5075 = LINE('',#5076,#5077);
#5076 = CARTESIAN_POINT('',(-2.25,0.43,1.025));
#5077 = VECTOR('',#5078,1.);
#5078 = DIRECTION('',(1.144237745222E-17,1.,0.));
#5079 = ORIENTED_EDGE('',*,*,#3949,.T.);
#5080 = ORIENTED_EDGE('',*,*,#3966,.T.);
#5081 = ORIENTED_EDGE('',*,*,#3029,.F.);
#5082 = ORIENTED_EDGE('',*,*,#3741,.F.);
#5083 = PLANE('',#5084);
#5084 = AXIS2_PLACEMENT_3D('',#5085,#5086,#5087);
#5085 = CARTESIAN_POINT('',(-2.25,0.43,1.025));
#5086 = DIRECTION('',(0.,0.,-1.));
#5087 = DIRECTION('',(1.,-1.144237745222E-17,0.));
#5088 = ADVANCED_FACE('',(#5089,#5118),#5129,.F.);
#5089 = FACE_BOUND('',#5090,.F.);
#5090 = EDGE_LOOP('',(#5091,#5092,#5093,#5094,#5102,#5110,#5116,#5117));
#5091 = ORIENTED_EDGE('',*,*,#3104,.T.);
#5092 = ORIENTED_EDGE('',*,*,#3127,.T.);
#5093 = ORIENTED_EDGE('',*,*,#3214,.T.);
#5094 = ORIENTED_EDGE('',*,*,#5095,.T.);
#5095 = EDGE_CURVE('',#3208,#5096,#5098,.T.);
#5096 = VERTEX_POINT('',#5097);
#5097 = CARTESIAN_POINT('',(1.680085640382,-2.260171280765,1.75));
#5098 = LINE('',#5099,#5100);
#5099 = CARTESIAN_POINT('',(1.760171280765,-2.180085640382,1.75));
#5100 = VECTOR('',#5101,1.);
#5101 = DIRECTION('',(-0.707106781187,-0.707106781187,0.));
#5102 = ORIENTED_EDGE('',*,*,#5103,.T.);
#5103 = EDGE_CURVE('',#5096,#5104,#5106,.T.);
#5104 = VERTEX_POINT('',#5105);
#5105 = CARTESIAN_POINT('',(-1.680085640382,-2.260171280765,1.75));
#5106 = LINE('',#5107,#5108);
#5107 = CARTESIAN_POINT('',(1.680085640382,-2.260171280765,1.75));
#5108 = VECTOR('',#5109,1.);
#5109 = DIRECTION('',(-1.,-1.110223024625E-16,0.));
#5110 = ORIENTED_EDGE('',*,*,#5111,.T.);
#5111 = EDGE_CURVE('',#5104,#3053,#5112,.T.);
#5112 = LINE('',#5113,#5114);
#5113 = CARTESIAN_POINT('',(-1.680085640382,-2.260171280765,1.75));
#5114 = VECTOR('',#5115,1.);
#5115 = DIRECTION('',(-0.707106781187,0.707106781187,0.));
#5116 = ORIENTED_EDGE('',*,*,#3052,.T.);
#5117 = ORIENTED_EDGE('',*,*,#3081,.T.);
#5118 = FACE_BOUND('',#5119,.F.);
#5119 = EDGE_LOOP('',(#5120));
#5120 = ORIENTED_EDGE('',*,*,#5121,.F.);
#5121 = EDGE_CURVE('',#5122,#5122,#5124,.T.);
#5122 = VERTEX_POINT('',#5123);
#5123 = CARTESIAN_POINT('',(-1.110171280765,1.310171280765,1.75));
#5124 = CIRCLE('',#5125,0.3);
#5125 = AXIS2_PLACEMENT_3D('',#5126,#5127,#5128);
#5126 = CARTESIAN_POINT('',(-1.110171280765,1.610171280765,1.75));
#5127 = DIRECTION('',(0.,-0.,-1.));
#5128 = DIRECTION('',(1.110223024625E-16,-1.,0.));
#5129 = PLANE('',#5130);
#5130 = AXIS2_PLACEMENT_3D('',#5131,#5132,#5133);
#5131 = CARTESIAN_POINT('',(-1.680085640382,2.260171280765,1.75));
#5132 = DIRECTION('',(0.,0.,-1.));
#5133 = DIRECTION('',(0.596575959062,-0.802556617983,0.));
#5134 = ADVANCED_FACE('',(#5135),#5145,.F.);
#5135 = FACE_BOUND('',#5136,.F.);
#5136 = EDGE_LOOP('',(#5137,#5138,#5139,#5140));
#5137 = ORIENTED_EDGE('',*,*,#3275,.T.);
#5138 = ORIENTED_EDGE('',*,*,#3060,.T.);
#5139 = ORIENTED_EDGE('',*,*,#5111,.F.);
#5140 = ORIENTED_EDGE('',*,*,#5141,.F.);
#5141 = EDGE_CURVE('',#3276,#5104,#5142,.T.);
#5142 = B_SPLINE_CURVE_WITH_KNOTS('',1,(#5143,#5144),.UNSPECIFIED.,.F.,
  .F.,(2,2),(0.,1.),.PIECEWISE_BEZIER_KNOTS.);
#5143 = CARTESIAN_POINT('',(-1.7375,-2.375,1.025));
#5144 = CARTESIAN_POINT('',(-1.680085640382,-2.260171280765,1.75));
#5145 = B_SPLINE_SURFACE_WITH_KNOTS('',1,1,(
    (#5146,#5147)
    ,(#5148,#5149
    )),.UNSPECIFIED.,.F.,.F.,.F.,(2,2),(2,2),(0.,0.194454364826),(0.,1.)
  ,.PIECEWISE_BEZIER_KNOTS.);
#5146 = CARTESIAN_POINT('',(-1.7375,-2.375,1.025));
#5147 = CARTESIAN_POINT('',(-1.680085640382,-2.260171280765,1.75));
#5148 = CARTESIAN_POINT('',(-1.875,-2.2375,1.025));
#5149 = CARTESIAN_POINT('',(-1.760171280765,-2.180085640382,1.75));
#5150 = ADVANCED_FACE('',(#5151),#5164,.F.);
#5151 = FACE_BOUND('',#5152,.F.);
#5152 = EDGE_LOOP('',(#5153,#5154,#5160,#5161,#5162,#5163));
#5153 = ORIENTED_EDGE('',*,*,#4449,.F.);
#5154 = ORIENTED_EDGE('',*,*,#5155,.T.);
#5155 = EDGE_CURVE('',#4441,#4550,#5156,.T.);
#5156 = LINE('',#5157,#5158);
#5157 = CARTESIAN_POINT('',(2.25,0.84,1.025));
#5158 = VECTOR('',#5159,1.);
#5159 = DIRECTION('',(1.110223024625E-16,-1.,0.));
#5160 = ORIENTED_EDGE('',*,*,#4558,.T.);
#5161 = ORIENTED_EDGE('',*,*,#4572,.T.);
#5162 = ORIENTED_EDGE('',*,*,#3159,.F.);
#5163 = ORIENTED_EDGE('',*,*,#4356,.F.);
#5164 = PLANE('',#5165);
#5165 = AXIS2_PLACEMENT_3D('',#5166,#5167,#5168);
#5166 = CARTESIAN_POINT('',(2.25,0.84,1.025));
#5167 = DIRECTION('',(0.,0.,-1.));
#5168 = DIRECTION('',(-1.,-1.110223024625E-16,-0.));
#5169 = ADVANCED_FACE('',(#5170),#5183,.F.);
#5170 = FACE_BOUND('',#5171,.F.);
#5171 = EDGE_LOOP('',(#5172,#5173,#5179,#5180,#5181,#5182));
#5172 = ORIENTED_EDGE('',*,*,#4672,.F.);
#5173 = ORIENTED_EDGE('',*,*,#5174,.T.);
#5174 = EDGE_CURVE('',#4664,#4773,#5175,.T.);
#5175 = LINE('',#5176,#5177);
#5176 = CARTESIAN_POINT('',(2.25,-0.43,1.025));
#5177 = VECTOR('',#5178,1.);
#5178 = DIRECTION('',(1.110223024625E-16,-1.,0.));
#5179 = ORIENTED_EDGE('',*,*,#4781,.T.);
#5180 = ORIENTED_EDGE('',*,*,#4795,.T.);
#5181 = ORIENTED_EDGE('',*,*,#3175,.F.);
#5182 = ORIENTED_EDGE('',*,*,#4579,.F.);
#5183 = PLANE('',#5184);
#5184 = AXIS2_PLACEMENT_3D('',#5185,#5186,#5187);
#5185 = CARTESIAN_POINT('',(2.25,-0.43,1.025));
#5186 = DIRECTION('',(0.,0.,-1.));
#5187 = DIRECTION('',(-1.,-1.110223024625E-16,-0.));
#5188 = ADVANCED_FACE('',(#5189),#5202,.F.);
#5189 = FACE_BOUND('',#5190,.F.);
#5190 = EDGE_LOOP('',(#5191,#5192,#5198,#5199,#5200,#5201));
#5191 = ORIENTED_EDGE('',*,*,#4895,.F.);
#5192 = ORIENTED_EDGE('',*,*,#5193,.T.);
#5193 = EDGE_CURVE('',#4887,#4996,#5194,.T.);
#5194 = LINE('',#5195,#5196);
#5195 = CARTESIAN_POINT('',(2.25,-1.7,1.025));
#5196 = VECTOR('',#5197,1.);
#5197 = DIRECTION('',(1.110223024625E-16,-1.,0.));
#5198 = ORIENTED_EDGE('',*,*,#5004,.T.);
#5199 = ORIENTED_EDGE('',*,*,#3298,.T.);
#5200 = ORIENTED_EDGE('',*,*,#3191,.F.);
#5201 = ORIENTED_EDGE('',*,*,#4802,.F.);
#5202 = PLANE('',#5203);
#5203 = AXIS2_PLACEMENT_3D('',#5204,#5205,#5206);
#5204 = CARTESIAN_POINT('',(2.25,-1.7,1.025));
#5205 = DIRECTION('',(0.,0.,-1.));
#5206 = DIRECTION('',(-1.,-1.110223024625E-16,-0.));
#5207 = ADVANCED_FACE('',(#5208),#5218,.F.);
#5208 = FACE_BOUND('',#5209,.F.);
#5209 = EDGE_LOOP('',(#5210,#5211,#5216,#5217));
#5210 = ORIENTED_EDGE('',*,*,#3291,.T.);
#5211 = ORIENTED_EDGE('',*,*,#5212,.T.);
#5212 = EDGE_CURVE('',#3284,#5096,#5213,.T.);
#5213 = B_SPLINE_CURVE_WITH_KNOTS('',1,(#5214,#5215),.UNSPECIFIED.,.F.,
  .F.,(2,2),(0.,1.),.PIECEWISE_BEZIER_KNOTS.);
#5214 = CARTESIAN_POINT('',(1.7375,-2.375,1.025));
#5215 = CARTESIAN_POINT('',(1.680085640382,-2.260171280765,1.75));
#5216 = ORIENTED_EDGE('',*,*,#5095,.F.);
#5217 = ORIENTED_EDGE('',*,*,#3207,.F.);
#5218 = B_SPLINE_SURFACE_WITH_KNOTS('',1,1,(
    (#5219,#5220)
    ,(#5221,#5222
    )),.UNSPECIFIED.,.F.,.F.,.F.,(2,2),(2,2),(0.,0.194454364826),(0.,1.)
  ,.PIECEWISE_BEZIER_KNOTS.);
#5219 = CARTESIAN_POINT('',(1.875,-2.2375,1.025));
#5220 = CARTESIAN_POINT('',(1.760171280765,-2.180085640382,1.75));
#5221 = CARTESIAN_POINT('',(1.7375,-2.375,1.025));
#5222 = CARTESIAN_POINT('',(1.680085640382,-2.260171280765,1.75));
#5223 = ADVANCED_FACE('',(#5224),#5235,.T.);
#5224 = FACE_BOUND('',#5225,.T.);
#5225 = EDGE_LOOP('',(#5226,#5227,#5228,#5229));
#5226 = ORIENTED_EDGE('',*,*,#4236,.T.);
#5227 = ORIENTED_EDGE('',*,*,#3237,.T.);
#5228 = ORIENTED_EDGE('',*,*,#4338,.F.);
#5229 = ORIENTED_EDGE('',*,*,#5230,.F.);
#5230 = EDGE_CURVE('',#4229,#4331,#5231,.T.);
#5231 = LINE('',#5232,#5233);
#5232 = CARTESIAN_POINT('',(2.545442325904,2.11,0.7770944533));
#5233 = VECTOR('',#5234,1.);
#5234 = DIRECTION('',(1.110223024625E-16,-1.,0.));
#5235 = CYLINDRICAL_SURFACE('',#5236,0.3);
#5236 = AXIS2_PLACEMENT_3D('',#5237,#5238,#5239);
#5237 = CARTESIAN_POINT('',(2.25,2.11,0.725));
#5238 = DIRECTION('',(-1.110223024625E-16,1.,0.));
#5239 = DIRECTION('',(0.984807753012,1.093356242223E-16,0.173648177667)
  );
#5240 = ADVANCED_FACE('',(#5241),#5247,.F.);
#5241 = FACE_BOUND('',#5242,.F.);
#5242 = EDGE_LOOP('',(#5243,#5244,#5245,#5246));
#5243 = ORIENTED_EDGE('',*,*,#3283,.T.);
#5244 = ORIENTED_EDGE('',*,*,#5141,.T.);
#5245 = ORIENTED_EDGE('',*,*,#5103,.F.);
#5246 = ORIENTED_EDGE('',*,*,#5212,.F.);
#5247 = B_SPLINE_SURFACE_WITH_KNOTS('',1,1,(
    (#5248,#5249)
    ,(#5250,#5251
    )),.UNSPECIFIED.,.F.,.F.,.F.,(2,2),(2,2),(0.,3.475),(0.,1.),
  .PIECEWISE_BEZIER_KNOTS.);
#5248 = CARTESIAN_POINT('',(1.7375,-2.375,1.025));
#5249 = CARTESIAN_POINT('',(1.680085640382,-2.260171280765,1.75));
#5250 = CARTESIAN_POINT('',(-1.7375,-2.375,1.025));
#5251 = CARTESIAN_POINT('',(-1.680085640382,-2.260171280765,1.75));
#5252 = ADVANCED_FACE('',(#5253),#5264,.T.);
#5253 = FACE_BOUND('',#5254,.T.);
#5254 = EDGE_LOOP('',(#5255,#5256,#5257,#5258));
#5255 = ORIENTED_EDGE('',*,*,#3385,.T.);
#5256 = ORIENTED_EDGE('',*,*,#5036,.T.);
#5257 = ORIENTED_EDGE('',*,*,#3494,.F.);
#5258 = ORIENTED_EDGE('',*,*,#5259,.F.);
#5259 = EDGE_CURVE('',#3378,#3487,#5260,.T.);
#5260 = LINE('',#5261,#5262);
#5261 = CARTESIAN_POINT('',(-2.545442325904,-2.11,0.7770944533));
#5262 = VECTOR('',#5263,1.);
#5263 = DIRECTION('',(1.144237745222E-17,1.,0.));
#5264 = CYLINDRICAL_SURFACE('',#5265,0.3);
#5265 = AXIS2_PLACEMENT_3D('',#5266,#5267,#5268);
#5266 = CARTESIAN_POINT('',(-2.25,-2.11,0.725));
#5267 = DIRECTION('',(-1.144237745222E-17,-1.,0.));
#5268 = DIRECTION('',(-0.984807753012,1.126854202784E-17,0.173648177667)
  );
#5269 = ADVANCED_FACE('',(#5270),#5281,.F.);
#5270 = FACE_BOUND('',#5271,.F.);
#5271 = EDGE_LOOP('',(#5272,#5278,#5279,#5280));
#5272 = ORIENTED_EDGE('',*,*,#5273,.T.);
#5273 = EDGE_CURVE('',#3369,#3478,#5274,.T.);
#5274 = LINE('',#5275,#5276);
#5275 = CARTESIAN_POINT('',(-2.6264581915,-2.11,0.282635182233));
#5276 = VECTOR('',#5277,1.);
#5277 = DIRECTION('',(1.144237745222E-17,1.,0.));
#5278 = ORIENTED_EDGE('',*,*,#3486,.T.);
#5279 = ORIENTED_EDGE('',*,*,#5259,.F.);
#5280 = ORIENTED_EDGE('',*,*,#3377,.F.);
#5281 = PLANE('',#5282);
#5282 = AXIS2_PLACEMENT_3D('',#5283,#5284,#5285);
#5283 = CARTESIAN_POINT('',(-2.6264581915,-2.11,0.282635182233));
#5284 = DIRECTION('',(0.986841372087,-1.129181146488E-17,-0.161691392282
    ));
#5285 = DIRECTION('',(0.161691392282,-1.85013394127E-18,0.986841372087)
  );
#5286 = ADVANCED_FACE('',(#5287),#5298,.F.);
#5287 = FACE_BOUND('',#5288,.F.);
#5288 = EDGE_LOOP('',(#5289,#5295,#5296,#5297));
#5289 = ORIENTED_EDGE('',*,*,#5290,.T.);
#5290 = EDGE_CURVE('',#3361,#3470,#5291,.T.);
#5291 = LINE('',#5292,#5293);
#5292 = CARTESIAN_POINT('',(-2.724938966801,-2.11,0.2));
#5293 = VECTOR('',#5294,1.);
#5294 = DIRECTION('',(1.144237745222E-17,1.,0.));
#5295 = ORIENTED_EDGE('',*,*,#3477,.T.);
#5296 = ORIENTED_EDGE('',*,*,#5273,.F.);
#5297 = ORIENTED_EDGE('',*,*,#3368,.F.);
#5298 = CYLINDRICAL_SURFACE('',#5299,0.1);
#5299 = AXIS2_PLACEMENT_3D('',#5300,#5301,#5302);
#5300 = CARTESIAN_POINT('',(-2.724938966801,-2.11,0.3));
#5301 = DIRECTION('',(-1.144237745222E-17,-1.,0.));
#5302 = DIRECTION('',(-0.,0.,-1.));
#5303 = ADVANCED_FACE('',(#5304),#5315,.F.);
#5304 = FACE_BOUND('',#5305,.F.);
#5305 = EDGE_LOOP('',(#5306,#5312,#5313,#5314));
#5306 = ORIENTED_EDGE('',*,*,#5307,.T.);
#5307 = EDGE_CURVE('',#3353,#3462,#5308,.T.);
#5308 = LINE('',#5309,#5310);
#5309 = CARTESIAN_POINT('',(-3.,-2.11,0.2));
#5310 = VECTOR('',#5311,1.);
#5311 = DIRECTION('',(1.144237745222E-17,1.,0.));
#5312 = ORIENTED_EDGE('',*,*,#3469,.T.);
#5313 = ORIENTED_EDGE('',*,*,#5290,.F.);
#5314 = ORIENTED_EDGE('',*,*,#3360,.F.);
#5315 = PLANE('',#5316);
#5316 = AXIS2_PLACEMENT_3D('',#5317,#5318,#5319);
#5317 = CARTESIAN_POINT('',(-3.,-2.11,0.2));
#5318 = DIRECTION('',(0.,0.,-1.));
#5319 = DIRECTION('',(1.,-1.144237745222E-17,0.));
#5320 = ADVANCED_FACE('',(#5321),#5332,.F.);
#5321 = FACE_BOUND('',#5322,.F.);
#5322 = EDGE_LOOP('',(#5323,#5329,#5330,#5331));
#5323 = ORIENTED_EDGE('',*,*,#5324,.T.);
#5324 = EDGE_CURVE('',#3345,#3454,#5325,.T.);
#5325 = LINE('',#5326,#5327);
#5326 = CARTESIAN_POINT('',(-3.,-2.11,-1.665334536938E-16));
#5327 = VECTOR('',#5328,1.);
#5328 = DIRECTION('',(1.144237745222E-17,1.,0.));
#5329 = ORIENTED_EDGE('',*,*,#3461,.T.);
#5330 = ORIENTED_EDGE('',*,*,#5307,.F.);
#5331 = ORIENTED_EDGE('',*,*,#3352,.F.);
#5332 = PLANE('',#5333);
#5333 = AXIS2_PLACEMENT_3D('',#5334,#5335,#5336);
#5334 = CARTESIAN_POINT('',(-3.,-2.11,-1.665334536938E-16));
#5335 = DIRECTION('',(1.,-1.144237745222E-17,0.));
#5336 = DIRECTION('',(0.,0.,1.));
#5337 = ADVANCED_FACE('',(#5338),#5349,.F.);
#5338 = FACE_BOUND('',#5339,.F.);
#5339 = EDGE_LOOP('',(#5340,#5346,#5347,#5348));
#5340 = ORIENTED_EDGE('',*,*,#5341,.T.);
#5341 = EDGE_CURVE('',#3336,#3445,#5342,.T.);
#5342 = LINE('',#5343,#5344);
#5343 = CARTESIAN_POINT('',(-2.724938966801,-2.11,-1.665334536938E-16));
#5344 = VECTOR('',#5345,1.);
#5345 = DIRECTION('',(1.144237745222E-17,1.,0.));
#5346 = ORIENTED_EDGE('',*,*,#3453,.T.);
#5347 = ORIENTED_EDGE('',*,*,#5324,.F.);
#5348 = ORIENTED_EDGE('',*,*,#3344,.F.);
#5349 = PLANE('',#5350);
#5350 = AXIS2_PLACEMENT_3D('',#5351,#5352,#5353);
#5351 = CARTESIAN_POINT('',(-2.724938966801,-2.11,-1.665334536938E-16));
#5352 = DIRECTION('',(0.,0.,1.));
#5353 = DIRECTION('',(-1.,1.144237745222E-17,0.));
#5354 = ADVANCED_FACE('',(#5355),#5366,.T.);
#5355 = FACE_BOUND('',#5356,.T.);
#5356 = EDGE_LOOP('',(#5357,#5358,#5359,#5360));
#5357 = ORIENTED_EDGE('',*,*,#3335,.T.);
#5358 = ORIENTED_EDGE('',*,*,#5341,.T.);
#5359 = ORIENTED_EDGE('',*,*,#3444,.F.);
#5360 = ORIENTED_EDGE('',*,*,#5361,.F.);
#5361 = EDGE_CURVE('',#3328,#3437,#5362,.T.);
#5362 = LINE('',#5363,#5364);
#5363 = CARTESIAN_POINT('',(-2.429496640897,-2.11,0.2479055467));
#5364 = VECTOR('',#5365,1.);
#5365 = DIRECTION('',(1.144237745222E-17,1.,0.));
#5366 = CYLINDRICAL_SURFACE('',#5367,0.3);
#5367 = AXIS2_PLACEMENT_3D('',#5368,#5369,#5370);
#5368 = CARTESIAN_POINT('',(-2.724938966801,-2.11,0.3));
#5369 = DIRECTION('',(-1.144237745222E-17,-1.,0.));
#5370 = DIRECTION('',(0.984807753012,-1.126854202784E-17,-0.173648177667
    ));
#5371 = ADVANCED_FACE('',(#5372),#5378,.F.);
#5372 = FACE_BOUND('',#5373,.F.);
#5373 = EDGE_LOOP('',(#5374,#5375,#5376,#5377));
#5374 = ORIENTED_EDGE('',*,*,#3418,.T.);
#5375 = ORIENTED_EDGE('',*,*,#3436,.T.);
#5376 = ORIENTED_EDGE('',*,*,#5361,.F.);
#5377 = ORIENTED_EDGE('',*,*,#3327,.F.);
#5378 = PLANE('',#5379);
#5379 = AXIS2_PLACEMENT_3D('',#5380,#5381,#5382);
#5380 = CARTESIAN_POINT('',(-2.348480775301,-2.11,0.742364817767));
#5381 = DIRECTION('',(-0.986841372087,1.129181146488E-17,0.161691392282)
  );
#5382 = DIRECTION('',(-0.161691392282,1.85013394127E-18,-0.986841372087)
  );
#5383 = ADVANCED_FACE('',(#5384),#5395,.T.);
#5384 = FACE_BOUND('',#5385,.T.);
#5385 = EDGE_LOOP('',(#5386,#5387,#5388,#5389));
#5386 = ORIENTED_EDGE('',*,*,#3608,.T.);
#5387 = ORIENTED_EDGE('',*,*,#5055,.T.);
#5388 = ORIENTED_EDGE('',*,*,#3717,.F.);
#5389 = ORIENTED_EDGE('',*,*,#5390,.F.);
#5390 = EDGE_CURVE('',#3601,#3710,#5391,.T.);
#5391 = LINE('',#5392,#5393);
#5392 = CARTESIAN_POINT('',(-2.545442325904,-0.84,0.7770944533));
#5393 = VECTOR('',#5394,1.);
#5394 = DIRECTION('',(1.144237745222E-17,1.,0.));
#5395 = CYLINDRICAL_SURFACE('',#5396,0.3);
#5396 = AXIS2_PLACEMENT_3D('',#5397,#5398,#5399);
#5397 = CARTESIAN_POINT('',(-2.25,-0.84,0.725));
#5398 = DIRECTION('',(-1.144237745222E-17,-1.,0.));
#5399 = DIRECTION('',(-0.984807753012,1.126854202784E-17,0.173648177667)
  );
#5400 = ADVANCED_FACE('',(#5401),#5412,.F.);
#5401 = FACE_BOUND('',#5402,.F.);
#5402 = EDGE_LOOP('',(#5403,#5409,#5410,#5411));
#5403 = ORIENTED_EDGE('',*,*,#5404,.T.);
#5404 = EDGE_CURVE('',#3592,#3701,#5405,.T.);
#5405 = LINE('',#5406,#5407);
#5406 = CARTESIAN_POINT('',(-2.6264581915,-0.84,0.282635182233));
#5407 = VECTOR('',#5408,1.);
#5408 = DIRECTION('',(1.144237745222E-17,1.,0.));
#5409 = ORIENTED_EDGE('',*,*,#3709,.T.);
#5410 = ORIENTED_EDGE('',*,*,#5390,.F.);
#5411 = ORIENTED_EDGE('',*,*,#3600,.F.);
#5412 = PLANE('',#5413);
#5413 = AXIS2_PLACEMENT_3D('',#5414,#5415,#5416);
#5414 = CARTESIAN_POINT('',(-2.6264581915,-0.84,0.282635182233));
#5415 = DIRECTION('',(0.986841372087,-1.129181146488E-17,-0.161691392282
    ));
#5416 = DIRECTION('',(0.161691392282,-1.85013394127E-18,0.986841372087)
  );
#5417 = ADVANCED_FACE('',(#5418),#5429,.F.);
#5418 = FACE_BOUND('',#5419,.F.);
#5419 = EDGE_LOOP('',(#5420,#5426,#5427,#5428));
#5420 = ORIENTED_EDGE('',*,*,#5421,.T.);
#5421 = EDGE_CURVE('',#3584,#3693,#5422,.T.);
#5422 = LINE('',#5423,#5424);
#5423 = CARTESIAN_POINT('',(-2.724938966801,-0.84,0.2));
#5424 = VECTOR('',#5425,1.);
#5425 = DIRECTION('',(1.144237745222E-17,1.,0.));
#5426 = ORIENTED_EDGE('',*,*,#3700,.T.);
#5427 = ORIENTED_EDGE('',*,*,#5404,.F.);
#5428 = ORIENTED_EDGE('',*,*,#3591,.F.);
#5429 = CYLINDRICAL_SURFACE('',#5430,0.1);
#5430 = AXIS2_PLACEMENT_3D('',#5431,#5432,#5433);
#5431 = CARTESIAN_POINT('',(-2.724938966801,-0.84,0.3));
#5432 = DIRECTION('',(-1.144237745222E-17,-1.,0.));
#5433 = DIRECTION('',(-0.,0.,-1.));
#5434 = ADVANCED_FACE('',(#5435),#5446,.F.);
#5435 = FACE_BOUND('',#5436,.F.);
#5436 = EDGE_LOOP('',(#5437,#5443,#5444,#5445));
#5437 = ORIENTED_EDGE('',*,*,#5438,.T.);
#5438 = EDGE_CURVE('',#3576,#3685,#5439,.T.);
#5439 = LINE('',#5440,#5441);
#5440 = CARTESIAN_POINT('',(-3.,-0.84,0.2));
#5441 = VECTOR('',#5442,1.);
#5442 = DIRECTION('',(1.144237745222E-17,1.,0.));
#5443 = ORIENTED_EDGE('',*,*,#3692,.T.);
#5444 = ORIENTED_EDGE('',*,*,#5421,.F.);
#5445 = ORIENTED_EDGE('',*,*,#3583,.F.);
#5446 = PLANE('',#5447);
#5447 = AXIS2_PLACEMENT_3D('',#5448,#5449,#5450);
#5448 = CARTESIAN_POINT('',(-3.,-0.84,0.2));
#5449 = DIRECTION('',(0.,0.,-1.));
#5450 = DIRECTION('',(1.,-1.144237745222E-17,0.));
#5451 = ADVANCED_FACE('',(#5452),#5463,.F.);
#5452 = FACE_BOUND('',#5453,.F.);
#5453 = EDGE_LOOP('',(#5454,#5460,#5461,#5462));
#5454 = ORIENTED_EDGE('',*,*,#5455,.T.);
#5455 = EDGE_CURVE('',#3568,#3677,#5456,.T.);
#5456 = LINE('',#5457,#5458);
#5457 = CARTESIAN_POINT('',(-3.,-0.84,-1.665334536938E-16));
#5458 = VECTOR('',#5459,1.);
#5459 = DIRECTION('',(1.144237745222E-17,1.,0.));
#5460 = ORIENTED_EDGE('',*,*,#3684,.T.);
#5461 = ORIENTED_EDGE('',*,*,#5438,.F.);
#5462 = ORIENTED_EDGE('',*,*,#3575,.F.);
#5463 = PLANE('',#5464);
#5464 = AXIS2_PLACEMENT_3D('',#5465,#5466,#5467);
#5465 = CARTESIAN_POINT('',(-3.,-0.84,-1.665334536938E-16));
#5466 = DIRECTION('',(1.,-1.144237745222E-17,0.));
#5467 = DIRECTION('',(0.,0.,1.));
#5468 = ADVANCED_FACE('',(#5469),#5480,.F.);
#5469 = FACE_BOUND('',#5470,.F.);
#5470 = EDGE_LOOP('',(#5471,#5477,#5478,#5479));
#5471 = ORIENTED_EDGE('',*,*,#5472,.T.);
#5472 = EDGE_CURVE('',#3559,#3668,#5473,.T.);
#5473 = LINE('',#5474,#5475);
#5474 = CARTESIAN_POINT('',(-2.724938966801,-0.84,-1.665334536938E-16));
#5475 = VECTOR('',#5476,1.);
#5476 = DIRECTION('',(1.144237745222E-17,1.,0.));
#5477 = ORIENTED_EDGE('',*,*,#3676,.T.);
#5478 = ORIENTED_EDGE('',*,*,#5455,.F.);
#5479 = ORIENTED_EDGE('',*,*,#3567,.F.);
#5480 = PLANE('',#5481);
#5481 = AXIS2_PLACEMENT_3D('',#5482,#5483,#5484);
#5482 = CARTESIAN_POINT('',(-2.724938966801,-0.84,-1.665334536938E-16));
#5483 = DIRECTION('',(0.,0.,1.));
#5484 = DIRECTION('',(-1.,1.144237745222E-17,0.));
#5485 = ADVANCED_FACE('',(#5486),#5497,.T.);
#5486 = FACE_BOUND('',#5487,.T.);
#5487 = EDGE_LOOP('',(#5488,#5489,#5490,#5491));
#5488 = ORIENTED_EDGE('',*,*,#3558,.T.);
#5489 = ORIENTED_EDGE('',*,*,#5472,.T.);
#5490 = ORIENTED_EDGE('',*,*,#3667,.F.);
#5491 = ORIENTED_EDGE('',*,*,#5492,.F.);
#5492 = EDGE_CURVE('',#3551,#3660,#5493,.T.);
#5493 = LINE('',#5494,#5495);
#5494 = CARTESIAN_POINT('',(-2.429496640897,-0.84,0.2479055467));
#5495 = VECTOR('',#5496,1.);
#5496 = DIRECTION('',(1.144237745222E-17,1.,0.));
#5497 = CYLINDRICAL_SURFACE('',#5498,0.3);
#5498 = AXIS2_PLACEMENT_3D('',#5499,#5500,#5501);
#5499 = CARTESIAN_POINT('',(-2.724938966801,-0.84,0.3));
#5500 = DIRECTION('',(-1.144237745222E-17,-1.,0.));
#5501 = DIRECTION('',(0.984807753012,-1.126854202784E-17,-0.173648177667
    ));
#5502 = ADVANCED_FACE('',(#5503),#5509,.F.);
#5503 = FACE_BOUND('',#5504,.F.);
#5504 = EDGE_LOOP('',(#5505,#5506,#5507,#5508));
#5505 = ORIENTED_EDGE('',*,*,#3641,.T.);
#5506 = ORIENTED_EDGE('',*,*,#3659,.T.);
#5507 = ORIENTED_EDGE('',*,*,#5492,.F.);
#5508 = ORIENTED_EDGE('',*,*,#3550,.F.);
#5509 = PLANE('',#5510);
#5510 = AXIS2_PLACEMENT_3D('',#5511,#5512,#5513);
#5511 = CARTESIAN_POINT('',(-2.348480775301,-0.84,0.742364817767));
#5512 = DIRECTION('',(-0.986841372087,1.129181146488E-17,0.161691392282)
  );
#5513 = DIRECTION('',(-0.161691392282,1.85013394127E-18,-0.986841372087)
  );
#5514 = ADVANCED_FACE('',(#5515),#5526,.T.);
#5515 = FACE_BOUND('',#5516,.T.);
#5516 = EDGE_LOOP('',(#5517,#5518,#5519,#5520));
#5517 = ORIENTED_EDGE('',*,*,#3831,.T.);
#5518 = ORIENTED_EDGE('',*,*,#5074,.T.);
#5519 = ORIENTED_EDGE('',*,*,#3940,.F.);
#5520 = ORIENTED_EDGE('',*,*,#5521,.F.);
#5521 = EDGE_CURVE('',#3824,#3933,#5522,.T.);
#5522 = LINE('',#5523,#5524);
#5523 = CARTESIAN_POINT('',(-2.545442325904,0.43,0.7770944533));
#5524 = VECTOR('',#5525,1.);
#5525 = DIRECTION('',(1.144237745222E-17,1.,0.));
#5526 = CYLINDRICAL_SURFACE('',#5527,0.3);
#5527 = AXIS2_PLACEMENT_3D('',#5528,#5529,#5530);
#5528 = CARTESIAN_POINT('',(-2.25,0.43,0.725));
#5529 = DIRECTION('',(-1.144237745222E-17,-1.,0.));
#5530 = DIRECTION('',(-0.984807753012,1.126854202784E-17,0.173648177667)
  );
#5531 = ADVANCED_FACE('',(#5532),#5543,.F.);
#5532 = FACE_BOUND('',#5533,.F.);
#5533 = EDGE_LOOP('',(#5534,#5540,#5541,#5542));
#5534 = ORIENTED_EDGE('',*,*,#5535,.T.);
#5535 = EDGE_CURVE('',#3815,#3924,#5536,.T.);
#5536 = LINE('',#5537,#5538);
#5537 = CARTESIAN_POINT('',(-2.6264581915,0.43,0.282635182233));
#5538 = VECTOR('',#5539,1.);
#5539 = DIRECTION('',(1.144237745222E-17,1.,0.));
#5540 = ORIENTED_EDGE('',*,*,#3932,.T.);
#5541 = ORIENTED_EDGE('',*,*,#5521,.F.);
#5542 = ORIENTED_EDGE('',*,*,#3823,.F.);
#5543 = PLANE('',#5544);
#5544 = AXIS2_PLACEMENT_3D('',#5545,#5546,#5547);
#5545 = CARTESIAN_POINT('',(-2.6264581915,0.43,0.282635182233));
#5546 = DIRECTION('',(0.986841372087,-1.129181146488E-17,-0.161691392282
    ));
#5547 = DIRECTION('',(0.161691392282,-1.85013394127E-18,0.986841372087)
  );
#5548 = ADVANCED_FACE('',(#5549),#5560,.F.);
#5549 = FACE_BOUND('',#5550,.F.);
#5550 = EDGE_LOOP('',(#5551,#5557,#5558,#5559));
#5551 = ORIENTED_EDGE('',*,*,#5552,.T.);
#5552 = EDGE_CURVE('',#3807,#3916,#5553,.T.);
#5553 = LINE('',#5554,#5555);
#5554 = CARTESIAN_POINT('',(-2.724938966801,0.43,0.2));
#5555 = VECTOR('',#5556,1.);
#5556 = DIRECTION('',(1.144237745222E-17,1.,0.));
#5557 = ORIENTED_EDGE('',*,*,#3923,.T.);
#5558 = ORIENTED_EDGE('',*,*,#5535,.F.);
#5559 = ORIENTED_EDGE('',*,*,#3814,.F.);
#5560 = CYLINDRICAL_SURFACE('',#5561,0.1);
#5561 = AXIS2_PLACEMENT_3D('',#5562,#5563,#5564);
#5562 = CARTESIAN_POINT('',(-2.724938966801,0.43,0.3));
#5563 = DIRECTION('',(-1.144237745222E-17,-1.,0.));
#5564 = DIRECTION('',(-0.,0.,-1.));
#5565 = ADVANCED_FACE('',(#5566),#5577,.F.);
#5566 = FACE_BOUND('',#5567,.F.);
#5567 = EDGE_LOOP('',(#5568,#5574,#5575,#5576));
#5568 = ORIENTED_EDGE('',*,*,#5569,.T.);
#5569 = EDGE_CURVE('',#3799,#3908,#5570,.T.);
#5570 = LINE('',#5571,#5572);
#5571 = CARTESIAN_POINT('',(-3.,0.43,0.2));
#5572 = VECTOR('',#5573,1.);
#5573 = DIRECTION('',(1.144237745222E-17,1.,0.));
#5574 = ORIENTED_EDGE('',*,*,#3915,.T.);
#5575 = ORIENTED_EDGE('',*,*,#5552,.F.);
#5576 = ORIENTED_EDGE('',*,*,#3806,.F.);
#5577 = PLANE('',#5578);
#5578 = AXIS2_PLACEMENT_3D('',#5579,#5580,#5581);
#5579 = CARTESIAN_POINT('',(-3.,0.43,0.2));
#5580 = DIRECTION('',(0.,0.,-1.));
#5581 = DIRECTION('',(1.,-1.144237745222E-17,0.));
#5582 = ADVANCED_FACE('',(#5583),#5594,.F.);
#5583 = FACE_BOUND('',#5584,.F.);
#5584 = EDGE_LOOP('',(#5585,#5591,#5592,#5593));
#5585 = ORIENTED_EDGE('',*,*,#5586,.T.);
#5586 = EDGE_CURVE('',#3791,#3900,#5587,.T.);
#5587 = LINE('',#5588,#5589);
#5588 = CARTESIAN_POINT('',(-3.,0.43,-1.665334536938E-16));
#5589 = VECTOR('',#5590,1.);
#5590 = DIRECTION('',(1.144237745222E-17,1.,0.));
#5591 = ORIENTED_EDGE('',*,*,#3907,.T.);
#5592 = ORIENTED_EDGE('',*,*,#5569,.F.);
#5593 = ORIENTED_EDGE('',*,*,#3798,.F.);
#5594 = PLANE('',#5595);
#5595 = AXIS2_PLACEMENT_3D('',#5596,#5597,#5598);
#5596 = CARTESIAN_POINT('',(-3.,0.43,-1.665334536938E-16));
#5597 = DIRECTION('',(1.,-1.144237745222E-17,0.));
#5598 = DIRECTION('',(0.,0.,1.));
#5599 = ADVANCED_FACE('',(#5600),#5611,.F.);
#5600 = FACE_BOUND('',#5601,.F.);
#5601 = EDGE_LOOP('',(#5602,#5608,#5609,#5610));
#5602 = ORIENTED_EDGE('',*,*,#5603,.T.);
#5603 = EDGE_CURVE('',#3782,#3891,#5604,.T.);
#5604 = LINE('',#5605,#5606);
#5605 = CARTESIAN_POINT('',(-2.724938966801,0.43,-1.665334536938E-16));
#5606 = VECTOR('',#5607,1.);
#5607 = DIRECTION('',(1.144237745222E-17,1.,0.));
#5608 = ORIENTED_EDGE('',*,*,#3899,.T.);
#5609 = ORIENTED_EDGE('',*,*,#5586,.F.);
#5610 = ORIENTED_EDGE('',*,*,#3790,.F.);
#5611 = PLANE('',#5612);
#5612 = AXIS2_PLACEMENT_3D('',#5613,#5614,#5615);
#5613 = CARTESIAN_POINT('',(-2.724938966801,0.43,-1.665334536938E-16));
#5614 = DIRECTION('',(0.,0.,1.));
#5615 = DIRECTION('',(-1.,1.144237745222E-17,0.));
#5616 = ADVANCED_FACE('',(#5617),#5628,.T.);
#5617 = FACE_BOUND('',#5618,.T.);
#5618 = EDGE_LOOP('',(#5619,#5620,#5621,#5622));
#5619 = ORIENTED_EDGE('',*,*,#3781,.T.);
#5620 = ORIENTED_EDGE('',*,*,#5603,.T.);
#5621 = ORIENTED_EDGE('',*,*,#3890,.F.);
#5622 = ORIENTED_EDGE('',*,*,#5623,.F.);
#5623 = EDGE_CURVE('',#3774,#3883,#5624,.T.);
#5624 = LINE('',#5625,#5626);
#5625 = CARTESIAN_POINT('',(-2.429496640897,0.43,0.2479055467));
#5626 = VECTOR('',#5627,1.);
#5627 = DIRECTION('',(1.144237745222E-17,1.,0.));
#5628 = CYLINDRICAL_SURFACE('',#5629,0.3);
#5629 = AXIS2_PLACEMENT_3D('',#5630,#5631,#5632);
#5630 = CARTESIAN_POINT('',(-2.724938966801,0.43,0.3));
#5631 = DIRECTION('',(-1.144237745222E-17,-1.,0.));
#5632 = DIRECTION('',(0.984807753012,-1.126854202784E-17,-0.173648177667
    ));
#5633 = ADVANCED_FACE('',(#5634),#5640,.F.);
#5634 = FACE_BOUND('',#5635,.F.);
#5635 = EDGE_LOOP('',(#5636,#5637,#5638,#5639));
#5636 = ORIENTED_EDGE('',*,*,#3864,.T.);
#5637 = ORIENTED_EDGE('',*,*,#3882,.T.);
#5638 = ORIENTED_EDGE('',*,*,#5623,.F.);
#5639 = ORIENTED_EDGE('',*,*,#3773,.F.);
#5640 = PLANE('',#5641);
#5641 = AXIS2_PLACEMENT_3D('',#5642,#5643,#5644);
#5642 = CARTESIAN_POINT('',(-2.348480775301,0.43,0.742364817767));
#5643 = DIRECTION('',(-0.986841372087,1.129181146488E-17,0.161691392282)
  );
#5644 = DIRECTION('',(-0.161691392282,1.85013394127E-18,-0.986841372087)
  );
#5645 = ADVANCED_FACE('',(#5646),#5657,.F.);
#5646 = FACE_BOUND('',#5647,.F.);
#5647 = EDGE_LOOP('',(#5648,#5654,#5655,#5656));
#5648 = ORIENTED_EDGE('',*,*,#5649,.T.);
#5649 = EDGE_CURVE('',#4033,#4135,#5650,.T.);
#5650 = LINE('',#5651,#5652);
#5651 = CARTESIAN_POINT('',(-2.6264581915,1.7,0.282635182233));
#5652 = VECTOR('',#5653,1.);
#5653 = DIRECTION('',(1.144237745222E-17,1.,0.));
#5654 = ORIENTED_EDGE('',*,*,#4143,.T.);
#5655 = ORIENTED_EDGE('',*,*,#5021,.F.);
#5656 = ORIENTED_EDGE('',*,*,#4041,.F.);
#5657 = PLANE('',#5658);
#5658 = AXIS2_PLACEMENT_3D('',#5659,#5660,#5661);
#5659 = CARTESIAN_POINT('',(-2.6264581915,1.7,0.282635182233));
#5660 = DIRECTION('',(0.986841372087,-1.129181146488E-17,-0.161691392282
    ));
#5661 = DIRECTION('',(0.161691392282,-1.85013394127E-18,0.986841372087)
  );
#5662 = ADVANCED_FACE('',(#5663),#5674,.F.);
#5663 = FACE_BOUND('',#5664,.F.);
#5664 = EDGE_LOOP('',(#5665,#5671,#5672,#5673));
#5665 = ORIENTED_EDGE('',*,*,#5666,.T.);
#5666 = EDGE_CURVE('',#4025,#4127,#5667,.T.);
#5667 = LINE('',#5668,#5669);
#5668 = CARTESIAN_POINT('',(-2.724938966801,1.7,0.2));
#5669 = VECTOR('',#5670,1.);
#5670 = DIRECTION('',(1.144237745222E-17,1.,0.));
#5671 = ORIENTED_EDGE('',*,*,#4134,.T.);
#5672 = ORIENTED_EDGE('',*,*,#5649,.F.);
#5673 = ORIENTED_EDGE('',*,*,#4032,.F.);
#5674 = CYLINDRICAL_SURFACE('',#5675,0.1);
#5675 = AXIS2_PLACEMENT_3D('',#5676,#5677,#5678);
#5676 = CARTESIAN_POINT('',(-2.724938966801,1.7,0.3));
#5677 = DIRECTION('',(-1.144237745222E-17,-1.,0.));
#5678 = DIRECTION('',(-0.,0.,-1.));
#5679 = ADVANCED_FACE('',(#5680),#5691,.F.);
#5680 = FACE_BOUND('',#5681,.F.);
#5681 = EDGE_LOOP('',(#5682,#5688,#5689,#5690));
#5682 = ORIENTED_EDGE('',*,*,#5683,.T.);
#5683 = EDGE_CURVE('',#4017,#4119,#5684,.T.);
#5684 = LINE('',#5685,#5686);
#5685 = CARTESIAN_POINT('',(-3.,1.7,0.2));
#5686 = VECTOR('',#5687,1.);
#5687 = DIRECTION('',(1.144237745222E-17,1.,0.));
#5688 = ORIENTED_EDGE('',*,*,#4126,.T.);
#5689 = ORIENTED_EDGE('',*,*,#5666,.F.);
#5690 = ORIENTED_EDGE('',*,*,#4024,.F.);
#5691 = PLANE('',#5692);
#5692 = AXIS2_PLACEMENT_3D('',#5693,#5694,#5695);
#5693 = CARTESIAN_POINT('',(-3.,1.7,0.2));
#5694 = DIRECTION('',(0.,0.,-1.));
#5695 = DIRECTION('',(1.,-1.144237745222E-17,0.));
#5696 = ADVANCED_FACE('',(#5697),#5708,.F.);
#5697 = FACE_BOUND('',#5698,.F.);
#5698 = EDGE_LOOP('',(#5699,#5705,#5706,#5707));
#5699 = ORIENTED_EDGE('',*,*,#5700,.T.);
#5700 = EDGE_CURVE('',#4009,#4111,#5701,.T.);
#5701 = LINE('',#5702,#5703);
#5702 = CARTESIAN_POINT('',(-3.,1.7,-1.665334536938E-16));
#5703 = VECTOR('',#5704,1.);
#5704 = DIRECTION('',(1.144237745222E-17,1.,0.));
#5705 = ORIENTED_EDGE('',*,*,#4118,.T.);
#5706 = ORIENTED_EDGE('',*,*,#5683,.F.);
#5707 = ORIENTED_EDGE('',*,*,#4016,.F.);
#5708 = PLANE('',#5709);
#5709 = AXIS2_PLACEMENT_3D('',#5710,#5711,#5712);
#5710 = CARTESIAN_POINT('',(-3.,1.7,-1.665334536938E-16));
#5711 = DIRECTION('',(1.,-1.144237745222E-17,0.));
#5712 = DIRECTION('',(0.,0.,1.));
#5713 = ADVANCED_FACE('',(#5714),#5725,.F.);
#5714 = FACE_BOUND('',#5715,.F.);
#5715 = EDGE_LOOP('',(#5716,#5722,#5723,#5724));
#5716 = ORIENTED_EDGE('',*,*,#5717,.T.);
#5717 = EDGE_CURVE('',#4000,#4102,#5718,.T.);
#5718 = LINE('',#5719,#5720);
#5719 = CARTESIAN_POINT('',(-2.724938966801,1.7,-1.665334536938E-16));
#5720 = VECTOR('',#5721,1.);
#5721 = DIRECTION('',(1.144237745222E-17,1.,0.));
#5722 = ORIENTED_EDGE('',*,*,#4110,.T.);
#5723 = ORIENTED_EDGE('',*,*,#5700,.F.);
#5724 = ORIENTED_EDGE('',*,*,#4008,.F.);
#5725 = PLANE('',#5726);
#5726 = AXIS2_PLACEMENT_3D('',#5727,#5728,#5729);
#5727 = CARTESIAN_POINT('',(-2.724938966801,1.7,-1.665334536938E-16));
#5728 = DIRECTION('',(0.,0.,1.));
#5729 = DIRECTION('',(-1.,1.144237745222E-17,0.));
#5730 = ADVANCED_FACE('',(#5731),#5742,.T.);
#5731 = FACE_BOUND('',#5732,.T.);
#5732 = EDGE_LOOP('',(#5733,#5734,#5735,#5736));
#5733 = ORIENTED_EDGE('',*,*,#3999,.T.);
#5734 = ORIENTED_EDGE('',*,*,#5717,.T.);
#5735 = ORIENTED_EDGE('',*,*,#4101,.F.);
#5736 = ORIENTED_EDGE('',*,*,#5737,.F.);
#5737 = EDGE_CURVE('',#3992,#4094,#5738,.T.);
#5738 = LINE('',#5739,#5740);
#5739 = CARTESIAN_POINT('',(-2.429496640897,1.7,0.2479055467));
#5740 = VECTOR('',#5741,1.);
#5741 = DIRECTION('',(1.144237745222E-17,1.,0.));
#5742 = CYLINDRICAL_SURFACE('',#5743,0.3);
#5743 = AXIS2_PLACEMENT_3D('',#5744,#5745,#5746);
#5744 = CARTESIAN_POINT('',(-2.724938966801,1.7,0.3));
#5745 = DIRECTION('',(-1.144237745222E-17,-1.,0.));
#5746 = DIRECTION('',(0.984807753012,-1.126854202784E-17,-0.173648177667
    ));
#5747 = ADVANCED_FACE('',(#5748),#5754,.F.);
#5748 = FACE_BOUND('',#5749,.F.);
#5749 = EDGE_LOOP('',(#5750,#5751,#5752,#5753));
#5750 = ORIENTED_EDGE('',*,*,#4075,.T.);
#5751 = ORIENTED_EDGE('',*,*,#4093,.T.);
#5752 = ORIENTED_EDGE('',*,*,#5737,.F.);
#5753 = ORIENTED_EDGE('',*,*,#3991,.F.);
#5754 = PLANE('',#5755);
#5755 = AXIS2_PLACEMENT_3D('',#5756,#5757,#5758);
#5756 = CARTESIAN_POINT('',(-2.348480775301,1.7,0.742364817767));
#5757 = DIRECTION('',(-0.986841372087,1.129181146488E-17,0.161691392282)
  );
#5758 = DIRECTION('',(-0.161691392282,1.85013394127E-18,-0.986841372087)
  );
#5759 = ADVANCED_FACE('',(#5760),#5771,.F.);
#5760 = FACE_BOUND('',#5761,.F.);
#5761 = EDGE_LOOP('',(#5762,#5768,#5769,#5770));
#5762 = ORIENTED_EDGE('',*,*,#5763,.T.);
#5763 = EDGE_CURVE('',#4220,#4322,#5764,.T.);
#5764 = LINE('',#5765,#5766);
#5765 = CARTESIAN_POINT('',(2.6264581915,2.11,0.282635182233));
#5766 = VECTOR('',#5767,1.);
#5767 = DIRECTION('',(1.110223024625E-16,-1.,0.));
#5768 = ORIENTED_EDGE('',*,*,#4330,.T.);
#5769 = ORIENTED_EDGE('',*,*,#5230,.F.);
#5770 = ORIENTED_EDGE('',*,*,#4228,.F.);
#5771 = PLANE('',#5772);
#5772 = AXIS2_PLACEMENT_3D('',#5773,#5774,#5775);
#5773 = CARTESIAN_POINT('',(2.6264581915,2.11,0.282635182233));
#5774 = DIRECTION('',(-0.986841372087,-1.095614012943E-16,
    -0.161691392282));
#5775 = DIRECTION('',(-0.161691392282,-1.795135065956E-17,0.986841372087
    ));
#5776 = ADVANCED_FACE('',(#5777),#5788,.F.);
#5777 = FACE_BOUND('',#5778,.F.);
#5778 = EDGE_LOOP('',(#5779,#5785,#5786,#5787));
#5779 = ORIENTED_EDGE('',*,*,#5780,.T.);
#5780 = EDGE_CURVE('',#4212,#4314,#5781,.T.);
#5781 = LINE('',#5782,#5783);
#5782 = CARTESIAN_POINT('',(2.724938966801,2.11,0.2));
#5783 = VECTOR('',#5784,1.);
#5784 = DIRECTION('',(1.110223024625E-16,-1.,0.));
#5785 = ORIENTED_EDGE('',*,*,#4321,.T.);
#5786 = ORIENTED_EDGE('',*,*,#5763,.F.);
#5787 = ORIENTED_EDGE('',*,*,#4219,.F.);
#5788 = CYLINDRICAL_SURFACE('',#5789,0.1);
#5789 = AXIS2_PLACEMENT_3D('',#5790,#5791,#5792);
#5790 = CARTESIAN_POINT('',(2.724938966801,2.11,0.3));
#5791 = DIRECTION('',(-1.110223024625E-16,1.,0.));
#5792 = DIRECTION('',(0.,0.,-1.));
#5793 = ADVANCED_FACE('',(#5794),#5805,.F.);
#5794 = FACE_BOUND('',#5795,.F.);
#5795 = EDGE_LOOP('',(#5796,#5802,#5803,#5804));
#5796 = ORIENTED_EDGE('',*,*,#5797,.T.);
#5797 = EDGE_CURVE('',#4204,#4306,#5798,.T.);
#5798 = LINE('',#5799,#5800);
#5799 = CARTESIAN_POINT('',(3.,2.11,0.2));
#5800 = VECTOR('',#5801,1.);
#5801 = DIRECTION('',(1.110223024625E-16,-1.,0.));
#5802 = ORIENTED_EDGE('',*,*,#4313,.T.);
#5803 = ORIENTED_EDGE('',*,*,#5780,.F.);
#5804 = ORIENTED_EDGE('',*,*,#4211,.F.);
#5805 = PLANE('',#5806);
#5806 = AXIS2_PLACEMENT_3D('',#5807,#5808,#5809);
#5807 = CARTESIAN_POINT('',(3.,2.11,0.2));
#5808 = DIRECTION('',(0.,0.,-1.));
#5809 = DIRECTION('',(-1.,-1.110223024625E-16,-0.));
#5810 = ADVANCED_FACE('',(#5811),#5822,.F.);
#5811 = FACE_BOUND('',#5812,.F.);
#5812 = EDGE_LOOP('',(#5813,#5819,#5820,#5821));
#5813 = ORIENTED_EDGE('',*,*,#5814,.T.);
#5814 = EDGE_CURVE('',#4196,#4298,#5815,.T.);
#5815 = LINE('',#5816,#5817);
#5816 = CARTESIAN_POINT('',(3.,2.11,-1.665334536938E-16));
#5817 = VECTOR('',#5818,1.);
#5818 = DIRECTION('',(1.110223024625E-16,-1.,0.));
#5819 = ORIENTED_EDGE('',*,*,#4305,.T.);
#5820 = ORIENTED_EDGE('',*,*,#5797,.F.);
#5821 = ORIENTED_EDGE('',*,*,#4203,.F.);
#5822 = PLANE('',#5823);
#5823 = AXIS2_PLACEMENT_3D('',#5824,#5825,#5826);
#5824 = CARTESIAN_POINT('',(3.,2.11,-1.665334536938E-16));
#5825 = DIRECTION('',(-1.,-1.110223024625E-16,0.));
#5826 = DIRECTION('',(0.,0.,1.));
#5827 = ADVANCED_FACE('',(#5828),#5839,.F.);
#5828 = FACE_BOUND('',#5829,.F.);
#5829 = EDGE_LOOP('',(#5830,#5836,#5837,#5838));
#5830 = ORIENTED_EDGE('',*,*,#5831,.T.);
#5831 = EDGE_CURVE('',#4187,#4289,#5832,.T.);
#5832 = LINE('',#5833,#5834);
#5833 = CARTESIAN_POINT('',(2.724938966801,2.11,-1.665334536938E-16));
#5834 = VECTOR('',#5835,1.);
#5835 = DIRECTION('',(1.110223024625E-16,-1.,0.));
#5836 = ORIENTED_EDGE('',*,*,#4297,.T.);
#5837 = ORIENTED_EDGE('',*,*,#5814,.F.);
#5838 = ORIENTED_EDGE('',*,*,#4195,.F.);
#5839 = PLANE('',#5840);
#5840 = AXIS2_PLACEMENT_3D('',#5841,#5842,#5843);
#5841 = CARTESIAN_POINT('',(2.724938966801,2.11,-1.665334536938E-16));
#5842 = DIRECTION('',(0.,0.,1.));
#5843 = DIRECTION('',(1.,1.110223024625E-16,-0.));
#5844 = ADVANCED_FACE('',(#5845),#5856,.T.);
#5845 = FACE_BOUND('',#5846,.T.);
#5846 = EDGE_LOOP('',(#5847,#5848,#5849,#5850));
#5847 = ORIENTED_EDGE('',*,*,#4186,.T.);
#5848 = ORIENTED_EDGE('',*,*,#5831,.T.);
#5849 = ORIENTED_EDGE('',*,*,#4288,.F.);
#5850 = ORIENTED_EDGE('',*,*,#5851,.F.);
#5851 = EDGE_CURVE('',#4179,#4281,#5852,.T.);
#5852 = LINE('',#5853,#5854);
#5853 = CARTESIAN_POINT('',(2.429496640897,2.11,0.2479055467));
#5854 = VECTOR('',#5855,1.);
#5855 = DIRECTION('',(1.110223024625E-16,-1.,0.));
#5856 = CYLINDRICAL_SURFACE('',#5857,0.3);
#5857 = AXIS2_PLACEMENT_3D('',#5858,#5859,#5860);
#5858 = CARTESIAN_POINT('',(2.724938966801,2.11,0.3));
#5859 = DIRECTION('',(-1.110223024625E-16,1.,0.));
#5860 = DIRECTION('',(-0.984807753012,-1.093356242223E-16,
    -0.173648177667));
#5861 = ADVANCED_FACE('',(#5862),#5868,.F.);
#5862 = FACE_BOUND('',#5863,.F.);
#5863 = EDGE_LOOP('',(#5864,#5865,#5866,#5867));
#5864 = ORIENTED_EDGE('',*,*,#4262,.T.);
#5865 = ORIENTED_EDGE('',*,*,#4280,.T.);
#5866 = ORIENTED_EDGE('',*,*,#5851,.F.);
#5867 = ORIENTED_EDGE('',*,*,#4178,.F.);
#5868 = PLANE('',#5869);
#5869 = AXIS2_PLACEMENT_3D('',#5870,#5871,#5872);
#5870 = CARTESIAN_POINT('',(2.348480775301,2.11,0.742364817767));
#5871 = DIRECTION('',(0.986841372087,1.095614012943E-16,0.161691392282)
  );
#5872 = DIRECTION('',(0.161691392282,1.795135065956E-17,-0.986841372087)
  );
#5873 = ADVANCED_FACE('',(#5874),#5885,.T.);
#5874 = FACE_BOUND('',#5875,.T.);
#5875 = EDGE_LOOP('',(#5876,#5877,#5878,#5879));
#5876 = ORIENTED_EDGE('',*,*,#4440,.T.);
#5877 = ORIENTED_EDGE('',*,*,#5155,.T.);
#5878 = ORIENTED_EDGE('',*,*,#4549,.F.);
#5879 = ORIENTED_EDGE('',*,*,#5880,.F.);
#5880 = EDGE_CURVE('',#4433,#4542,#5881,.T.);
#5881 = LINE('',#5882,#5883);
#5882 = CARTESIAN_POINT('',(2.545442325904,0.84,0.7770944533));
#5883 = VECTOR('',#5884,1.);
#5884 = DIRECTION('',(1.110223024625E-16,-1.,0.));
#5885 = CYLINDRICAL_SURFACE('',#5886,0.3);
#5886 = AXIS2_PLACEMENT_3D('',#5887,#5888,#5889);
#5887 = CARTESIAN_POINT('',(2.25,0.84,0.725));
#5888 = DIRECTION('',(-1.110223024625E-16,1.,0.));
#5889 = DIRECTION('',(0.984807753012,1.093356242223E-16,0.173648177667)
  );
#5890 = ADVANCED_FACE('',(#5891),#5902,.F.);
#5891 = FACE_BOUND('',#5892,.F.);
#5892 = EDGE_LOOP('',(#5893,#5899,#5900,#5901));
#5893 = ORIENTED_EDGE('',*,*,#5894,.T.);
#5894 = EDGE_CURVE('',#4424,#4533,#5895,.T.);
#5895 = LINE('',#5896,#5897);
#5896 = CARTESIAN_POINT('',(2.6264581915,0.84,0.282635182233));
#5897 = VECTOR('',#5898,1.);
#5898 = DIRECTION('',(1.110223024625E-16,-1.,0.));
#5899 = ORIENTED_EDGE('',*,*,#4541,.T.);
#5900 = ORIENTED_EDGE('',*,*,#5880,.F.);
#5901 = ORIENTED_EDGE('',*,*,#4432,.F.);
#5902 = PLANE('',#5903);
#5903 = AXIS2_PLACEMENT_3D('',#5904,#5905,#5906);
#5904 = CARTESIAN_POINT('',(2.6264581915,0.84,0.282635182233));
#5905 = DIRECTION('',(-0.986841372087,-1.095614012943E-16,
    -0.161691392282));
#5906 = DIRECTION('',(-0.161691392282,-1.795135065956E-17,0.986841372087
    ));
#5907 = ADVANCED_FACE('',(#5908),#5919,.F.);
#5908 = FACE_BOUND('',#5909,.F.);
#5909 = EDGE_LOOP('',(#5910,#5916,#5917,#5918));
#5910 = ORIENTED_EDGE('',*,*,#5911,.T.);
#5911 = EDGE_CURVE('',#4416,#4525,#5912,.T.);
#5912 = LINE('',#5913,#5914);
#5913 = CARTESIAN_POINT('',(2.724938966801,0.84,0.2));
#5914 = VECTOR('',#5915,1.);
#5915 = DIRECTION('',(1.110223024625E-16,-1.,0.));
#5916 = ORIENTED_EDGE('',*,*,#4532,.T.);
#5917 = ORIENTED_EDGE('',*,*,#5894,.F.);
#5918 = ORIENTED_EDGE('',*,*,#4423,.F.);
#5919 = CYLINDRICAL_SURFACE('',#5920,0.1);
#5920 = AXIS2_PLACEMENT_3D('',#5921,#5922,#5923);
#5921 = CARTESIAN_POINT('',(2.724938966801,0.84,0.3));
#5922 = DIRECTION('',(-1.110223024625E-16,1.,0.));
#5923 = DIRECTION('',(0.,0.,-1.));
#5924 = ADVANCED_FACE('',(#5925),#5936,.F.);
#5925 = FACE_BOUND('',#5926,.F.);
#5926 = EDGE_LOOP('',(#5927,#5933,#5934,#5935));
#5927 = ORIENTED_EDGE('',*,*,#5928,.T.);
#5928 = EDGE_CURVE('',#4408,#4517,#5929,.T.);
#5929 = LINE('',#5930,#5931);
#5930 = CARTESIAN_POINT('',(3.,0.84,0.2));
#5931 = VECTOR('',#5932,1.);
#5932 = DIRECTION('',(1.110223024625E-16,-1.,0.));
#5933 = ORIENTED_EDGE('',*,*,#4524,.T.);
#5934 = ORIENTED_EDGE('',*,*,#5911,.F.);
#5935 = ORIENTED_EDGE('',*,*,#4415,.F.);
#5936 = PLANE('',#5937);
#5937 = AXIS2_PLACEMENT_3D('',#5938,#5939,#5940);
#5938 = CARTESIAN_POINT('',(3.,0.84,0.2));
#5939 = DIRECTION('',(0.,0.,-1.));
#5940 = DIRECTION('',(-1.,-1.110223024625E-16,-0.));
#5941 = ADVANCED_FACE('',(#5942),#5953,.F.);
#5942 = FACE_BOUND('',#5943,.F.);
#5943 = EDGE_LOOP('',(#5944,#5950,#5951,#5952));
#5944 = ORIENTED_EDGE('',*,*,#5945,.T.);
#5945 = EDGE_CURVE('',#4400,#4509,#5946,.T.);
#5946 = LINE('',#5947,#5948);
#5947 = CARTESIAN_POINT('',(3.,0.84,-1.665334536938E-16));
#5948 = VECTOR('',#5949,1.);
#5949 = DIRECTION('',(1.110223024625E-16,-1.,0.));
#5950 = ORIENTED_EDGE('',*,*,#4516,.T.);
#5951 = ORIENTED_EDGE('',*,*,#5928,.F.);
#5952 = ORIENTED_EDGE('',*,*,#4407,.F.);
#5953 = PLANE('',#5954);
#5954 = AXIS2_PLACEMENT_3D('',#5955,#5956,#5957);
#5955 = CARTESIAN_POINT('',(3.,0.84,-1.665334536938E-16));
#5956 = DIRECTION('',(-1.,-1.110223024625E-16,0.));
#5957 = DIRECTION('',(0.,0.,1.));
#5958 = ADVANCED_FACE('',(#5959),#5970,.F.);
#5959 = FACE_BOUND('',#5960,.F.);
#5960 = EDGE_LOOP('',(#5961,#5967,#5968,#5969));
#5961 = ORIENTED_EDGE('',*,*,#5962,.T.);
#5962 = EDGE_CURVE('',#4391,#4500,#5963,.T.);
#5963 = LINE('',#5964,#5965);
#5964 = CARTESIAN_POINT('',(2.724938966801,0.84,-1.665334536938E-16));
#5965 = VECTOR('',#5966,1.);
#5966 = DIRECTION('',(1.110223024625E-16,-1.,0.));
#5967 = ORIENTED_EDGE('',*,*,#4508,.T.);
#5968 = ORIENTED_EDGE('',*,*,#5945,.F.);
#5969 = ORIENTED_EDGE('',*,*,#4399,.F.);
#5970 = PLANE('',#5971);
#5971 = AXIS2_PLACEMENT_3D('',#5972,#5973,#5974);
#5972 = CARTESIAN_POINT('',(2.724938966801,0.84,-1.665334536938E-16));
#5973 = DIRECTION('',(0.,0.,1.));
#5974 = DIRECTION('',(1.,1.110223024625E-16,-0.));
#5975 = ADVANCED_FACE('',(#5976),#5987,.T.);
#5976 = FACE_BOUND('',#5977,.T.);
#5977 = EDGE_LOOP('',(#5978,#5979,#5980,#5981));
#5978 = ORIENTED_EDGE('',*,*,#4390,.T.);
#5979 = ORIENTED_EDGE('',*,*,#5962,.T.);
#5980 = ORIENTED_EDGE('',*,*,#4499,.F.);
#5981 = ORIENTED_EDGE('',*,*,#5982,.F.);
#5982 = EDGE_CURVE('',#4383,#4492,#5983,.T.);
#5983 = LINE('',#5984,#5985);
#5984 = CARTESIAN_POINT('',(2.429496640897,0.84,0.2479055467));
#5985 = VECTOR('',#5986,1.);
#5986 = DIRECTION('',(1.110223024625E-16,-1.,0.));
#5987 = CYLINDRICAL_SURFACE('',#5988,0.3);
#5988 = AXIS2_PLACEMENT_3D('',#5989,#5990,#5991);
#5989 = CARTESIAN_POINT('',(2.724938966801,0.84,0.3));
#5990 = DIRECTION('',(-1.110223024625E-16,1.,0.));
#5991 = DIRECTION('',(-0.984807753012,-1.093356242223E-16,
    -0.173648177667));
#5992 = ADVANCED_FACE('',(#5993),#5999,.F.);
#5993 = FACE_BOUND('',#5994,.F.);
#5994 = EDGE_LOOP('',(#5995,#5996,#5997,#5998));
#5995 = ORIENTED_EDGE('',*,*,#4473,.T.);
#5996 = ORIENTED_EDGE('',*,*,#4491,.T.);
#5997 = ORIENTED_EDGE('',*,*,#5982,.F.);
#5998 = ORIENTED_EDGE('',*,*,#4382,.F.);
#5999 = PLANE('',#6000);
#6000 = AXIS2_PLACEMENT_3D('',#6001,#6002,#6003);
#6001 = CARTESIAN_POINT('',(2.348480775301,0.84,0.742364817767));
#6002 = DIRECTION('',(0.986841372087,1.095614012943E-16,0.161691392282)
  );
#6003 = DIRECTION('',(0.161691392282,1.795135065956E-17,-0.986841372087)
  );
#6004 = ADVANCED_FACE('',(#6005),#6016,.T.);
#6005 = FACE_BOUND('',#6006,.T.);
#6006 = EDGE_LOOP('',(#6007,#6008,#6009,#6010));
#6007 = ORIENTED_EDGE('',*,*,#4663,.T.);
#6008 = ORIENTED_EDGE('',*,*,#5174,.T.);
#6009 = ORIENTED_EDGE('',*,*,#4772,.F.);
#6010 = ORIENTED_EDGE('',*,*,#6011,.F.);
#6011 = EDGE_CURVE('',#4656,#4765,#6012,.T.);
#6012 = LINE('',#6013,#6014);
#6013 = CARTESIAN_POINT('',(2.545442325904,-0.43,0.7770944533));
#6014 = VECTOR('',#6015,1.);
#6015 = DIRECTION('',(1.110223024625E-16,-1.,0.));
#6016 = CYLINDRICAL_SURFACE('',#6017,0.3);
#6017 = AXIS2_PLACEMENT_3D('',#6018,#6019,#6020);
#6018 = CARTESIAN_POINT('',(2.25,-0.43,0.725));
#6019 = DIRECTION('',(-1.110223024625E-16,1.,0.));
#6020 = DIRECTION('',(0.984807753012,1.093356242223E-16,0.173648177667)
  );
#6021 = ADVANCED_FACE('',(#6022),#6033,.F.);
#6022 = FACE_BOUND('',#6023,.F.);
#6023 = EDGE_LOOP('',(#6024,#6030,#6031,#6032));
#6024 = ORIENTED_EDGE('',*,*,#6025,.T.);
#6025 = EDGE_CURVE('',#4647,#4756,#6026,.T.);
#6026 = LINE('',#6027,#6028);
#6027 = CARTESIAN_POINT('',(2.6264581915,-0.43,0.282635182233));
#6028 = VECTOR('',#6029,1.);
#6029 = DIRECTION('',(1.110223024625E-16,-1.,0.));
#6030 = ORIENTED_EDGE('',*,*,#4764,.T.);
#6031 = ORIENTED_EDGE('',*,*,#6011,.F.);
#6032 = ORIENTED_EDGE('',*,*,#4655,.F.);
#6033 = PLANE('',#6034);
#6034 = AXIS2_PLACEMENT_3D('',#6035,#6036,#6037);
#6035 = CARTESIAN_POINT('',(2.6264581915,-0.43,0.282635182233));
#6036 = DIRECTION('',(-0.986841372087,-1.095614012943E-16,
    -0.161691392282));
#6037 = DIRECTION('',(-0.161691392282,-1.795135065956E-17,0.986841372087
    ));
#6038 = ADVANCED_FACE('',(#6039),#6050,.F.);
#6039 = FACE_BOUND('',#6040,.F.);
#6040 = EDGE_LOOP('',(#6041,#6047,#6048,#6049));
#6041 = ORIENTED_EDGE('',*,*,#6042,.T.);
#6042 = EDGE_CURVE('',#4639,#4748,#6043,.T.);
#6043 = LINE('',#6044,#6045);
#6044 = CARTESIAN_POINT('',(2.724938966801,-0.43,0.2));
#6045 = VECTOR('',#6046,1.);
#6046 = DIRECTION('',(1.110223024625E-16,-1.,0.));
#6047 = ORIENTED_EDGE('',*,*,#4755,.T.);
#6048 = ORIENTED_EDGE('',*,*,#6025,.F.);
#6049 = ORIENTED_EDGE('',*,*,#4646,.F.);
#6050 = CYLINDRICAL_SURFACE('',#6051,0.1);
#6051 = AXIS2_PLACEMENT_3D('',#6052,#6053,#6054);
#6052 = CARTESIAN_POINT('',(2.724938966801,-0.43,0.3));
#6053 = DIRECTION('',(-1.110223024625E-16,1.,0.));
#6054 = DIRECTION('',(0.,0.,-1.));
#6055 = ADVANCED_FACE('',(#6056),#6067,.F.);
#6056 = FACE_BOUND('',#6057,.F.);
#6057 = EDGE_LOOP('',(#6058,#6064,#6065,#6066));
#6058 = ORIENTED_EDGE('',*,*,#6059,.T.);
#6059 = EDGE_CURVE('',#4631,#4740,#6060,.T.);
#6060 = LINE('',#6061,#6062);
#6061 = CARTESIAN_POINT('',(3.,-0.43,0.2));
#6062 = VECTOR('',#6063,1.);
#6063 = DIRECTION('',(1.110223024625E-16,-1.,0.));
#6064 = ORIENTED_EDGE('',*,*,#4747,.T.);
#6065 = ORIENTED_EDGE('',*,*,#6042,.F.);
#6066 = ORIENTED_EDGE('',*,*,#4638,.F.);
#6067 = PLANE('',#6068);
#6068 = AXIS2_PLACEMENT_3D('',#6069,#6070,#6071);
#6069 = CARTESIAN_POINT('',(3.,-0.43,0.2));
#6070 = DIRECTION('',(0.,0.,-1.));
#6071 = DIRECTION('',(-1.,-1.110223024625E-16,-0.));
#6072 = ADVANCED_FACE('',(#6073),#6084,.F.);
#6073 = FACE_BOUND('',#6074,.F.);
#6074 = EDGE_LOOP('',(#6075,#6081,#6082,#6083));
#6075 = ORIENTED_EDGE('',*,*,#6076,.T.);
#6076 = EDGE_CURVE('',#4623,#4732,#6077,.T.);
#6077 = LINE('',#6078,#6079);
#6078 = CARTESIAN_POINT('',(3.,-0.43,-1.665334536938E-16));
#6079 = VECTOR('',#6080,1.);
#6080 = DIRECTION('',(1.110223024625E-16,-1.,0.));
#6081 = ORIENTED_EDGE('',*,*,#4739,.T.);
#6082 = ORIENTED_EDGE('',*,*,#6059,.F.);
#6083 = ORIENTED_EDGE('',*,*,#4630,.F.);
#6084 = PLANE('',#6085);
#6085 = AXIS2_PLACEMENT_3D('',#6086,#6087,#6088);
#6086 = CARTESIAN_POINT('',(3.,-0.43,-1.665334536938E-16));
#6087 = DIRECTION('',(-1.,-1.110223024625E-16,0.));
#6088 = DIRECTION('',(0.,0.,1.));
#6089 = ADVANCED_FACE('',(#6090),#6101,.F.);
#6090 = FACE_BOUND('',#6091,.F.);
#6091 = EDGE_LOOP('',(#6092,#6098,#6099,#6100));
#6092 = ORIENTED_EDGE('',*,*,#6093,.T.);
#6093 = EDGE_CURVE('',#4614,#4723,#6094,.T.);
#6094 = LINE('',#6095,#6096);
#6095 = CARTESIAN_POINT('',(2.724938966801,-0.43,-1.665334536938E-16));
#6096 = VECTOR('',#6097,1.);
#6097 = DIRECTION('',(1.110223024625E-16,-1.,0.));
#6098 = ORIENTED_EDGE('',*,*,#4731,.T.);
#6099 = ORIENTED_EDGE('',*,*,#6076,.F.);
#6100 = ORIENTED_EDGE('',*,*,#4622,.F.);
#6101 = PLANE('',#6102);
#6102 = AXIS2_PLACEMENT_3D('',#6103,#6104,#6105);
#6103 = CARTESIAN_POINT('',(2.724938966801,-0.43,-1.665334536938E-16));
#6104 = DIRECTION('',(0.,0.,1.));
#6105 = DIRECTION('',(1.,1.110223024625E-16,-0.));
#6106 = ADVANCED_FACE('',(#6107),#6118,.T.);
#6107 = FACE_BOUND('',#6108,.T.);
#6108 = EDGE_LOOP('',(#6109,#6110,#6111,#6112));
#6109 = ORIENTED_EDGE('',*,*,#4613,.T.);
#6110 = ORIENTED_EDGE('',*,*,#6093,.T.);
#6111 = ORIENTED_EDGE('',*,*,#4722,.F.);
#6112 = ORIENTED_EDGE('',*,*,#6113,.F.);
#6113 = EDGE_CURVE('',#4606,#4715,#6114,.T.);
#6114 = LINE('',#6115,#6116);
#6115 = CARTESIAN_POINT('',(2.429496640897,-0.43,0.2479055467));
#6116 = VECTOR('',#6117,1.);
#6117 = DIRECTION('',(1.110223024625E-16,-1.,0.));
#6118 = CYLINDRICAL_SURFACE('',#6119,0.3);
#6119 = AXIS2_PLACEMENT_3D('',#6120,#6121,#6122);
#6120 = CARTESIAN_POINT('',(2.724938966801,-0.43,0.3));
#6121 = DIRECTION('',(-1.110223024625E-16,1.,0.));
#6122 = DIRECTION('',(-0.984807753012,-1.093356242223E-16,
    -0.173648177667));
#6123 = ADVANCED_FACE('',(#6124),#6130,.F.);
#6124 = FACE_BOUND('',#6125,.F.);
#6125 = EDGE_LOOP('',(#6126,#6127,#6128,#6129));
#6126 = ORIENTED_EDGE('',*,*,#4696,.T.);
#6127 = ORIENTED_EDGE('',*,*,#4714,.T.);
#6128 = ORIENTED_EDGE('',*,*,#6113,.F.);
#6129 = ORIENTED_EDGE('',*,*,#4605,.F.);
#6130 = PLANE('',#6131);
#6131 = AXIS2_PLACEMENT_3D('',#6132,#6133,#6134);
#6132 = CARTESIAN_POINT('',(2.348480775301,-0.43,0.742364817767));
#6133 = DIRECTION('',(0.986841372087,1.095614012943E-16,0.161691392282)
  );
#6134 = DIRECTION('',(0.161691392282,1.795135065956E-17,-0.986841372087)
  );
#6135 = ADVANCED_FACE('',(#6136),#6147,.T.);
#6136 = FACE_BOUND('',#6137,.T.);
#6137 = EDGE_LOOP('',(#6138,#6139,#6140,#6141));
#6138 = ORIENTED_EDGE('',*,*,#4886,.T.);
#6139 = ORIENTED_EDGE('',*,*,#5193,.T.);
#6140 = ORIENTED_EDGE('',*,*,#4995,.F.);
#6141 = ORIENTED_EDGE('',*,*,#6142,.F.);
#6142 = EDGE_CURVE('',#4879,#4988,#6143,.T.);
#6143 = LINE('',#6144,#6145);
#6144 = CARTESIAN_POINT('',(2.545442325904,-1.7,0.7770944533));
#6145 = VECTOR('',#6146,1.);
#6146 = DIRECTION('',(1.110223024625E-16,-1.,0.));
#6147 = CYLINDRICAL_SURFACE('',#6148,0.3);
#6148 = AXIS2_PLACEMENT_3D('',#6149,#6150,#6151);
#6149 = CARTESIAN_POINT('',(2.25,-1.7,0.725));
#6150 = DIRECTION('',(-1.110223024625E-16,1.,0.));
#6151 = DIRECTION('',(0.984807753012,1.093356242223E-16,0.173648177667)
  );
#6152 = ADVANCED_FACE('',(#6153),#6164,.F.);
#6153 = FACE_BOUND('',#6154,.F.);
#6154 = EDGE_LOOP('',(#6155,#6161,#6162,#6163));
#6155 = ORIENTED_EDGE('',*,*,#6156,.T.);
#6156 = EDGE_CURVE('',#4870,#4979,#6157,.T.);
#6157 = LINE('',#6158,#6159);
#6158 = CARTESIAN_POINT('',(2.6264581915,-1.7,0.282635182233));
#6159 = VECTOR('',#6160,1.);
#6160 = DIRECTION('',(1.110223024625E-16,-1.,0.));
#6161 = ORIENTED_EDGE('',*,*,#4987,.T.);
#6162 = ORIENTED_EDGE('',*,*,#6142,.F.);
#6163 = ORIENTED_EDGE('',*,*,#4878,.F.);
#6164 = PLANE('',#6165);
#6165 = AXIS2_PLACEMENT_3D('',#6166,#6167,#6168);
#6166 = CARTESIAN_POINT('',(2.6264581915,-1.7,0.282635182233));
#6167 = DIRECTION('',(-0.986841372087,-1.095614012943E-16,
    -0.161691392282));
#6168 = DIRECTION('',(-0.161691392282,-1.795135065956E-17,0.986841372087
    ));
#6169 = ADVANCED_FACE('',(#6170),#6181,.F.);
#6170 = FACE_BOUND('',#6171,.F.);
#6171 = EDGE_LOOP('',(#6172,#6178,#6179,#6180));
#6172 = ORIENTED_EDGE('',*,*,#6173,.T.);
#6173 = EDGE_CURVE('',#4862,#4971,#6174,.T.);
#6174 = LINE('',#6175,#6176);
#6175 = CARTESIAN_POINT('',(2.724938966801,-1.7,0.2));
#6176 = VECTOR('',#6177,1.);
#6177 = DIRECTION('',(1.110223024625E-16,-1.,0.));
#6178 = ORIENTED_EDGE('',*,*,#4978,.T.);
#6179 = ORIENTED_EDGE('',*,*,#6156,.F.);
#6180 = ORIENTED_EDGE('',*,*,#4869,.F.);
#6181 = CYLINDRICAL_SURFACE('',#6182,0.1);
#6182 = AXIS2_PLACEMENT_3D('',#6183,#6184,#6185);
#6183 = CARTESIAN_POINT('',(2.724938966801,-1.7,0.3));
#6184 = DIRECTION('',(-1.110223024625E-16,1.,0.));
#6185 = DIRECTION('',(0.,0.,-1.));
#6186 = ADVANCED_FACE('',(#6187),#6198,.F.);
#6187 = FACE_BOUND('',#6188,.F.);
#6188 = EDGE_LOOP('',(#6189,#6195,#6196,#6197));
#6189 = ORIENTED_EDGE('',*,*,#6190,.T.);
#6190 = EDGE_CURVE('',#4854,#4963,#6191,.T.);
#6191 = LINE('',#6192,#6193);
#6192 = CARTESIAN_POINT('',(3.,-1.7,0.2));
#6193 = VECTOR('',#6194,1.);
#6194 = DIRECTION('',(1.110223024625E-16,-1.,0.));
#6195 = ORIENTED_EDGE('',*,*,#4970,.T.);
#6196 = ORIENTED_EDGE('',*,*,#6173,.F.);
#6197 = ORIENTED_EDGE('',*,*,#4861,.F.);
#6198 = PLANE('',#6199);
#6199 = AXIS2_PLACEMENT_3D('',#6200,#6201,#6202);
#6200 = CARTESIAN_POINT('',(3.,-1.7,0.2));
#6201 = DIRECTION('',(0.,0.,-1.));
#6202 = DIRECTION('',(-1.,-1.110223024625E-16,-0.));
#6203 = ADVANCED_FACE('',(#6204),#6215,.F.);
#6204 = FACE_BOUND('',#6205,.F.);
#6205 = EDGE_LOOP('',(#6206,#6212,#6213,#6214));
#6206 = ORIENTED_EDGE('',*,*,#6207,.T.);
#6207 = EDGE_CURVE('',#4846,#4955,#6208,.T.);
#6208 = LINE('',#6209,#6210);
#6209 = CARTESIAN_POINT('',(3.,-1.7,-1.665334536938E-16));
#6210 = VECTOR('',#6211,1.);
#6211 = DIRECTION('',(1.110223024625E-16,-1.,0.));
#6212 = ORIENTED_EDGE('',*,*,#4962,.T.);
#6213 = ORIENTED_EDGE('',*,*,#6190,.F.);
#6214 = ORIENTED_EDGE('',*,*,#4853,.F.);
#6215 = PLANE('',#6216);
#6216 = AXIS2_PLACEMENT_3D('',#6217,#6218,#6219);
#6217 = CARTESIAN_POINT('',(3.,-1.7,-1.665334536938E-16));
#6218 = DIRECTION('',(-1.,-1.110223024625E-16,0.));
#6219 = DIRECTION('',(0.,0.,1.));
#6220 = ADVANCED_FACE('',(#6221),#6232,.F.);
#6221 = FACE_BOUND('',#6222,.F.);
#6222 = EDGE_LOOP('',(#6223,#6229,#6230,#6231));
#6223 = ORIENTED_EDGE('',*,*,#6224,.T.);
#6224 = EDGE_CURVE('',#4837,#4946,#6225,.T.);
#6225 = LINE('',#6226,#6227);
#6226 = CARTESIAN_POINT('',(2.724938966801,-1.7,-1.665334536938E-16));
#6227 = VECTOR('',#6228,1.);
#6228 = DIRECTION('',(1.110223024625E-16,-1.,0.));
#6229 = ORIENTED_EDGE('',*,*,#4954,.T.);
#6230 = ORIENTED_EDGE('',*,*,#6207,.F.);
#6231 = ORIENTED_EDGE('',*,*,#4845,.F.);
#6232 = PLANE('',#6233);
#6233 = AXIS2_PLACEMENT_3D('',#6234,#6235,#6236);
#6234 = CARTESIAN_POINT('',(2.724938966801,-1.7,-1.665334536938E-16));
#6235 = DIRECTION('',(0.,0.,1.));
#6236 = DIRECTION('',(1.,1.110223024625E-16,-0.));
#6237 = ADVANCED_FACE('',(#6238),#6249,.T.);
#6238 = FACE_BOUND('',#6239,.T.);
#6239 = EDGE_LOOP('',(#6240,#6241,#6242,#6243));
#6240 = ORIENTED_EDGE('',*,*,#4836,.T.);
#6241 = ORIENTED_EDGE('',*,*,#6224,.T.);
#6242 = ORIENTED_EDGE('',*,*,#4945,.F.);
#6243 = ORIENTED_EDGE('',*,*,#6244,.F.);
#6244 = EDGE_CURVE('',#4829,#4938,#6245,.T.);
#6245 = LINE('',#6246,#6247);
#6246 = CARTESIAN_POINT('',(2.429496640897,-1.7,0.2479055467));
#6247 = VECTOR('',#6248,1.);
#6248 = DIRECTION('',(1.110223024625E-16,-1.,0.));
#6249 = CYLINDRICAL_SURFACE('',#6250,0.3);
#6250 = AXIS2_PLACEMENT_3D('',#6251,#6252,#6253);
#6251 = CARTESIAN_POINT('',(2.724938966801,-1.7,0.3));
#6252 = DIRECTION('',(-1.110223024625E-16,1.,0.));
#6253 = DIRECTION('',(-0.984807753012,-1.093356242223E-16,
    -0.173648177667));
#6254 = ADVANCED_FACE('',(#6255),#6261,.F.);
#6255 = FACE_BOUND('',#6256,.F.);
#6256 = EDGE_LOOP('',(#6257,#6258,#6259,#6260));
#6257 = ORIENTED_EDGE('',*,*,#4919,.T.);
#6258 = ORIENTED_EDGE('',*,*,#4937,.T.);
#6259 = ORIENTED_EDGE('',*,*,#6244,.F.);
#6260 = ORIENTED_EDGE('',*,*,#4828,.F.);
#6261 = PLANE('',#6262);
#6262 = AXIS2_PLACEMENT_3D('',#6263,#6264,#6265);
#6263 = CARTESIAN_POINT('',(2.348480775301,-1.7,0.742364817767));
#6264 = DIRECTION('',(0.986841372087,1.095614012943E-16,0.161691392282)
  );
#6265 = DIRECTION('',(0.161691392282,1.795135065956E-17,-0.986841372087)
  );
#6266 = ADVANCED_FACE('',(#6267),#6268,.F.);
#6267 = FACE_BOUND('',#5119,.T.);
#6268 = PLANE('',#6269);
#6269 = AXIS2_PLACEMENT_3D('',#6270,#6271,#6272);
#6270 = CARTESIAN_POINT('',(-1.110171280765,1.610171280765,1.75));
#6271 = DIRECTION('',(0.,0.,-1.));
#6272 = DIRECTION('',(1.110223024625E-16,-1.,0.));
#6273 = ( GEOMETRIC_REPRESENTATION_CONTEXT(3) 
GLOBAL_UNCERTAINTY_ASSIGNED_CONTEXT((#6277)) 
GLOBAL_UNIT_ASSIGNED_CONTEXT((#6274,#6275,#6276)) REPRESENTATION_CONTEXT
('Context #1','3D Context with UNIT and UNCERTAINTY') );
#6274 = ( LENGTH_UNIT() NAMED_UNIT(*) SI_UNIT(.MILLI.,.METRE.) );
#6275 = ( NAMED_UNIT(*) PLANE_ANGLE_UNIT() SI_UNIT($,.RADIAN.) );
#6276 = ( NAMED_UNIT(*) SI_UNIT($,.STERADIAN.) SOLID_ANGLE_UNIT() );
#6277 = UNCERTAINTY_MEASURE_WITH_UNIT(LENGTH_MEASURE(1.E-07),#6274,
  'distance_accuracy_value','confusion accuracy');
#6278 = CONTEXT_DEPENDENT_SHAPE_REPRESENTATION(#6279,#6281);
#6279 = ( REPRESENTATION_RELATIONSHIP('','',#1804,#1781) 
REPRESENTATION_RELATIONSHIP_WITH_TRANSFORMATION(#6280) 
SHAPE_REPRESENTATION_RELATIONSHIP() );
#6280 = ITEM_DEFINED_TRANSFORMATION('','',#11,#1782);
#6281 = PRODUCT_DEFINITION_SHAPE('Placement','Placement of an item',
  #6282);
#6282 = NEXT_ASSEMBLY_USAGE_OCCURRENCE('6','=>[0:1:1:7]','',#1776,#1799,
  $);
#6283 = PRODUCT_RELATED_PRODUCT_CATEGORY('part',$,(#1801));
#6284 = SHAPE_DEFINITION_REPRESENTATION(#6285,#6291);
#6285 = PRODUCT_DEFINITION_SHAPE('','',#6286);
#6286 = PRODUCT_DEFINITION('design','',#6287,#6290);
#6287 = PRODUCT_DEFINITION_FORMATION('','',#6288);
#6288 = PRODUCT('FW-Floppy256-unsaved-export-XBoFN3_PCB',
  'FW-Floppy256-unsaved-export-XBoFN3_PCB','',(#6289));
#6289 = PRODUCT_CONTEXT('',#2,'mechanical');
#6290 = PRODUCT_DEFINITION_CONTEXT('part definition',#2,'design');
#6291 = ADVANCED_BREP_SHAPE_REPRESENTATION('',(#11,#6292),#6796);
#6292 = MANIFOLD_SOLID_BREP('',#6293);
#6293 = CLOSED_SHELL('',(#6294,#6334,#6365,#6396,#6505,#6614,#6631,#6648
    ,#6665,#6682,#6699,#6716,#6728,#6745,#6762,#6779));
#6294 = ADVANCED_FACE('',(#6295),#6329,.T.);
#6295 = FACE_BOUND('',#6296,.T.);
#6296 = EDGE_LOOP('',(#6297,#6307,#6315,#6323));
#6297 = ORIENTED_EDGE('',*,*,#6298,.T.);
#6298 = EDGE_CURVE('',#6299,#6301,#6303,.T.);
#6299 = VERTEX_POINT('',#6300);
#6300 = CARTESIAN_POINT('',(149.5,-57.5,0.));
#6301 = VERTEX_POINT('',#6302);
#6302 = CARTESIAN_POINT('',(149.5,-57.5,1.51));
#6303 = LINE('',#6304,#6305);
#6304 = CARTESIAN_POINT('',(149.5,-57.5,0.));
#6305 = VECTOR('',#6306,1.);
#6306 = DIRECTION('',(0.,0.,1.));
#6307 = ORIENTED_EDGE('',*,*,#6308,.T.);
#6308 = EDGE_CURVE('',#6301,#6309,#6311,.T.);
#6309 = VERTEX_POINT('',#6310);
#6310 = CARTESIAN_POINT('',(151.5,-57.5,1.51));
#6311 = LINE('',#6312,#6313);
#6312 = CARTESIAN_POINT('',(149.5,-57.5,1.51));
#6313 = VECTOR('',#6314,1.);
#6314 = DIRECTION('',(1.,0.,0.));
#6315 = ORIENTED_EDGE('',*,*,#6316,.F.);
#6316 = EDGE_CURVE('',#6317,#6309,#6319,.T.);
#6317 = VERTEX_POINT('',#6318);
#6318 = CARTESIAN_POINT('',(151.5,-57.5,0.));
#6319 = LINE('',#6320,#6321);
#6320 = CARTESIAN_POINT('',(151.5,-57.5,0.));
#6321 = VECTOR('',#6322,1.);
#6322 = DIRECTION('',(0.,0.,1.));
#6323 = ORIENTED_EDGE('',*,*,#6324,.F.);
#6324 = EDGE_CURVE('',#6299,#6317,#6325,.T.);
#6325 = LINE('',#6326,#6327);
#6326 = CARTESIAN_POINT('',(149.5,-57.5,0.));
#6327 = VECTOR('',#6328,1.);
#6328 = DIRECTION('',(1.,0.,0.));
#6329 = PLANE('',#6330);
#6330 = AXIS2_PLACEMENT_3D('',#6331,#6332,#6333);
#6331 = CARTESIAN_POINT('',(149.5,-57.5,0.));
#6332 = DIRECTION('',(0.,1.,0.));
#6333 = DIRECTION('',(1.,0.,0.));
#6334 = ADVANCED_FACE('',(#6335),#6360,.T.);
#6335 = FACE_BOUND('',#6336,.T.);
#6336 = EDGE_LOOP('',(#6337,#6347,#6353,#6354));
#6337 = ORIENTED_EDGE('',*,*,#6338,.T.);
#6338 = EDGE_CURVE('',#6339,#6341,#6343,.T.);
#6339 = VERTEX_POINT('',#6340);
#6340 = CARTESIAN_POINT('',(149.5,-55.5,0.));
#6341 = VERTEX_POINT('',#6342);
#6342 = CARTESIAN_POINT('',(149.5,-55.5,1.51));
#6343 = LINE('',#6344,#6345);
#6344 = CARTESIAN_POINT('',(149.5,-55.5,0.));
#6345 = VECTOR('',#6346,1.);
#6346 = DIRECTION('',(0.,0.,1.));
#6347 = ORIENTED_EDGE('',*,*,#6348,.T.);
#6348 = EDGE_CURVE('',#6341,#6301,#6349,.T.);
#6349 = LINE('',#6350,#6351);
#6350 = CARTESIAN_POINT('',(149.5,-55.5,1.51));
#6351 = VECTOR('',#6352,1.);
#6352 = DIRECTION('',(0.,-1.,0.));
#6353 = ORIENTED_EDGE('',*,*,#6298,.F.);
#6354 = ORIENTED_EDGE('',*,*,#6355,.F.);
#6355 = EDGE_CURVE('',#6339,#6299,#6356,.T.);
#6356 = LINE('',#6357,#6358);
#6357 = CARTESIAN_POINT('',(149.5,-55.5,0.));
#6358 = VECTOR('',#6359,1.);
#6359 = DIRECTION('',(0.,-1.,0.));
#6360 = PLANE('',#6361);
#6361 = AXIS2_PLACEMENT_3D('',#6362,#6363,#6364);
#6362 = CARTESIAN_POINT('',(149.5,-55.5,0.));
#6363 = DIRECTION('',(1.,0.,-0.));
#6364 = DIRECTION('',(0.,-1.,0.));
#6365 = ADVANCED_FACE('',(#6366),#6391,.T.);
#6366 = FACE_BOUND('',#6367,.T.);
#6367 = EDGE_LOOP('',(#6368,#6369,#6377,#6385));
#6368 = ORIENTED_EDGE('',*,*,#6316,.T.);
#6369 = ORIENTED_EDGE('',*,*,#6370,.T.);
#6370 = EDGE_CURVE('',#6309,#6371,#6373,.T.);
#6371 = VERTEX_POINT('',#6372);
#6372 = CARTESIAN_POINT('',(151.5,-59.5,1.51));
#6373 = LINE('',#6374,#6375);
#6374 = CARTESIAN_POINT('',(151.5,-57.5,1.51));
#6375 = VECTOR('',#6376,1.);
#6376 = DIRECTION('',(0.,-1.,0.));
#6377 = ORIENTED_EDGE('',*,*,#6378,.F.);
#6378 = EDGE_CURVE('',#6379,#6371,#6381,.T.);
#6379 = VERTEX_POINT('',#6380);
#6380 = CARTESIAN_POINT('',(151.5,-59.5,0.));
#6381 = LINE('',#6382,#6383);
#6382 = CARTESIAN_POINT('',(151.5,-59.5,0.));
#6383 = VECTOR('',#6384,1.);
#6384 = DIRECTION('',(0.,0.,1.));
#6385 = ORIENTED_EDGE('',*,*,#6386,.F.);
#6386 = EDGE_CURVE('',#6317,#6379,#6387,.T.);
#6387 = LINE('',#6388,#6389);
#6388 = CARTESIAN_POINT('',(151.5,-57.5,0.));
#6389 = VECTOR('',#6390,1.);
#6390 = DIRECTION('',(0.,-1.,0.));
#6391 = PLANE('',#6392);
#6392 = AXIS2_PLACEMENT_3D('',#6393,#6394,#6395);
#6393 = CARTESIAN_POINT('',(151.5,-57.5,0.));
#6394 = DIRECTION('',(1.,0.,-0.));
#6395 = DIRECTION('',(0.,-1.,0.));
#6396 = ADVANCED_FACE('',(#6397,#6456,#6467,#6478,#6489),#6500,.F.);
#6397 = FACE_BOUND('',#6398,.F.);
#6398 = EDGE_LOOP('',(#6399,#6400,#6401,#6409,#6417,#6425,#6433,#6441,
    #6449,#6455));
#6399 = ORIENTED_EDGE('',*,*,#6324,.F.);
#6400 = ORIENTED_EDGE('',*,*,#6355,.F.);
#6401 = ORIENTED_EDGE('',*,*,#6402,.F.);
#6402 = EDGE_CURVE('',#6403,#6339,#6405,.T.);
#6403 = VERTEX_POINT('',#6404);
#6404 = CARTESIAN_POINT('',(125.5,-55.5,0.));
#6405 = LINE('',#6406,#6407);
#6406 = CARTESIAN_POINT('',(125.5,-55.5,0.));
#6407 = VECTOR('',#6408,1.);
#6408 = DIRECTION('',(1.,0.,0.));
#6409 = ORIENTED_EDGE('',*,*,#6410,.F.);
#6410 = EDGE_CURVE('',#6411,#6403,#6413,.T.);
#6411 = VERTEX_POINT('',#6412);
#6412 = CARTESIAN_POINT('',(125.5,-85.5,0.));
#6413 = LINE('',#6414,#6415);
#6414 = CARTESIAN_POINT('',(125.5,-85.5,0.));
#6415 = VECTOR('',#6416,1.);
#6416 = DIRECTION('',(0.,1.,0.));
#6417 = ORIENTED_EDGE('',*,*,#6418,.F.);
#6418 = EDGE_CURVE('',#6419,#6411,#6421,.T.);
#6419 = VERTEX_POINT('',#6420);
#6420 = CARTESIAN_POINT('',(155.5,-85.5,0.));
#6421 = LINE('',#6422,#6423);
#6422 = CARTESIAN_POINT('',(155.5,-85.5,0.));
#6423 = VECTOR('',#6424,1.);
#6424 = DIRECTION('',(-1.,0.,0.));
#6425 = ORIENTED_EDGE('',*,*,#6426,.F.);
#6426 = EDGE_CURVE('',#6427,#6419,#6429,.T.);
#6427 = VERTEX_POINT('',#6428);
#6428 = CARTESIAN_POINT('',(155.5,-61.5,0.));
#6429 = LINE('',#6430,#6431);
#6430 = CARTESIAN_POINT('',(155.5,-61.5,0.));
#6431 = VECTOR('',#6432,1.);
#6432 = DIRECTION('',(0.,-1.,0.));
#6433 = ORIENTED_EDGE('',*,*,#6434,.F.);
#6434 = EDGE_CURVE('',#6435,#6427,#6437,.T.);
#6435 = VERTEX_POINT('',#6436);
#6436 = CARTESIAN_POINT('',(153.5,-61.5,0.));
#6437 = LINE('',#6438,#6439);
#6438 = CARTESIAN_POINT('',(153.5,-61.5,0.));
#6439 = VECTOR('',#6440,1.);
#6440 = DIRECTION('',(1.,0.,0.));
#6441 = ORIENTED_EDGE('',*,*,#6442,.F.);
#6442 = EDGE_CURVE('',#6443,#6435,#6445,.T.);
#6443 = VERTEX_POINT('',#6444);
#6444 = CARTESIAN_POINT('',(153.5,-59.5,0.));
#6445 = LINE('',#6446,#6447);
#6446 = CARTESIAN_POINT('',(153.5,-59.5,0.));
#6447 = VECTOR('',#6448,1.);
#6448 = DIRECTION('',(0.,-1.,0.));
#6449 = ORIENTED_EDGE('',*,*,#6450,.F.);
#6450 = EDGE_CURVE('',#6379,#6443,#6451,.T.);
#6451 = LINE('',#6452,#6453);
#6452 = CARTESIAN_POINT('',(151.5,-59.5,0.));
#6453 = VECTOR('',#6454,1.);
#6454 = DIRECTION('',(1.,0.,0.));
#6455 = ORIENTED_EDGE('',*,*,#6386,.F.);
#6456 = FACE_BOUND('',#6457,.F.);
#6457 = EDGE_LOOP('',(#6458));
#6458 = ORIENTED_EDGE('',*,*,#6459,.T.);
#6459 = EDGE_CURVE('',#6460,#6460,#6462,.T.);
#6460 = VERTEX_POINT('',#6461);
#6461 = CARTESIAN_POINT('',(136.569363,-82.59,0.));
#6462 = CIRCLE('',#6463,0.5);
#6463 = AXIS2_PLACEMENT_3D('',#6464,#6465,#6466);
#6464 = CARTESIAN_POINT('',(136.569363,-82.09,0.));
#6465 = DIRECTION('',(-0.,0.,-1.));
#6466 = DIRECTION('',(-0.,-1.,0.));
#6467 = FACE_BOUND('',#6468,.F.);
#6468 = EDGE_LOOP('',(#6469));
#6469 = ORIENTED_EDGE('',*,*,#6470,.T.);
#6470 = EDGE_CURVE('',#6471,#6471,#6473,.T.);
#6471 = VERTEX_POINT('',#6472);
#6472 = CARTESIAN_POINT('',(139.109363,-82.59,0.));
#6473 = CIRCLE('',#6474,0.5);
#6474 = AXIS2_PLACEMENT_3D('',#6475,#6476,#6477);
#6475 = CARTESIAN_POINT('',(139.109363,-82.09,0.));
#6476 = DIRECTION('',(-0.,0.,-1.));
#6477 = DIRECTION('',(-0.,-1.,0.));
#6478 = FACE_BOUND('',#6479,.F.);
#6479 = EDGE_LOOP('',(#6480));
#6480 = ORIENTED_EDGE('',*,*,#6481,.T.);
#6481 = EDGE_CURVE('',#6482,#6482,#6484,.T.);
#6482 = VERTEX_POINT('',#6483);
#6483 = CARTESIAN_POINT('',(141.649363,-82.59,0.));
#6484 = CIRCLE('',#6485,0.5);
#6485 = AXIS2_PLACEMENT_3D('',#6486,#6487,#6488);
#6486 = CARTESIAN_POINT('',(141.649363,-82.09,0.));
#6487 = DIRECTION('',(-0.,0.,-1.));
#6488 = DIRECTION('',(-0.,-1.,0.));
#6489 = FACE_BOUND('',#6490,.F.);
#6490 = EDGE_LOOP('',(#6491));
#6491 = ORIENTED_EDGE('',*,*,#6492,.T.);
#6492 = EDGE_CURVE('',#6493,#6493,#6495,.T.);
#6493 = VERTEX_POINT('',#6494);
#6494 = CARTESIAN_POINT('',(144.189363,-82.59,0.));
#6495 = CIRCLE('',#6496,0.5);
#6496 = AXIS2_PLACEMENT_3D('',#6497,#6498,#6499);
#6497 = CARTESIAN_POINT('',(144.189363,-82.09,0.));
#6498 = DIRECTION('',(-0.,0.,-1.));
#6499 = DIRECTION('',(-0.,-1.,0.));
#6500 = PLANE('',#6501);
#6501 = AXIS2_PLACEMENT_3D('',#6502,#6503,#6504);
#6502 = CARTESIAN_POINT('',(0.,0.,0.));
#6503 = DIRECTION('',(0.,0.,1.));
#6504 = DIRECTION('',(1.,0.,-0.));
#6505 = ADVANCED_FACE('',(#6506,#6565,#6576,#6587,#6598),#6609,.T.);
#6506 = FACE_BOUND('',#6507,.T.);
#6507 = EDGE_LOOP('',(#6508,#6509,#6510,#6518,#6526,#6534,#6542,#6550,
    #6558,#6564));
#6508 = ORIENTED_EDGE('',*,*,#6308,.F.);
#6509 = ORIENTED_EDGE('',*,*,#6348,.F.);
#6510 = ORIENTED_EDGE('',*,*,#6511,.F.);
#6511 = EDGE_CURVE('',#6512,#6341,#6514,.T.);
#6512 = VERTEX_POINT('',#6513);
#6513 = CARTESIAN_POINT('',(125.5,-55.5,1.51));
#6514 = LINE('',#6515,#6516);
#6515 = CARTESIAN_POINT('',(125.5,-55.5,1.51));
#6516 = VECTOR('',#6517,1.);
#6517 = DIRECTION('',(1.,0.,0.));
#6518 = ORIENTED_EDGE('',*,*,#6519,.F.);
#6519 = EDGE_CURVE('',#6520,#6512,#6522,.T.);
#6520 = VERTEX_POINT('',#6521);
#6521 = CARTESIAN_POINT('',(125.5,-85.5,1.51));
#6522 = LINE('',#6523,#6524);
#6523 = CARTESIAN_POINT('',(125.5,-85.5,1.51));
#6524 = VECTOR('',#6525,1.);
#6525 = DIRECTION('',(0.,1.,0.));
#6526 = ORIENTED_EDGE('',*,*,#6527,.F.);
#6527 = EDGE_CURVE('',#6528,#6520,#6530,.T.);
#6528 = VERTEX_POINT('',#6529);
#6529 = CARTESIAN_POINT('',(155.5,-85.5,1.51));
#6530 = LINE('',#6531,#6532);
#6531 = CARTESIAN_POINT('',(155.5,-85.5,1.51));
#6532 = VECTOR('',#6533,1.);
#6533 = DIRECTION('',(-1.,0.,0.));
#6534 = ORIENTED_EDGE('',*,*,#6535,.F.);
#6535 = EDGE_CURVE('',#6536,#6528,#6538,.T.);
#6536 = VERTEX_POINT('',#6537);
#6537 = CARTESIAN_POINT('',(155.5,-61.5,1.51));
#6538 = LINE('',#6539,#6540);
#6539 = CARTESIAN_POINT('',(155.5,-61.5,1.51));
#6540 = VECTOR('',#6541,1.);
#6541 = DIRECTION('',(0.,-1.,0.));
#6542 = ORIENTED_EDGE('',*,*,#6543,.F.);
#6543 = EDGE_CURVE('',#6544,#6536,#6546,.T.);
#6544 = VERTEX_POINT('',#6545);
#6545 = CARTESIAN_POINT('',(153.5,-61.5,1.51));
#6546 = LINE('',#6547,#6548);
#6547 = CARTESIAN_POINT('',(153.5,-61.5,1.51));
#6548 = VECTOR('',#6549,1.);
#6549 = DIRECTION('',(1.,0.,0.));
#6550 = ORIENTED_EDGE('',*,*,#6551,.F.);
#6551 = EDGE_CURVE('',#6552,#6544,#6554,.T.);
#6552 = VERTEX_POINT('',#6553);
#6553 = CARTESIAN_POINT('',(153.5,-59.5,1.51));
#6554 = LINE('',#6555,#6556);
#6555 = CARTESIAN_POINT('',(153.5,-59.5,1.51));
#6556 = VECTOR('',#6557,1.);
#6557 = DIRECTION('',(0.,-1.,0.));
#6558 = ORIENTED_EDGE('',*,*,#6559,.F.);
#6559 = EDGE_CURVE('',#6371,#6552,#6560,.T.);
#6560 = LINE('',#6561,#6562);
#6561 = CARTESIAN_POINT('',(151.5,-59.5,1.51));
#6562 = VECTOR('',#6563,1.);
#6563 = DIRECTION('',(1.,0.,0.));
#6564 = ORIENTED_EDGE('',*,*,#6370,.F.);
#6565 = FACE_BOUND('',#6566,.T.);
#6566 = EDGE_LOOP('',(#6567));
#6567 = ORIENTED_EDGE('',*,*,#6568,.T.);
#6568 = EDGE_CURVE('',#6569,#6569,#6571,.T.);
#6569 = VERTEX_POINT('',#6570);
#6570 = CARTESIAN_POINT('',(136.569363,-82.59,1.51));
#6571 = CIRCLE('',#6572,0.5);
#6572 = AXIS2_PLACEMENT_3D('',#6573,#6574,#6575);
#6573 = CARTESIAN_POINT('',(136.569363,-82.09,1.51));
#6574 = DIRECTION('',(-0.,0.,-1.));
#6575 = DIRECTION('',(-0.,-1.,0.));
#6576 = FACE_BOUND('',#6577,.T.);
#6577 = EDGE_LOOP('',(#6578));
#6578 = ORIENTED_EDGE('',*,*,#6579,.T.);
#6579 = EDGE_CURVE('',#6580,#6580,#6582,.T.);
#6580 = VERTEX_POINT('',#6581);
#6581 = CARTESIAN_POINT('',(139.109363,-82.59,1.51));
#6582 = CIRCLE('',#6583,0.5);
#6583 = AXIS2_PLACEMENT_3D('',#6584,#6585,#6586);
#6584 = CARTESIAN_POINT('',(139.109363,-82.09,1.51));
#6585 = DIRECTION('',(-0.,0.,-1.));
#6586 = DIRECTION('',(-0.,-1.,0.));
#6587 = FACE_BOUND('',#6588,.T.);
#6588 = EDGE_LOOP('',(#6589));
#6589 = ORIENTED_EDGE('',*,*,#6590,.T.);
#6590 = EDGE_CURVE('',#6591,#6591,#6593,.T.);
#6591 = VERTEX_POINT('',#6592);
#6592 = CARTESIAN_POINT('',(141.649363,-82.59,1.51));
#6593 = CIRCLE('',#6594,0.5);
#6594 = AXIS2_PLACEMENT_3D('',#6595,#6596,#6597);
#6595 = CARTESIAN_POINT('',(141.649363,-82.09,1.51));
#6596 = DIRECTION('',(-0.,0.,-1.));
#6597 = DIRECTION('',(-0.,-1.,0.));
#6598 = FACE_BOUND('',#6599,.T.);
#6599 = EDGE_LOOP('',(#6600));
#6600 = ORIENTED_EDGE('',*,*,#6601,.T.);
#6601 = EDGE_CURVE('',#6602,#6602,#6604,.T.);
#6602 = VERTEX_POINT('',#6603);
#6603 = CARTESIAN_POINT('',(144.189363,-82.59,1.51));
#6604 = CIRCLE('',#6605,0.5);
#6605 = AXIS2_PLACEMENT_3D('',#6606,#6607,#6608);
#6606 = CARTESIAN_POINT('',(144.189363,-82.09,1.51));
#6607 = DIRECTION('',(-0.,0.,-1.));
#6608 = DIRECTION('',(-0.,-1.,0.));
#6609 = PLANE('',#6610);
#6610 = AXIS2_PLACEMENT_3D('',#6611,#6612,#6613);
#6611 = CARTESIAN_POINT('',(0.,0.,1.51));
#6612 = DIRECTION('',(0.,0.,1.));
#6613 = DIRECTION('',(1.,0.,-0.));
#6614 = ADVANCED_FACE('',(#6615),#6626,.T.);
#6615 = FACE_BOUND('',#6616,.T.);
#6616 = EDGE_LOOP('',(#6617,#6623,#6624,#6625));
#6617 = ORIENTED_EDGE('',*,*,#6618,.T.);
#6618 = EDGE_CURVE('',#6403,#6512,#6619,.T.);
#6619 = LINE('',#6620,#6621);
#6620 = CARTESIAN_POINT('',(125.5,-55.5,0.));
#6621 = VECTOR('',#6622,1.);
#6622 = DIRECTION('',(0.,0.,1.));
#6623 = ORIENTED_EDGE('',*,*,#6511,.T.);
#6624 = ORIENTED_EDGE('',*,*,#6338,.F.);
#6625 = ORIENTED_EDGE('',*,*,#6402,.F.);
#6626 = PLANE('',#6627);
#6627 = AXIS2_PLACEMENT_3D('',#6628,#6629,#6630);
#6628 = CARTESIAN_POINT('',(125.5,-55.5,0.));
#6629 = DIRECTION('',(0.,1.,0.));
#6630 = DIRECTION('',(1.,0.,0.));
#6631 = ADVANCED_FACE('',(#6632),#6643,.T.);
#6632 = FACE_BOUND('',#6633,.T.);
#6633 = EDGE_LOOP('',(#6634,#6635,#6636,#6642));
#6634 = ORIENTED_EDGE('',*,*,#6378,.T.);
#6635 = ORIENTED_EDGE('',*,*,#6559,.T.);
#6636 = ORIENTED_EDGE('',*,*,#6637,.F.);
#6637 = EDGE_CURVE('',#6443,#6552,#6638,.T.);
#6638 = LINE('',#6639,#6640);
#6639 = CARTESIAN_POINT('',(153.5,-59.5,0.));
#6640 = VECTOR('',#6641,1.);
#6641 = DIRECTION('',(0.,0.,1.));
#6642 = ORIENTED_EDGE('',*,*,#6450,.F.);
#6643 = PLANE('',#6644);
#6644 = AXIS2_PLACEMENT_3D('',#6645,#6646,#6647);
#6645 = CARTESIAN_POINT('',(151.5,-59.5,0.));
#6646 = DIRECTION('',(0.,1.,0.));
#6647 = DIRECTION('',(1.,0.,0.));
#6648 = ADVANCED_FACE('',(#6649),#6660,.T.);
#6649 = FACE_BOUND('',#6650,.T.);
#6650 = EDGE_LOOP('',(#6651,#6657,#6658,#6659));
#6651 = ORIENTED_EDGE('',*,*,#6652,.T.);
#6652 = EDGE_CURVE('',#6411,#6520,#6653,.T.);
#6653 = LINE('',#6654,#6655);
#6654 = CARTESIAN_POINT('',(125.5,-85.5,0.));
#6655 = VECTOR('',#6656,1.);
#6656 = DIRECTION('',(0.,0.,1.));
#6657 = ORIENTED_EDGE('',*,*,#6519,.T.);
#6658 = ORIENTED_EDGE('',*,*,#6618,.F.);
#6659 = ORIENTED_EDGE('',*,*,#6410,.F.);
#6660 = PLANE('',#6661);
#6661 = AXIS2_PLACEMENT_3D('',#6662,#6663,#6664);
#6662 = CARTESIAN_POINT('',(125.5,-85.5,0.));
#6663 = DIRECTION('',(-1.,0.,0.));
#6664 = DIRECTION('',(0.,1.,0.));
#6665 = ADVANCED_FACE('',(#6666),#6677,.T.);
#6666 = FACE_BOUND('',#6667,.T.);
#6667 = EDGE_LOOP('',(#6668,#6669,#6670,#6676));
#6668 = ORIENTED_EDGE('',*,*,#6637,.T.);
#6669 = ORIENTED_EDGE('',*,*,#6551,.T.);
#6670 = ORIENTED_EDGE('',*,*,#6671,.F.);
#6671 = EDGE_CURVE('',#6435,#6544,#6672,.T.);
#6672 = LINE('',#6673,#6674);
#6673 = CARTESIAN_POINT('',(153.5,-61.5,0.));
#6674 = VECTOR('',#6675,1.);
#6675 = DIRECTION('',(0.,0.,1.));
#6676 = ORIENTED_EDGE('',*,*,#6442,.F.);
#6677 = PLANE('',#6678);
#6678 = AXIS2_PLACEMENT_3D('',#6679,#6680,#6681);
#6679 = CARTESIAN_POINT('',(153.5,-59.5,0.));
#6680 = DIRECTION('',(1.,0.,-0.));
#6681 = DIRECTION('',(0.,-1.,0.));
#6682 = ADVANCED_FACE('',(#6683),#6694,.T.);
#6683 = FACE_BOUND('',#6684,.T.);
#6684 = EDGE_LOOP('',(#6685,#6691,#6692,#6693));
#6685 = ORIENTED_EDGE('',*,*,#6686,.T.);
#6686 = EDGE_CURVE('',#6419,#6528,#6687,.T.);
#6687 = LINE('',#6688,#6689);
#6688 = CARTESIAN_POINT('',(155.5,-85.5,0.));
#6689 = VECTOR('',#6690,1.);
#6690 = DIRECTION('',(0.,0.,1.));
#6691 = ORIENTED_EDGE('',*,*,#6527,.T.);
#6692 = ORIENTED_EDGE('',*,*,#6652,.F.);
#6693 = ORIENTED_EDGE('',*,*,#6418,.F.);
#6694 = PLANE('',#6695);
#6695 = AXIS2_PLACEMENT_3D('',#6696,#6697,#6698);
#6696 = CARTESIAN_POINT('',(155.5,-85.5,0.));
#6697 = DIRECTION('',(0.,-1.,0.));
#6698 = DIRECTION('',(-1.,0.,0.));
#6699 = ADVANCED_FACE('',(#6700),#6711,.T.);
#6700 = FACE_BOUND('',#6701,.T.);
#6701 = EDGE_LOOP('',(#6702,#6703,#6704,#6710));
#6702 = ORIENTED_EDGE('',*,*,#6671,.T.);
#6703 = ORIENTED_EDGE('',*,*,#6543,.T.);
#6704 = ORIENTED_EDGE('',*,*,#6705,.F.);
#6705 = EDGE_CURVE('',#6427,#6536,#6706,.T.);
#6706 = LINE('',#6707,#6708);
#6707 = CARTESIAN_POINT('',(155.5,-61.5,0.));
#6708 = VECTOR('',#6709,1.);
#6709 = DIRECTION('',(0.,0.,1.));
#6710 = ORIENTED_EDGE('',*,*,#6434,.F.);
#6711 = PLANE('',#6712);
#6712 = AXIS2_PLACEMENT_3D('',#6713,#6714,#6715);
#6713 = CARTESIAN_POINT('',(153.5,-61.5,0.));
#6714 = DIRECTION('',(0.,1.,0.));
#6715 = DIRECTION('',(1.,0.,0.));
#6716 = ADVANCED_FACE('',(#6717),#6723,.T.);
#6717 = FACE_BOUND('',#6718,.T.);
#6718 = EDGE_LOOP('',(#6719,#6720,#6721,#6722));
#6719 = ORIENTED_EDGE('',*,*,#6705,.T.);
#6720 = ORIENTED_EDGE('',*,*,#6535,.T.);
#6721 = ORIENTED_EDGE('',*,*,#6686,.F.);
#6722 = ORIENTED_EDGE('',*,*,#6426,.F.);
#6723 = PLANE('',#6724);
#6724 = AXIS2_PLACEMENT_3D('',#6725,#6726,#6727);
#6725 = CARTESIAN_POINT('',(155.5,-61.5,0.));
#6726 = DIRECTION('',(1.,0.,-0.));
#6727 = DIRECTION('',(0.,-1.,0.));
#6728 = ADVANCED_FACE('',(#6729),#6740,.F.);
#6729 = FACE_BOUND('',#6730,.T.);
#6730 = EDGE_LOOP('',(#6731,#6732,#6738,#6739));
#6731 = ORIENTED_EDGE('',*,*,#6459,.T.);
#6732 = ORIENTED_EDGE('',*,*,#6733,.T.);
#6733 = EDGE_CURVE('',#6460,#6569,#6734,.T.);
#6734 = LINE('',#6735,#6736);
#6735 = CARTESIAN_POINT('',(136.569363,-82.59,-4.6E-02));
#6736 = VECTOR('',#6737,1.);
#6737 = DIRECTION('',(0.,0.,1.));
#6738 = ORIENTED_EDGE('',*,*,#6568,.F.);
#6739 = ORIENTED_EDGE('',*,*,#6733,.F.);
#6740 = CYLINDRICAL_SURFACE('',#6741,0.5);
#6741 = AXIS2_PLACEMENT_3D('',#6742,#6743,#6744);
#6742 = CARTESIAN_POINT('',(136.569363,-82.09,-4.6E-02));
#6743 = DIRECTION('',(-0.,-0.,-1.));
#6744 = DIRECTION('',(-0.,-1.,0.));
#6745 = ADVANCED_FACE('',(#6746),#6757,.F.);
#6746 = FACE_BOUND('',#6747,.T.);
#6747 = EDGE_LOOP('',(#6748,#6749,#6755,#6756));
#6748 = ORIENTED_EDGE('',*,*,#6470,.T.);
#6749 = ORIENTED_EDGE('',*,*,#6750,.T.);
#6750 = EDGE_CURVE('',#6471,#6580,#6751,.T.);
#6751 = LINE('',#6752,#6753);
#6752 = CARTESIAN_POINT('',(139.109363,-82.59,-4.6E-02));
#6753 = VECTOR('',#6754,1.);
#6754 = DIRECTION('',(0.,0.,1.));
#6755 = ORIENTED_EDGE('',*,*,#6579,.F.);
#6756 = ORIENTED_EDGE('',*,*,#6750,.F.);
#6757 = CYLINDRICAL_SURFACE('',#6758,0.5);
#6758 = AXIS2_PLACEMENT_3D('',#6759,#6760,#6761);
#6759 = CARTESIAN_POINT('',(139.109363,-82.09,-4.6E-02));
#6760 = DIRECTION('',(-0.,-0.,-1.));
#6761 = DIRECTION('',(-0.,-1.,0.));
#6762 = ADVANCED_FACE('',(#6763),#6774,.F.);
#6763 = FACE_BOUND('',#6764,.T.);
#6764 = EDGE_LOOP('',(#6765,#6766,#6772,#6773));
#6765 = ORIENTED_EDGE('',*,*,#6481,.T.);
#6766 = ORIENTED_EDGE('',*,*,#6767,.T.);
#6767 = EDGE_CURVE('',#6482,#6591,#6768,.T.);
#6768 = LINE('',#6769,#6770);
#6769 = CARTESIAN_POINT('',(141.649363,-82.59,-4.6E-02));
#6770 = VECTOR('',#6771,1.);
#6771 = DIRECTION('',(0.,0.,1.));
#6772 = ORIENTED_EDGE('',*,*,#6590,.F.);
#6773 = ORIENTED_EDGE('',*,*,#6767,.F.);
#6774 = CYLINDRICAL_SURFACE('',#6775,0.5);
#6775 = AXIS2_PLACEMENT_3D('',#6776,#6777,#6778);
#6776 = CARTESIAN_POINT('',(141.649363,-82.09,-4.6E-02));
#6777 = DIRECTION('',(-0.,-0.,-1.));
#6778 = DIRECTION('',(-0.,-1.,0.));
#6779 = ADVANCED_FACE('',(#6780),#6791,.F.);
#6780 = FACE_BOUND('',#6781,.T.);
#6781 = EDGE_LOOP('',(#6782,#6783,#6789,#6790));
#6782 = ORIENTED_EDGE('',*,*,#6492,.T.);
#6783 = ORIENTED_EDGE('',*,*,#6784,.T.);
#6784 = EDGE_CURVE('',#6493,#6602,#6785,.T.);
#6785 = LINE('',#6786,#6787);
#6786 = CARTESIAN_POINT('',(144.189363,-82.59,-4.6E-02));
#6787 = VECTOR('',#6788,1.);
#6788 = DIRECTION('',(0.,0.,1.));
#6789 = ORIENTED_EDGE('',*,*,#6601,.F.);
#6790 = ORIENTED_EDGE('',*,*,#6784,.F.);
#6791 = CYLINDRICAL_SURFACE('',#6792,0.5);
#6792 = AXIS2_PLACEMENT_3D('',#6793,#6794,#6795);
#6793 = CARTESIAN_POINT('',(144.189363,-82.09,-4.6E-02));
#6794 = DIRECTION('',(-0.,-0.,-1.));
#6795 = DIRECTION('',(-0.,-1.,0.));
#6796 = ( GEOMETRIC_REPRESENTATION_CONTEXT(3) 
GLOBAL_UNCERTAINTY_ASSIGNED_CONTEXT((#6800)) 
GLOBAL_UNIT_ASSIGNED_CONTEXT((#6797,#6798,#6799)) REPRESENTATION_CONTEXT
('Context #1','3D Context with UNIT and UNCERTAINTY') );
#6797 = ( LENGTH_UNIT() NAMED_UNIT(*) SI_UNIT(.MILLI.,.METRE.) );
#6798 = ( NAMED_UNIT(*) PLANE_ANGLE_UNIT() SI_UNIT($,.RADIAN.) );
#6799 = ( NAMED_UNIT(*) SI_UNIT($,.STERADIAN.) SOLID_ANGLE_UNIT() );
#6800 = UNCERTAINTY_MEASURE_WITH_UNIT(LENGTH_MEASURE(1.E-07),#6797,
  'distance_accuracy_value','confusion accuracy');
#6801 = CONTEXT_DEPENDENT_SHAPE_REPRESENTATION(#6802,#6804);
#6802 = ( REPRESENTATION_RELATIONSHIP('','',#6291,#10) 
REPRESENTATION_RELATIONSHIP_WITH_TRANSFORMATION(#6803) 
SHAPE_REPRESENTATION_RELATIONSHIP() );
#6803 = ITEM_DEFINED_TRANSFORMATION('','',#11,#31);
#6804 = PRODUCT_DEFINITION_SHAPE('Placement','Placement of an item',
  #6805);
#6805 = NEXT_ASSEMBLY_USAGE_OCCURRENCE('8','=>[0:1:1:8]','',#5,#6286,$);
#6806 = PRODUCT_RELATED_PRODUCT_CATEGORY('part',$,(#6288));
#6807 = MECHANICAL_DESIGN_GEOMETRIC_PRESENTATION_REPRESENTATION('',(
    #6808,#6816,#6823,#6830,#6837,#6844,#6851,#6858,#6866,#6873,#6880,
    #6887,#6894,#6901,#6909,#6916,#6923,#6930,#6937,#6944,#6951,#6958,
    #6965,#6972,#6979,#6986),#1758);
#6808 = STYLED_ITEM('color',(#6809),#970);
#6809 = PRESENTATION_STYLE_ASSIGNMENT((#6810));
#6810 = SURFACE_STYLE_USAGE(.BOTH.,#6811);
#6811 = SURFACE_SIDE_STYLE('',(#6812));
#6812 = SURFACE_STYLE_FILL_AREA(#6813);
#6813 = FILL_AREA_STYLE('',(#6814));
#6814 = FILL_AREA_STYLE_COLOUR('',#6815);
#6815 = COLOUR_RGB('',0.823999987314,0.819999987296,0.781000009244);
#6816 = STYLED_ITEM('color',(#6817),#1010);
#6817 = PRESENTATION_STYLE_ASSIGNMENT((#6818));
#6818 = SURFACE_STYLE_USAGE(.BOTH.,#6819);
#6819 = SURFACE_SIDE_STYLE('',(#6820));
#6820 = SURFACE_STYLE_FILL_AREA(#6821);
#6821 = FILL_AREA_STYLE('',(#6822));
#6822 = FILL_AREA_STYLE_COLOUR('',#6815);
#6823 = STYLED_ITEM('color',(#6824),#1093);
#6824 = PRESENTATION_STYLE_ASSIGNMENT((#6825));
#6825 = SURFACE_STYLE_USAGE(.BOTH.,#6826);
#6826 = SURFACE_SIDE_STYLE('',(#6827));
#6827 = SURFACE_STYLE_FILL_AREA(#6828);
#6828 = FILL_AREA_STYLE('',(#6829));
#6829 = FILL_AREA_STYLE_COLOUR('',#6815);
#6830 = STYLED_ITEM('color',(#6831),#1118);
#6831 = PRESENTATION_STYLE_ASSIGNMENT((#6832));
#6832 = SURFACE_STYLE_USAGE(.BOTH.,#6833);
#6833 = SURFACE_SIDE_STYLE('',(#6834));
#6834 = SURFACE_STYLE_FILL_AREA(#6835);
#6835 = FILL_AREA_STYLE('',(#6836));
#6836 = FILL_AREA_STYLE_COLOUR('',#6815);
#6837 = STYLED_ITEM('color',(#6838),#1143);
#6838 = PRESENTATION_STYLE_ASSIGNMENT((#6839));
#6839 = SURFACE_STYLE_USAGE(.BOTH.,#6840);
#6840 = SURFACE_SIDE_STYLE('',(#6841));
#6841 = SURFACE_STYLE_FILL_AREA(#6842);
#6842 = FILL_AREA_STYLE('',(#6843));
#6843 = FILL_AREA_STYLE_COLOUR('',#6815);
#6844 = STYLED_ITEM('color',(#6845),#1210);
#6845 = PRESENTATION_STYLE_ASSIGNMENT((#6846));
#6846 = SURFACE_STYLE_USAGE(.BOTH.,#6847);
#6847 = SURFACE_SIDE_STYLE('',(#6848));
#6848 = SURFACE_STYLE_FILL_AREA(#6849);
#6849 = FILL_AREA_STYLE('',(#6850));
#6850 = FILL_AREA_STYLE_COLOUR('',#6815);
#6851 = STYLED_ITEM('color',(#6852),#1227);
#6852 = PRESENTATION_STYLE_ASSIGNMENT((#6853));
#6853 = SURFACE_STYLE_USAGE(.BOTH.,#6854);
#6854 = SURFACE_SIDE_STYLE('',(#6855));
#6855 = SURFACE_STYLE_FILL_AREA(#6856);
#6856 = FILL_AREA_STYLE('',(#6857));
#6857 = FILL_AREA_STYLE_COLOUR('',#6815);
#6858 = STYLED_ITEM('color',(#6859),#1244);
#6859 = PRESENTATION_STYLE_ASSIGNMENT((#6860));
#6860 = SURFACE_STYLE_USAGE(.BOTH.,#6861);
#6861 = SURFACE_SIDE_STYLE('',(#6862));
#6862 = SURFACE_STYLE_FILL_AREA(#6863);
#6863 = FILL_AREA_STYLE('',(#6864));
#6864 = FILL_AREA_STYLE_COLOUR('',#6865);
#6865 = COLOUR_RGB('',0.894999966383,0.890999961016,0.813000030345);
#6866 = STYLED_ITEM('color',(#6867),#1293);
#6867 = PRESENTATION_STYLE_ASSIGNMENT((#6868));
#6868 = SURFACE_STYLE_USAGE(.BOTH.,#6869);
#6869 = SURFACE_SIDE_STYLE('',(#6870));
#6870 = SURFACE_STYLE_FILL_AREA(#6871);
#6871 = FILL_AREA_STYLE('',(#6872));
#6872 = FILL_AREA_STYLE_COLOUR('',#6815);
#6873 = STYLED_ITEM('color',(#6874),#1310);
#6874 = PRESENTATION_STYLE_ASSIGNMENT((#6875));
#6875 = SURFACE_STYLE_USAGE(.BOTH.,#6876);
#6876 = SURFACE_SIDE_STYLE('',(#6877));
#6877 = SURFACE_STYLE_FILL_AREA(#6878);
#6878 = FILL_AREA_STYLE('',(#6879));
#6879 = FILL_AREA_STYLE_COLOUR('',#6815);
#6880 = STYLED_ITEM('color',(#6881),#1327);
#6881 = PRESENTATION_STYLE_ASSIGNMENT((#6882));
#6882 = SURFACE_STYLE_USAGE(.BOTH.,#6883);
#6883 = SURFACE_SIDE_STYLE('',(#6884));
#6884 = SURFACE_STYLE_FILL_AREA(#6885);
#6885 = FILL_AREA_STYLE('',(#6886));
#6886 = FILL_AREA_STYLE_COLOUR('',#6865);
#6887 = STYLED_ITEM('color',(#6888),#1376);
#6888 = PRESENTATION_STYLE_ASSIGNMENT((#6889));
#6889 = SURFACE_STYLE_USAGE(.BOTH.,#6890);
#6890 = SURFACE_SIDE_STYLE('',(#6891));
#6891 = SURFACE_STYLE_FILL_AREA(#6892);
#6892 = FILL_AREA_STYLE('',(#6893));
#6893 = FILL_AREA_STYLE_COLOUR('',#6865);
#6894 = STYLED_ITEM('color',(#6895),#1393);
#6895 = PRESENTATION_STYLE_ASSIGNMENT((#6896));
#6896 = SURFACE_STYLE_USAGE(.BOTH.,#6897);
#6897 = SURFACE_SIDE_STYLE('',(#6898));
#6898 = SURFACE_STYLE_FILL_AREA(#6899);
#6899 = FILL_AREA_STYLE('',(#6900));
#6900 = FILL_AREA_STYLE_COLOUR('',#6815);
#6901 = STYLED_ITEM('color',(#6902),#1462);
#6902 = PRESENTATION_STYLE_ASSIGNMENT((#6903));
#6903 = SURFACE_STYLE_USAGE(.BOTH.,#6904);
#6904 = SURFACE_SIDE_STYLE('',(#6905));
#6905 = SURFACE_STYLE_FILL_AREA(#6906);
#6906 = FILL_AREA_STYLE('',(#6907));
#6907 = FILL_AREA_STYLE_COLOUR('',#6908);
#6908 = COLOUR_RGB('',8.200000279077E-02,8.600000121357E-02,
  9.399999706163E-02);
#6909 = STYLED_ITEM('color',(#6910),#1493);
#6910 = PRESENTATION_STYLE_ASSIGNMENT((#6911));
#6911 = SURFACE_STYLE_USAGE(.BOTH.,#6912);
#6912 = SURFACE_SIDE_STYLE('',(#6913));
#6913 = SURFACE_STYLE_FILL_AREA(#6914);
#6914 = FILL_AREA_STYLE('',(#6915));
#6915 = FILL_AREA_STYLE_COLOUR('',#6908);
#6916 = STYLED_ITEM('color',(#6917),#1517);
#6917 = PRESENTATION_STYLE_ASSIGNMENT((#6918));
#6918 = SURFACE_STYLE_USAGE(.BOTH.,#6919);
#6919 = SURFACE_SIDE_STYLE('',(#6920));
#6920 = SURFACE_STYLE_FILL_AREA(#6921);
#6921 = FILL_AREA_STYLE('',(#6922));
#6922 = FILL_AREA_STYLE_COLOUR('',#6815);
#6923 = STYLED_ITEM('color',(#6924),#1586);
#6924 = PRESENTATION_STYLE_ASSIGNMENT((#6925));
#6925 = SURFACE_STYLE_USAGE(.BOTH.,#6926);
#6926 = SURFACE_SIDE_STYLE('',(#6927));
#6927 = SURFACE_STYLE_FILL_AREA(#6928);
#6928 = FILL_AREA_STYLE('',(#6929));
#6929 = FILL_AREA_STYLE_COLOUR('',#6908);
#6930 = STYLED_ITEM('color',(#6931),#1610);
#6931 = PRESENTATION_STYLE_ASSIGNMENT((#6932));
#6932 = SURFACE_STYLE_USAGE(.BOTH.,#6933);
#6933 = SURFACE_SIDE_STYLE('',(#6934));
#6934 = SURFACE_STYLE_FILL_AREA(#6935);
#6935 = FILL_AREA_STYLE('',(#6936));
#6936 = FILL_AREA_STYLE_COLOUR('',#6815);
#6937 = STYLED_ITEM('color',(#6938),#1627);
#6938 = PRESENTATION_STYLE_ASSIGNMENT((#6939));
#6939 = SURFACE_STYLE_USAGE(.BOTH.,#6940);
#6940 = SURFACE_SIDE_STYLE('',(#6941));
#6941 = SURFACE_STYLE_FILL_AREA(#6942);
#6942 = FILL_AREA_STYLE('',(#6943));
#6943 = FILL_AREA_STYLE_COLOUR('',#6815);
#6944 = STYLED_ITEM('color',(#6945),#1644);
#6945 = PRESENTATION_STYLE_ASSIGNMENT((#6946));
#6946 = SURFACE_STYLE_USAGE(.BOTH.,#6947);
#6947 = SURFACE_SIDE_STYLE('',(#6948));
#6948 = SURFACE_STYLE_FILL_AREA(#6949);
#6949 = FILL_AREA_STYLE('',(#6950));
#6950 = FILL_AREA_STYLE_COLOUR('',#6815);
#6951 = STYLED_ITEM('color',(#6952),#1661);
#6952 = PRESENTATION_STYLE_ASSIGNMENT((#6953));
#6953 = SURFACE_STYLE_USAGE(.BOTH.,#6954);
#6954 = SURFACE_SIDE_STYLE('',(#6955));
#6955 = SURFACE_STYLE_FILL_AREA(#6956);
#6956 = FILL_AREA_STYLE('',(#6957));
#6957 = FILL_AREA_STYLE_COLOUR('',#6815);
#6958 = STYLED_ITEM('color',(#6959),#1678);
#6959 = PRESENTATION_STYLE_ASSIGNMENT((#6960));
#6960 = SURFACE_STYLE_USAGE(.BOTH.,#6961);
#6961 = SURFACE_SIDE_STYLE('',(#6962));
#6962 = SURFACE_STYLE_FILL_AREA(#6963);
#6963 = FILL_AREA_STYLE('',(#6964));
#6964 = FILL_AREA_STYLE_COLOUR('',#6815);
#6965 = STYLED_ITEM('color',(#6966),#1695);
#6966 = PRESENTATION_STYLE_ASSIGNMENT((#6967));
#6967 = SURFACE_STYLE_USAGE(.BOTH.,#6968);
#6968 = SURFACE_SIDE_STYLE('',(#6969));
#6969 = SURFACE_STYLE_FILL_AREA(#6970);
#6970 = FILL_AREA_STYLE('',(#6971));
#6971 = FILL_AREA_STYLE_COLOUR('',#6815);
#6972 = STYLED_ITEM('color',(#6973),#1712);
#6973 = PRESENTATION_STYLE_ASSIGNMENT((#6974));
#6974 = SURFACE_STYLE_USAGE(.BOTH.,#6975);
#6975 = SURFACE_SIDE_STYLE('',(#6976));
#6976 = SURFACE_STYLE_FILL_AREA(#6977);
#6977 = FILL_AREA_STYLE('',(#6978));
#6978 = FILL_AREA_STYLE_COLOUR('',#6815);
#6979 = STYLED_ITEM('color',(#6980),#1729);
#6980 = PRESENTATION_STYLE_ASSIGNMENT((#6981));
#6981 = SURFACE_STYLE_USAGE(.BOTH.,#6982);
#6982 = SURFACE_SIDE_STYLE('',(#6983));
#6983 = SURFACE_STYLE_FILL_AREA(#6984);
#6984 = FILL_AREA_STYLE('',(#6985));
#6985 = FILL_AREA_STYLE_COLOUR('',#6908);
#6986 = STYLED_ITEM('color',(#6987),#1746);
#6987 = PRESENTATION_STYLE_ASSIGNMENT((#6988));
#6988 = SURFACE_STYLE_USAGE(.BOTH.,#6989);
#6989 = SURFACE_SIDE_STYLE('',(#6990));
#6990 = SURFACE_STYLE_FILL_AREA(#6991);
#6991 = FILL_AREA_STYLE('',(#6992));
#6992 = FILL_AREA_STYLE_COLOUR('',#6908);
#6993 = MECHANICAL_DESIGN_GEOMETRIC_PRESENTATION_REPRESENTATION('',(
    #6994,#7004,#7013,#7022,#7031,#7040,#7049,#7058,#7067,#7076,#7085,
    #7094,#7103,#7112,#7121,#7130,#7139,#7148,#7157,#7166,#7175,#7184,
    #7193,#7202,#7211,#7220,#7229,#7238,#7247,#7256,#7265,#7274,#7283,
    #7292,#7301,#7310,#7319,#7328,#7337,#7346,#7355,#7364,#7373,#7382,
    #7391,#7400,#7409,#7418,#7427,#7436,#7445,#7454,#7463,#7472,#7481,
    #7490,#7499,#7508,#7517,#7526,#7535,#7544,#7553,#7562,#7571,#7580,
    #7589,#7598,#7607,#7616,#7625,#7634,#7643,#7652,#7661,#7670,#7679,
    #7688,#7697,#7706,#7715,#7724,#7733,#7742,#7751,#7760,#7769,#7778,
    #7787,#7796,#7805,#7814,#7823,#7832,#7841,#7850,#7859,#7868,#7877,
    #7886,#7895,#7904,#7913,#7922,#7931,#7940,#7949,#7958,#7967,#7976,
    #7985,#7994,#8003,#8012,#8021,#8030,#8039,#8048,#8057,#8066,#8075,
    #8084,#8093,#8102,#8111,#8120,#8129,#8138,#8147,#8156,#8165,#8174,
    #8183,#8192,#8201,#8210,#8219,#8228,#8237,#8246,#8255,#8264,#8273,
    #8282,#8291,#8300,#8309),#6273);
#6994 = STYLED_ITEM('color',(#6995),#1807);
#6995 = PRESENTATION_STYLE_ASSIGNMENT((#6996,#7002));
#6996 = SURFACE_STYLE_USAGE(.BOTH.,#6997);
#6997 = SURFACE_SIDE_STYLE('',(#6998));
#6998 = SURFACE_STYLE_FILL_AREA(#6999);
#6999 = FILL_AREA_STYLE('',(#7000));
#7000 = FILL_AREA_STYLE_COLOUR('',#7001);
#7001 = COLOUR_RGB('',0.147999998088,0.145000001626,0.145000001626);
#7002 = CURVE_STYLE('',#7003,POSITIVE_LENGTH_MEASURE(0.1),#7001);
#7003 = DRAUGHTING_PRE_DEFINED_CURVE_FONT('continuous');
#7004 = STYLED_ITEM('color',(#7005),#1845);
#7005 = PRESENTATION_STYLE_ASSIGNMENT((#7006,#7011));
#7006 = SURFACE_STYLE_USAGE(.BOTH.,#7007);
#7007 = SURFACE_SIDE_STYLE('',(#7008));
#7008 = SURFACE_STYLE_FILL_AREA(#7009);
#7009 = FILL_AREA_STYLE('',(#7010));
#7010 = FILL_AREA_STYLE_COLOUR('',#7001);
#7011 = CURVE_STYLE('',#7012,POSITIVE_LENGTH_MEASURE(0.1),#7001);
#7012 = DRAUGHTING_PRE_DEFINED_CURVE_FONT('continuous');
#7013 = STYLED_ITEM('color',(#7014),#1908);
#7014 = PRESENTATION_STYLE_ASSIGNMENT((#7015,#7020));
#7015 = SURFACE_STYLE_USAGE(.BOTH.,#7016);
#7016 = SURFACE_SIDE_STYLE('',(#7017));
#7017 = SURFACE_STYLE_FILL_AREA(#7018);
#7018 = FILL_AREA_STYLE('',(#7019));
#7019 = FILL_AREA_STYLE_COLOUR('',#7001);
#7020 = CURVE_STYLE('',#7021,POSITIVE_LENGTH_MEASURE(0.1),#7001);
#7021 = DRAUGHTING_PRE_DEFINED_CURVE_FONT('continuous');
#7022 = STYLED_ITEM('color',(#7023),#1931);
#7023 = PRESENTATION_STYLE_ASSIGNMENT((#7024,#7029));
#7024 = SURFACE_STYLE_USAGE(.BOTH.,#7025);
#7025 = SURFACE_SIDE_STYLE('',(#7026));
#7026 = SURFACE_STYLE_FILL_AREA(#7027);
#7027 = FILL_AREA_STYLE('',(#7028));
#7028 = FILL_AREA_STYLE_COLOUR('',#7001);
#7029 = CURVE_STYLE('',#7030,POSITIVE_LENGTH_MEASURE(0.1),#7001);
#7030 = DRAUGHTING_PRE_DEFINED_CURVE_FONT('continuous');
#7031 = STYLED_ITEM('color',(#7032),#1960);
#7032 = PRESENTATION_STYLE_ASSIGNMENT((#7033,#7038));
#7033 = SURFACE_STYLE_USAGE(.BOTH.,#7034);
#7034 = SURFACE_SIDE_STYLE('',(#7035));
#7035 = SURFACE_STYLE_FILL_AREA(#7036);
#7036 = FILL_AREA_STYLE('',(#7037));
#7037 = FILL_AREA_STYLE_COLOUR('',#7001);
#7038 = CURVE_STYLE('',#7039,POSITIVE_LENGTH_MEASURE(0.1),#7001);
#7039 = DRAUGHTING_PRE_DEFINED_CURVE_FONT('continuous');
#7040 = STYLED_ITEM('color',(#7041),#1983);
#7041 = PRESENTATION_STYLE_ASSIGNMENT((#7042,#7047));
#7042 = SURFACE_STYLE_USAGE(.BOTH.,#7043);
#7043 = SURFACE_SIDE_STYLE('',(#7044));
#7044 = SURFACE_STYLE_FILL_AREA(#7045);
#7045 = FILL_AREA_STYLE('',(#7046));
#7046 = FILL_AREA_STYLE_COLOUR('',#7001);
#7047 = CURVE_STYLE('',#7048,POSITIVE_LENGTH_MEASURE(0.1),#7001);
#7048 = DRAUGHTING_PRE_DEFINED_CURVE_FONT('continuous');
#7049 = STYLED_ITEM('color',(#7050),#2070);
#7050 = PRESENTATION_STYLE_ASSIGNMENT((#7051,#7056));
#7051 = SURFACE_STYLE_USAGE(.BOTH.,#7052);
#7052 = SURFACE_SIDE_STYLE('',(#7053));
#7053 = SURFACE_STYLE_FILL_AREA(#7054);
#7054 = FILL_AREA_STYLE('',(#7055));
#7055 = FILL_AREA_STYLE_COLOUR('',#7001);
#7056 = CURVE_STYLE('',#7057,POSITIVE_LENGTH_MEASURE(0.1),#7001);
#7057 = DRAUGHTING_PRE_DEFINED_CURVE_FONT('continuous');
#7058 = STYLED_ITEM('color',(#7059),#2157);
#7059 = PRESENTATION_STYLE_ASSIGNMENT((#7060,#7065));
#7060 = SURFACE_STYLE_USAGE(.BOTH.,#7061);
#7061 = SURFACE_SIDE_STYLE('',(#7062));
#7062 = SURFACE_STYLE_FILL_AREA(#7063);
#7063 = FILL_AREA_STYLE('',(#7064));
#7064 = FILL_AREA_STYLE_COLOUR('',#7001);
#7065 = CURVE_STYLE('',#7066,POSITIVE_LENGTH_MEASURE(0.1),#7001);
#7066 = DRAUGHTING_PRE_DEFINED_CURVE_FONT('continuous');
#7067 = STYLED_ITEM('color',(#7068),#2180);
#7068 = PRESENTATION_STYLE_ASSIGNMENT((#7069,#7074));
#7069 = SURFACE_STYLE_USAGE(.BOTH.,#7070);
#7070 = SURFACE_SIDE_STYLE('',(#7071));
#7071 = SURFACE_STYLE_FILL_AREA(#7072);
#7072 = FILL_AREA_STYLE('',(#7073));
#7073 = FILL_AREA_STYLE_COLOUR('',#7001);
#7074 = CURVE_STYLE('',#7075,POSITIVE_LENGTH_MEASURE(0.1),#7001);
#7075 = DRAUGHTING_PRE_DEFINED_CURVE_FONT('continuous');
#7076 = STYLED_ITEM('color',(#7077),#2203);
#7077 = PRESENTATION_STYLE_ASSIGNMENT((#7078,#7083));
#7078 = SURFACE_STYLE_USAGE(.BOTH.,#7079);
#7079 = SURFACE_SIDE_STYLE('',(#7080));
#7080 = SURFACE_STYLE_FILL_AREA(#7081);
#7081 = FILL_AREA_STYLE('',(#7082));
#7082 = FILL_AREA_STYLE_COLOUR('',#7001);
#7083 = CURVE_STYLE('',#7084,POSITIVE_LENGTH_MEASURE(0.1),#7001);
#7084 = DRAUGHTING_PRE_DEFINED_CURVE_FONT('continuous');
#7085 = STYLED_ITEM('color',(#7086),#2220);
#7086 = PRESENTATION_STYLE_ASSIGNMENT((#7087,#7092));
#7087 = SURFACE_STYLE_USAGE(.BOTH.,#7088);
#7088 = SURFACE_SIDE_STYLE('',(#7089));
#7089 = SURFACE_STYLE_FILL_AREA(#7090);
#7090 = FILL_AREA_STYLE('',(#7091));
#7091 = FILL_AREA_STYLE_COLOUR('',#7001);
#7092 = CURVE_STYLE('',#7093,POSITIVE_LENGTH_MEASURE(0.1),#7001);
#7093 = DRAUGHTING_PRE_DEFINED_CURVE_FONT('continuous');
#7094 = STYLED_ITEM('color',(#7095),#2243);
#7095 = PRESENTATION_STYLE_ASSIGNMENT((#7096,#7101));
#7096 = SURFACE_STYLE_USAGE(.BOTH.,#7097);
#7097 = SURFACE_SIDE_STYLE('',(#7098));
#7098 = SURFACE_STYLE_FILL_AREA(#7099);
#7099 = FILL_AREA_STYLE('',(#7100));
#7100 = FILL_AREA_STYLE_COLOUR('',#7001);
#7101 = CURVE_STYLE('',#7102,POSITIVE_LENGTH_MEASURE(0.1),#7001);
#7102 = DRAUGHTING_PRE_DEFINED_CURVE_FONT('continuous');
#7103 = STYLED_ITEM('color',(#7104),#2331);
#7104 = PRESENTATION_STYLE_ASSIGNMENT((#7105,#7110));
#7105 = SURFACE_STYLE_USAGE(.BOTH.,#7106);
#7106 = SURFACE_SIDE_STYLE('',(#7107));
#7107 = SURFACE_STYLE_FILL_AREA(#7108);
#7108 = FILL_AREA_STYLE('',(#7109));
#7109 = FILL_AREA_STYLE_COLOUR('',#7001);
#7110 = CURVE_STYLE('',#7111,POSITIVE_LENGTH_MEASURE(0.1),#7001);
#7111 = DRAUGHTING_PRE_DEFINED_CURVE_FONT('continuous');
#7112 = STYLED_ITEM('color',(#7113),#2347);
#7113 = PRESENTATION_STYLE_ASSIGNMENT((#7114,#7119));
#7114 = SURFACE_STYLE_USAGE(.BOTH.,#7115);
#7115 = SURFACE_SIDE_STYLE('',(#7116));
#7116 = SURFACE_STYLE_FILL_AREA(#7117);
#7117 = FILL_AREA_STYLE('',(#7118));
#7118 = FILL_AREA_STYLE_COLOUR('',#7001);
#7119 = CURVE_STYLE('',#7120,POSITIVE_LENGTH_MEASURE(0.1),#7001);
#7120 = DRAUGHTING_PRE_DEFINED_CURVE_FONT('continuous');
#7121 = STYLED_ITEM('color',(#7122),#2377);
#7122 = PRESENTATION_STYLE_ASSIGNMENT((#7123,#7128));
#7123 = SURFACE_STYLE_USAGE(.BOTH.,#7124);
#7124 = SURFACE_SIDE_STYLE('',(#7125));
#7125 = SURFACE_STYLE_FILL_AREA(#7126);
#7126 = FILL_AREA_STYLE('',(#7127));
#7127 = FILL_AREA_STYLE_COLOUR('',#6815);
#7128 = CURVE_STYLE('',#7129,POSITIVE_LENGTH_MEASURE(0.1),#6815);
#7129 = DRAUGHTING_PRE_DEFINED_CURVE_FONT('continuous');
#7130 = STYLED_ITEM('color',(#7131),#2408);
#7131 = PRESENTATION_STYLE_ASSIGNMENT((#7132,#7137));
#7132 = SURFACE_STYLE_USAGE(.BOTH.,#7133);
#7133 = SURFACE_SIDE_STYLE('',(#7134));
#7134 = SURFACE_STYLE_FILL_AREA(#7135);
#7135 = FILL_AREA_STYLE('',(#7136));
#7136 = FILL_AREA_STYLE_COLOUR('',#7001);
#7137 = CURVE_STYLE('',#7138,POSITIVE_LENGTH_MEASURE(0.1),#7001);
#7138 = DRAUGHTING_PRE_DEFINED_CURVE_FONT('continuous');
#7139 = STYLED_ITEM('color',(#7140),#2439);
#7140 = PRESENTATION_STYLE_ASSIGNMENT((#7141,#7146));
#7141 = SURFACE_STYLE_USAGE(.BOTH.,#7142);
#7142 = SURFACE_SIDE_STYLE('',(#7143));
#7143 = SURFACE_STYLE_FILL_AREA(#7144);
#7144 = FILL_AREA_STYLE('',(#7145));
#7145 = FILL_AREA_STYLE_COLOUR('',#6815);
#7146 = CURVE_STYLE('',#7147,POSITIVE_LENGTH_MEASURE(0.1),#6815);
#7147 = DRAUGHTING_PRE_DEFINED_CURVE_FONT('continuous');
#7148 = STYLED_ITEM('color',(#7149),#2470);
#7149 = PRESENTATION_STYLE_ASSIGNMENT((#7150,#7155));
#7150 = SURFACE_STYLE_USAGE(.BOTH.,#7151);
#7151 = SURFACE_SIDE_STYLE('',(#7152));
#7152 = SURFACE_STYLE_FILL_AREA(#7153);
#7153 = FILL_AREA_STYLE('',(#7154));
#7154 = FILL_AREA_STYLE_COLOUR('',#7001);
#7155 = CURVE_STYLE('',#7156,POSITIVE_LENGTH_MEASURE(0.1),#7001);
#7156 = DRAUGHTING_PRE_DEFINED_CURVE_FONT('continuous');
#7157 = STYLED_ITEM('color',(#7158),#2501);
#7158 = PRESENTATION_STYLE_ASSIGNMENT((#7159,#7164));
#7159 = SURFACE_STYLE_USAGE(.BOTH.,#7160);
#7160 = SURFACE_SIDE_STYLE('',(#7161));
#7161 = SURFACE_STYLE_FILL_AREA(#7162);
#7162 = FILL_AREA_STYLE('',(#7163));
#7163 = FILL_AREA_STYLE_COLOUR('',#6815);
#7164 = CURVE_STYLE('',#7165,POSITIVE_LENGTH_MEASURE(0.1),#6815);
#7165 = DRAUGHTING_PRE_DEFINED_CURVE_FONT('continuous');
#7166 = STYLED_ITEM('color',(#7167),#2532);
#7167 = PRESENTATION_STYLE_ASSIGNMENT((#7168,#7173));
#7168 = SURFACE_STYLE_USAGE(.BOTH.,#7169);
#7169 = SURFACE_SIDE_STYLE('',(#7170));
#7170 = SURFACE_STYLE_FILL_AREA(#7171);
#7171 = FILL_AREA_STYLE('',(#7172));
#7172 = FILL_AREA_STYLE_COLOUR('',#7001);
#7173 = CURVE_STYLE('',#7174,POSITIVE_LENGTH_MEASURE(0.1),#7001);
#7174 = DRAUGHTING_PRE_DEFINED_CURVE_FONT('continuous');
#7175 = STYLED_ITEM('color',(#7176),#2563);
#7176 = PRESENTATION_STYLE_ASSIGNMENT((#7177,#7182));
#7177 = SURFACE_STYLE_USAGE(.BOTH.,#7178);
#7178 = SURFACE_SIDE_STYLE('',(#7179));
#7179 = SURFACE_STYLE_FILL_AREA(#7180);
#7180 = FILL_AREA_STYLE('',(#7181));
#7181 = FILL_AREA_STYLE_COLOUR('',#6815);
#7182 = CURVE_STYLE('',#7183,POSITIVE_LENGTH_MEASURE(0.1),#6815);
#7183 = DRAUGHTING_PRE_DEFINED_CURVE_FONT('continuous');
#7184 = STYLED_ITEM('color',(#7185),#2594);
#7185 = PRESENTATION_STYLE_ASSIGNMENT((#7186,#7191));
#7186 = SURFACE_STYLE_USAGE(.BOTH.,#7187);
#7187 = SURFACE_SIDE_STYLE('',(#7188));
#7188 = SURFACE_STYLE_FILL_AREA(#7189);
#7189 = FILL_AREA_STYLE('',(#7190));
#7190 = FILL_AREA_STYLE_COLOUR('',#7001);
#7191 = CURVE_STYLE('',#7192,POSITIVE_LENGTH_MEASURE(0.1),#7001);
#7192 = DRAUGHTING_PRE_DEFINED_CURVE_FONT('continuous');
#7193 = STYLED_ITEM('color',(#7194),#2611);
#7194 = PRESENTATION_STYLE_ASSIGNMENT((#7195,#7200));
#7195 = SURFACE_STYLE_USAGE(.BOTH.,#7196);
#7196 = SURFACE_SIDE_STYLE('',(#7197));
#7197 = SURFACE_STYLE_FILL_AREA(#7198);
#7198 = FILL_AREA_STYLE('',(#7199));
#7199 = FILL_AREA_STYLE_COLOUR('',#7001);
#7200 = CURVE_STYLE('',#7201,POSITIVE_LENGTH_MEASURE(0.1),#7001);
#7201 = DRAUGHTING_PRE_DEFINED_CURVE_FONT('continuous');
#7202 = STYLED_ITEM('color',(#7203),#2628);
#7203 = PRESENTATION_STYLE_ASSIGNMENT((#7204,#7209));
#7204 = SURFACE_STYLE_USAGE(.BOTH.,#7205);
#7205 = SURFACE_SIDE_STYLE('',(#7206));
#7206 = SURFACE_STYLE_FILL_AREA(#7207);
#7207 = FILL_AREA_STYLE('',(#7208));
#7208 = FILL_AREA_STYLE_COLOUR('',#6815);
#7209 = CURVE_STYLE('',#7210,POSITIVE_LENGTH_MEASURE(0.1),#6815);
#7210 = DRAUGHTING_PRE_DEFINED_CURVE_FONT('continuous');
#7211 = STYLED_ITEM('color',(#7212),#2659);
#7212 = PRESENTATION_STYLE_ASSIGNMENT((#7213,#7218));
#7213 = SURFACE_STYLE_USAGE(.BOTH.,#7214);
#7214 = SURFACE_SIDE_STYLE('',(#7215));
#7215 = SURFACE_STYLE_FILL_AREA(#7216);
#7216 = FILL_AREA_STYLE('',(#7217));
#7217 = FILL_AREA_STYLE_COLOUR('',#7001);
#7218 = CURVE_STYLE('',#7219,POSITIVE_LENGTH_MEASURE(0.1),#7001);
#7219 = DRAUGHTING_PRE_DEFINED_CURVE_FONT('continuous');
#7220 = STYLED_ITEM('color',(#7221),#2690);
#7221 = PRESENTATION_STYLE_ASSIGNMENT((#7222,#7227));
#7222 = SURFACE_STYLE_USAGE(.BOTH.,#7223);
#7223 = SURFACE_SIDE_STYLE('',(#7224));
#7224 = SURFACE_STYLE_FILL_AREA(#7225);
#7225 = FILL_AREA_STYLE('',(#7226));
#7226 = FILL_AREA_STYLE_COLOUR('',#6815);
#7227 = CURVE_STYLE('',#7228,POSITIVE_LENGTH_MEASURE(0.1),#6815);
#7228 = DRAUGHTING_PRE_DEFINED_CURVE_FONT('continuous');
#7229 = STYLED_ITEM('color',(#7230),#2721);
#7230 = PRESENTATION_STYLE_ASSIGNMENT((#7231,#7236));
#7231 = SURFACE_STYLE_USAGE(.BOTH.,#7232);
#7232 = SURFACE_SIDE_STYLE('',(#7233));
#7233 = SURFACE_STYLE_FILL_AREA(#7234);
#7234 = FILL_AREA_STYLE('',(#7235));
#7235 = FILL_AREA_STYLE_COLOUR('',#7001);
#7236 = CURVE_STYLE('',#7237,POSITIVE_LENGTH_MEASURE(0.1),#7001);
#7237 = DRAUGHTING_PRE_DEFINED_CURVE_FONT('continuous');
#7238 = STYLED_ITEM('color',(#7239),#2752);
#7239 = PRESENTATION_STYLE_ASSIGNMENT((#7240,#7245));
#7240 = SURFACE_STYLE_USAGE(.BOTH.,#7241);
#7241 = SURFACE_SIDE_STYLE('',(#7242));
#7242 = SURFACE_STYLE_FILL_AREA(#7243);
#7243 = FILL_AREA_STYLE('',(#7244));
#7244 = FILL_AREA_STYLE_COLOUR('',#6815);
#7245 = CURVE_STYLE('',#7246,POSITIVE_LENGTH_MEASURE(0.1),#6815);
#7246 = DRAUGHTING_PRE_DEFINED_CURVE_FONT('continuous');
#7247 = STYLED_ITEM('color',(#7248),#2783);
#7248 = PRESENTATION_STYLE_ASSIGNMENT((#7249,#7254));
#7249 = SURFACE_STYLE_USAGE(.BOTH.,#7250);
#7250 = SURFACE_SIDE_STYLE('',(#7251));
#7251 = SURFACE_STYLE_FILL_AREA(#7252);
#7252 = FILL_AREA_STYLE('',(#7253));
#7253 = FILL_AREA_STYLE_COLOUR('',#7001);
#7254 = CURVE_STYLE('',#7255,POSITIVE_LENGTH_MEASURE(0.1),#7001);
#7255 = DRAUGHTING_PRE_DEFINED_CURVE_FONT('continuous');
#7256 = STYLED_ITEM('color',(#7257),#2814);
#7257 = PRESENTATION_STYLE_ASSIGNMENT((#7258,#7263));
#7258 = SURFACE_STYLE_USAGE(.BOTH.,#7259);
#7259 = SURFACE_SIDE_STYLE('',(#7260));
#7260 = SURFACE_STYLE_FILL_AREA(#7261);
#7261 = FILL_AREA_STYLE('',(#7262));
#7262 = FILL_AREA_STYLE_COLOUR('',#6815);
#7263 = CURVE_STYLE('',#7264,POSITIVE_LENGTH_MEASURE(0.1),#6815);
#7264 = DRAUGHTING_PRE_DEFINED_CURVE_FONT('continuous');
#7265 = STYLED_ITEM('color',(#7266),#2845);
#7266 = PRESENTATION_STYLE_ASSIGNMENT((#7267,#7272));
#7267 = SURFACE_STYLE_USAGE(.BOTH.,#7268);
#7268 = SURFACE_SIDE_STYLE('',(#7269));
#7269 = SURFACE_STYLE_FILL_AREA(#7270);
#7270 = FILL_AREA_STYLE('',(#7271));
#7271 = FILL_AREA_STYLE_COLOUR('',#7001);
#7272 = CURVE_STYLE('',#7273,POSITIVE_LENGTH_MEASURE(0.1),#7001);
#7273 = DRAUGHTING_PRE_DEFINED_CURVE_FONT('continuous');
#7274 = STYLED_ITEM('color',(#7275),#2875);
#7275 = PRESENTATION_STYLE_ASSIGNMENT((#7276,#7281));
#7276 = SURFACE_STYLE_USAGE(.BOTH.,#7277);
#7277 = SURFACE_SIDE_STYLE('',(#7278));
#7278 = SURFACE_STYLE_FILL_AREA(#7279);
#7279 = FILL_AREA_STYLE('',(#7280));
#7280 = FILL_AREA_STYLE_COLOUR('',#7001);
#7281 = CURVE_STYLE('',#7282,POSITIVE_LENGTH_MEASURE(0.1),#7001);
#7282 = DRAUGHTING_PRE_DEFINED_CURVE_FONT('continuous');
#7283 = STYLED_ITEM('color',(#7284),#2898);
#7284 = PRESENTATION_STYLE_ASSIGNMENT((#7285,#7290));
#7285 = SURFACE_STYLE_USAGE(.BOTH.,#7286);
#7286 = SURFACE_SIDE_STYLE('',(#7287));
#7287 = SURFACE_STYLE_FILL_AREA(#7288);
#7288 = FILL_AREA_STYLE('',(#7289));
#7289 = FILL_AREA_STYLE_COLOUR('',#7001);
#7290 = CURVE_STYLE('',#7291,POSITIVE_LENGTH_MEASURE(0.1),#7001);
#7291 = DRAUGHTING_PRE_DEFINED_CURVE_FONT('continuous');
#7292 = STYLED_ITEM('color',(#7293),#2921);
#7293 = PRESENTATION_STYLE_ASSIGNMENT((#7294,#7299));
#7294 = SURFACE_STYLE_USAGE(.BOTH.,#7295);
#7295 = SURFACE_SIDE_STYLE('',(#7296));
#7296 = SURFACE_STYLE_FILL_AREA(#7297);
#7297 = FILL_AREA_STYLE('',(#7298));
#7298 = FILL_AREA_STYLE_COLOUR('',#7001);
#7299 = CURVE_STYLE('',#7300,POSITIVE_LENGTH_MEASURE(0.1),#7001);
#7300 = DRAUGHTING_PRE_DEFINED_CURVE_FONT('continuous');
#7301 = STYLED_ITEM('color',(#7302),#2938);
#7302 = PRESENTATION_STYLE_ASSIGNMENT((#7303,#7308));
#7303 = SURFACE_STYLE_USAGE(.BOTH.,#7304);
#7304 = SURFACE_SIDE_STYLE('',(#7305));
#7305 = SURFACE_STYLE_FILL_AREA(#7306);
#7306 = FILL_AREA_STYLE('',(#7307));
#7307 = FILL_AREA_STYLE_COLOUR('',#6815);
#7308 = CURVE_STYLE('',#7309,POSITIVE_LENGTH_MEASURE(0.1),#6815);
#7309 = DRAUGHTING_PRE_DEFINED_CURVE_FONT('continuous');
#7310 = STYLED_ITEM('color',(#7311),#2983);
#7311 = PRESENTATION_STYLE_ASSIGNMENT((#7312,#7317));
#7312 = SURFACE_STYLE_USAGE(.BOTH.,#7313);
#7313 = SURFACE_SIDE_STYLE('',(#7314));
#7314 = SURFACE_STYLE_FILL_AREA(#7315);
#7315 = FILL_AREA_STYLE('',(#7316));
#7316 = FILL_AREA_STYLE_COLOUR('',#7001);
#7317 = CURVE_STYLE('',#7318,POSITIVE_LENGTH_MEASURE(0.1),#7001);
#7318 = DRAUGHTING_PRE_DEFINED_CURVE_FONT('continuous');
#7319 = STYLED_ITEM('color',(#7320),#3069);
#7320 = PRESENTATION_STYLE_ASSIGNMENT((#7321,#7326));
#7321 = SURFACE_STYLE_USAGE(.BOTH.,#7322);
#7322 = SURFACE_SIDE_STYLE('',(#7323));
#7323 = SURFACE_STYLE_FILL_AREA(#7324);
#7324 = FILL_AREA_STYLE('',(#7325));
#7325 = FILL_AREA_STYLE_COLOUR('',#7001);
#7326 = CURVE_STYLE('',#7327,POSITIVE_LENGTH_MEASURE(0.1),#7001);
#7327 = DRAUGHTING_PRE_DEFINED_CURVE_FONT('continuous');
#7328 = STYLED_ITEM('color',(#7329),#3092);
#7329 = PRESENTATION_STYLE_ASSIGNMENT((#7330,#7335));
#7330 = SURFACE_STYLE_USAGE(.BOTH.,#7331);
#7331 = SURFACE_SIDE_STYLE('',(#7332));
#7332 = SURFACE_STYLE_FILL_AREA(#7333);
#7333 = FILL_AREA_STYLE('',(#7334));
#7334 = FILL_AREA_STYLE_COLOUR('',#7001);
#7335 = CURVE_STYLE('',#7336,POSITIVE_LENGTH_MEASURE(0.1),#7001);
#7336 = DRAUGHTING_PRE_DEFINED_CURVE_FONT('continuous');
#7337 = STYLED_ITEM('color',(#7338),#3115);
#7338 = PRESENTATION_STYLE_ASSIGNMENT((#7339,#7344));
#7339 = SURFACE_STYLE_USAGE(.BOTH.,#7340);
#7340 = SURFACE_SIDE_STYLE('',(#7341));
#7341 = SURFACE_STYLE_FILL_AREA(#7342);
#7342 = FILL_AREA_STYLE('',(#7343));
#7343 = FILL_AREA_STYLE_COLOUR('',#7001);
#7344 = CURVE_STYLE('',#7345,POSITIVE_LENGTH_MEASURE(0.1),#7001);
#7345 = DRAUGHTING_PRE_DEFINED_CURVE_FONT('continuous');
#7346 = STYLED_ITEM('color',(#7347),#3138);
#7347 = PRESENTATION_STYLE_ASSIGNMENT((#7348,#7353));
#7348 = SURFACE_STYLE_USAGE(.BOTH.,#7349);
#7349 = SURFACE_SIDE_STYLE('',(#7350));
#7350 = SURFACE_STYLE_FILL_AREA(#7351);
#7351 = FILL_AREA_STYLE('',(#7352));
#7352 = FILL_AREA_STYLE_COLOUR('',#7001);
#7353 = CURVE_STYLE('',#7354,POSITIVE_LENGTH_MEASURE(0.1),#7001);
#7354 = DRAUGHTING_PRE_DEFINED_CURVE_FONT('continuous');
#7355 = STYLED_ITEM('color',(#7356),#3225);
#7356 = PRESENTATION_STYLE_ASSIGNMENT((#7357,#7362));
#7357 = SURFACE_STYLE_USAGE(.BOTH.,#7358);
#7358 = SURFACE_SIDE_STYLE('',(#7359));
#7359 = SURFACE_STYLE_FILL_AREA(#7360);
#7360 = FILL_AREA_STYLE('',(#7361));
#7361 = FILL_AREA_STYLE_COLOUR('',#6815);
#7362 = CURVE_STYLE('',#7363,POSITIVE_LENGTH_MEASURE(0.1),#6815);
#7363 = DRAUGHTING_PRE_DEFINED_CURVE_FONT('continuous');
#7364 = STYLED_ITEM('color',(#7365),#3263);
#7365 = PRESENTATION_STYLE_ASSIGNMENT((#7366,#7371));
#7366 = SURFACE_STYLE_USAGE(.BOTH.,#7367);
#7367 = SURFACE_SIDE_STYLE('',(#7368));
#7368 = SURFACE_STYLE_FILL_AREA(#7369);
#7369 = FILL_AREA_STYLE('',(#7370));
#7370 = FILL_AREA_STYLE_COLOUR('',#7001);
#7371 = CURVE_STYLE('',#7372,POSITIVE_LENGTH_MEASURE(0.1),#7001);
#7372 = DRAUGHTING_PRE_DEFINED_CURVE_FONT('continuous');
#7373 = STYLED_ITEM('color',(#7374),#3312);
#7374 = PRESENTATION_STYLE_ASSIGNMENT((#7375,#7380));
#7375 = SURFACE_STYLE_USAGE(.BOTH.,#7376);
#7376 = SURFACE_SIDE_STYLE('',(#7377));
#7377 = SURFACE_STYLE_FILL_AREA(#7378);
#7378 = FILL_AREA_STYLE('',(#7379));
#7379 = FILL_AREA_STYLE_COLOUR('',#6815);
#7380 = CURVE_STYLE('',#7381,POSITIVE_LENGTH_MEASURE(0.1),#6815);
#7381 = DRAUGHTING_PRE_DEFINED_CURVE_FONT('continuous');
#7382 = STYLED_ITEM('color',(#7383),#3404);
#7383 = PRESENTATION_STYLE_ASSIGNMENT((#7384,#7389));
#7384 = SURFACE_STYLE_USAGE(.BOTH.,#7385);
#7385 = SURFACE_SIDE_STYLE('',(#7386));
#7386 = SURFACE_STYLE_FILL_AREA(#7387);
#7387 = FILL_AREA_STYLE('',(#7388));
#7388 = FILL_AREA_STYLE_COLOUR('',#6815);
#7389 = CURVE_STYLE('',#7390,POSITIVE_LENGTH_MEASURE(0.1),#6815);
#7390 = DRAUGHTING_PRE_DEFINED_CURVE_FONT('continuous');
#7391 = STYLED_ITEM('color',(#7392),#3429);
#7392 = PRESENTATION_STYLE_ASSIGNMENT((#7393,#7398));
#7393 = SURFACE_STYLE_USAGE(.BOTH.,#7394);
#7394 = SURFACE_SIDE_STYLE('',(#7395));
#7395 = SURFACE_STYLE_FILL_AREA(#7396);
#7396 = FILL_AREA_STYLE('',(#7397));
#7397 = FILL_AREA_STYLE_COLOUR('',#6815);
#7398 = CURVE_STYLE('',#7399,POSITIVE_LENGTH_MEASURE(0.1),#6815);
#7399 = DRAUGHTING_PRE_DEFINED_CURVE_FONT('continuous');
#7400 = STYLED_ITEM('color',(#7401),#3513);
#7401 = PRESENTATION_STYLE_ASSIGNMENT((#7402,#7407));
#7402 = SURFACE_STYLE_USAGE(.BOTH.,#7403);
#7403 = SURFACE_SIDE_STYLE('',(#7404));
#7404 = SURFACE_STYLE_FILL_AREA(#7405);
#7405 = FILL_AREA_STYLE('',(#7406));
#7406 = FILL_AREA_STYLE_COLOUR('',#7001);
#7407 = CURVE_STYLE('',#7408,POSITIVE_LENGTH_MEASURE(0.1),#7001);
#7408 = DRAUGHTING_PRE_DEFINED_CURVE_FONT('continuous');
#7409 = STYLED_ITEM('color',(#7410),#3535);
#7410 = PRESENTATION_STYLE_ASSIGNMENT((#7411,#7416));
#7411 = SURFACE_STYLE_USAGE(.BOTH.,#7412);
#7412 = SURFACE_SIDE_STYLE('',(#7413));
#7413 = SURFACE_STYLE_FILL_AREA(#7414);
#7414 = FILL_AREA_STYLE('',(#7415));
#7415 = FILL_AREA_STYLE_COLOUR('',#6815);
#7416 = CURVE_STYLE('',#7417,POSITIVE_LENGTH_MEASURE(0.1),#6815);
#7417 = DRAUGHTING_PRE_DEFINED_CURVE_FONT('continuous');
#7418 = STYLED_ITEM('color',(#7419),#3627);
#7419 = PRESENTATION_STYLE_ASSIGNMENT((#7420,#7425));
#7420 = SURFACE_STYLE_USAGE(.BOTH.,#7421);
#7421 = SURFACE_SIDE_STYLE('',(#7422));
#7422 = SURFACE_STYLE_FILL_AREA(#7423);
#7423 = FILL_AREA_STYLE('',(#7424));
#7424 = FILL_AREA_STYLE_COLOUR('',#6815);
#7425 = CURVE_STYLE('',#7426,POSITIVE_LENGTH_MEASURE(0.1),#6815);
#7426 = DRAUGHTING_PRE_DEFINED_CURVE_FONT('continuous');
#7427 = STYLED_ITEM('color',(#7428),#3652);
#7428 = PRESENTATION_STYLE_ASSIGNMENT((#7429,#7434));
#7429 = SURFACE_STYLE_USAGE(.BOTH.,#7430);
#7430 = SURFACE_SIDE_STYLE('',(#7431));
#7431 = SURFACE_STYLE_FILL_AREA(#7432);
#7432 = FILL_AREA_STYLE('',(#7433));
#7433 = FILL_AREA_STYLE_COLOUR('',#6815);
#7434 = CURVE_STYLE('',#7435,POSITIVE_LENGTH_MEASURE(0.1),#6815);
#7435 = DRAUGHTING_PRE_DEFINED_CURVE_FONT('continuous');
#7436 = STYLED_ITEM('color',(#7437),#3736);
#7437 = PRESENTATION_STYLE_ASSIGNMENT((#7438,#7443));
#7438 = SURFACE_STYLE_USAGE(.BOTH.,#7439);
#7439 = SURFACE_SIDE_STYLE('',(#7440));
#7440 = SURFACE_STYLE_FILL_AREA(#7441);
#7441 = FILL_AREA_STYLE('',(#7442));
#7442 = FILL_AREA_STYLE_COLOUR('',#7001);
#7443 = CURVE_STYLE('',#7444,POSITIVE_LENGTH_MEASURE(0.1),#7001);
#7444 = DRAUGHTING_PRE_DEFINED_CURVE_FONT('continuous');
#7445 = STYLED_ITEM('color',(#7446),#3758);
#7446 = PRESENTATION_STYLE_ASSIGNMENT((#7447,#7452));
#7447 = SURFACE_STYLE_USAGE(.BOTH.,#7448);
#7448 = SURFACE_SIDE_STYLE('',(#7449));
#7449 = SURFACE_STYLE_FILL_AREA(#7450);
#7450 = FILL_AREA_STYLE('',(#7451));
#7451 = FILL_AREA_STYLE_COLOUR('',#6815);
#7452 = CURVE_STYLE('',#7453,POSITIVE_LENGTH_MEASURE(0.1),#6815);
#7453 = DRAUGHTING_PRE_DEFINED_CURVE_FONT('continuous');
#7454 = STYLED_ITEM('color',(#7455),#3850);
#7455 = PRESENTATION_STYLE_ASSIGNMENT((#7456,#7461));
#7456 = SURFACE_STYLE_USAGE(.BOTH.,#7457);
#7457 = SURFACE_SIDE_STYLE('',(#7458));
#7458 = SURFACE_STYLE_FILL_AREA(#7459);
#7459 = FILL_AREA_STYLE('',(#7460));
#7460 = FILL_AREA_STYLE_COLOUR('',#6815);
#7461 = CURVE_STYLE('',#7462,POSITIVE_LENGTH_MEASURE(0.1),#6815);
#7462 = DRAUGHTING_PRE_DEFINED_CURVE_FONT('continuous');
#7463 = STYLED_ITEM('color',(#7464),#3875);
#7464 = PRESENTATION_STYLE_ASSIGNMENT((#7465,#7470));
#7465 = SURFACE_STYLE_USAGE(.BOTH.,#7466);
#7466 = SURFACE_SIDE_STYLE('',(#7467));
#7467 = SURFACE_STYLE_FILL_AREA(#7468);
#7468 = FILL_AREA_STYLE('',(#7469));
#7469 = FILL_AREA_STYLE_COLOUR('',#6815);
#7470 = CURVE_STYLE('',#7471,POSITIVE_LENGTH_MEASURE(0.1),#6815);
#7471 = DRAUGHTING_PRE_DEFINED_CURVE_FONT('continuous');
#7472 = STYLED_ITEM('color',(#7473),#3959);
#7473 = PRESENTATION_STYLE_ASSIGNMENT((#7474,#7479));
#7474 = SURFACE_STYLE_USAGE(.BOTH.,#7475);
#7475 = SURFACE_SIDE_STYLE('',(#7476));
#7476 = SURFACE_STYLE_FILL_AREA(#7477);
#7477 = FILL_AREA_STYLE('',(#7478));
#7478 = FILL_AREA_STYLE_COLOUR('',#7001);
#7479 = CURVE_STYLE('',#7480,POSITIVE_LENGTH_MEASURE(0.1),#7001);
#7480 = DRAUGHTING_PRE_DEFINED_CURVE_FONT('continuous');
#7481 = STYLED_ITEM('color',(#7482),#3976);
#7482 = PRESENTATION_STYLE_ASSIGNMENT((#7483,#7488));
#7483 = SURFACE_STYLE_USAGE(.BOTH.,#7484);
#7484 = SURFACE_SIDE_STYLE('',(#7485));
#7485 = SURFACE_STYLE_FILL_AREA(#7486);
#7486 = FILL_AREA_STYLE('',(#7487));
#7487 = FILL_AREA_STYLE_COLOUR('',#6815);
#7488 = CURVE_STYLE('',#7489,POSITIVE_LENGTH_MEASURE(0.1),#6815);
#7489 = DRAUGHTING_PRE_DEFINED_CURVE_FONT('continuous');
#7490 = STYLED_ITEM('color',(#7491),#4061);
#7491 = PRESENTATION_STYLE_ASSIGNMENT((#7492,#7497));
#7492 = SURFACE_STYLE_USAGE(.BOTH.,#7493);
#7493 = SURFACE_SIDE_STYLE('',(#7494));
#7494 = SURFACE_STYLE_FILL_AREA(#7495);
#7495 = FILL_AREA_STYLE('',(#7496));
#7496 = FILL_AREA_STYLE_COLOUR('',#6815);
#7497 = CURVE_STYLE('',#7498,POSITIVE_LENGTH_MEASURE(0.1),#6815);
#7498 = DRAUGHTING_PRE_DEFINED_CURVE_FONT('continuous');
#7499 = STYLED_ITEM('color',(#7500),#4086);
#7500 = PRESENTATION_STYLE_ASSIGNMENT((#7501,#7506));
#7501 = SURFACE_STYLE_USAGE(.BOTH.,#7502);
#7502 = SURFACE_SIDE_STYLE('',(#7503));
#7503 = SURFACE_STYLE_FILL_AREA(#7504);
#7504 = FILL_AREA_STYLE('',(#7505));
#7505 = FILL_AREA_STYLE_COLOUR('',#6815);
#7506 = CURVE_STYLE('',#7507,POSITIVE_LENGTH_MEASURE(0.1),#6815);
#7507 = DRAUGHTING_PRE_DEFINED_CURVE_FONT('continuous');
#7508 = STYLED_ITEM('color',(#7509),#4163);
#7509 = PRESENTATION_STYLE_ASSIGNMENT((#7510,#7515));
#7510 = SURFACE_STYLE_USAGE(.BOTH.,#7511);
#7511 = SURFACE_SIDE_STYLE('',(#7512));
#7512 = SURFACE_STYLE_FILL_AREA(#7513);
#7513 = FILL_AREA_STYLE('',(#7514));
#7514 = FILL_AREA_STYLE_COLOUR('',#6815);
#7515 = CURVE_STYLE('',#7516,POSITIVE_LENGTH_MEASURE(0.1),#6815);
#7516 = DRAUGHTING_PRE_DEFINED_CURVE_FONT('continuous');
#7517 = STYLED_ITEM('color',(#7518),#4248);
#7518 = PRESENTATION_STYLE_ASSIGNMENT((#7519,#7524));
#7519 = SURFACE_STYLE_USAGE(.BOTH.,#7520);
#7520 = SURFACE_SIDE_STYLE('',(#7521));
#7521 = SURFACE_STYLE_FILL_AREA(#7522);
#7522 = FILL_AREA_STYLE('',(#7523));
#7523 = FILL_AREA_STYLE_COLOUR('',#6815);
#7524 = CURVE_STYLE('',#7525,POSITIVE_LENGTH_MEASURE(0.1),#6815);
#7525 = DRAUGHTING_PRE_DEFINED_CURVE_FONT('continuous');
#7526 = STYLED_ITEM('color',(#7527),#4273);
#7527 = PRESENTATION_STYLE_ASSIGNMENT((#7528,#7533));
#7528 = SURFACE_STYLE_USAGE(.BOTH.,#7529);
#7529 = SURFACE_SIDE_STYLE('',(#7530));
#7530 = SURFACE_STYLE_FILL_AREA(#7531);
#7531 = FILL_AREA_STYLE('',(#7532));
#7532 = FILL_AREA_STYLE_COLOUR('',#6815);
#7533 = CURVE_STYLE('',#7534,POSITIVE_LENGTH_MEASURE(0.1),#6815);
#7534 = DRAUGHTING_PRE_DEFINED_CURVE_FONT('continuous');
#7535 = STYLED_ITEM('color',(#7536),#4350);
#7536 = PRESENTATION_STYLE_ASSIGNMENT((#7537,#7542));
#7537 = SURFACE_STYLE_USAGE(.BOTH.,#7538);
#7538 = SURFACE_SIDE_STYLE('',(#7539));
#7539 = SURFACE_STYLE_FILL_AREA(#7540);
#7540 = FILL_AREA_STYLE('',(#7541));
#7541 = FILL_AREA_STYLE_COLOUR('',#7001);
#7542 = CURVE_STYLE('',#7543,POSITIVE_LENGTH_MEASURE(0.1),#7001);
#7543 = DRAUGHTING_PRE_DEFINED_CURVE_FONT('continuous');
#7544 = STYLED_ITEM('color',(#7545),#4367);
#7545 = PRESENTATION_STYLE_ASSIGNMENT((#7546,#7551));
#7546 = SURFACE_STYLE_USAGE(.BOTH.,#7547);
#7547 = SURFACE_SIDE_STYLE('',(#7548));
#7548 = SURFACE_STYLE_FILL_AREA(#7549);
#7549 = FILL_AREA_STYLE('',(#7550));
#7550 = FILL_AREA_STYLE_COLOUR('',#6815);
#7551 = CURVE_STYLE('',#7552,POSITIVE_LENGTH_MEASURE(0.1),#6815);
#7552 = DRAUGHTING_PRE_DEFINED_CURVE_FONT('continuous');
#7553 = STYLED_ITEM('color',(#7554),#4459);
#7554 = PRESENTATION_STYLE_ASSIGNMENT((#7555,#7560));
#7555 = SURFACE_STYLE_USAGE(.BOTH.,#7556);
#7556 = SURFACE_SIDE_STYLE('',(#7557));
#7557 = SURFACE_STYLE_FILL_AREA(#7558);
#7558 = FILL_AREA_STYLE('',(#7559));
#7559 = FILL_AREA_STYLE_COLOUR('',#6815);
#7560 = CURVE_STYLE('',#7561,POSITIVE_LENGTH_MEASURE(0.1),#6815);
#7561 = DRAUGHTING_PRE_DEFINED_CURVE_FONT('continuous');
#7562 = STYLED_ITEM('color',(#7563),#4484);
#7563 = PRESENTATION_STYLE_ASSIGNMENT((#7564,#7569));
#7564 = SURFACE_STYLE_USAGE(.BOTH.,#7565);
#7565 = SURFACE_SIDE_STYLE('',(#7566));
#7566 = SURFACE_STYLE_FILL_AREA(#7567);
#7567 = FILL_AREA_STYLE('',(#7568));
#7568 = FILL_AREA_STYLE_COLOUR('',#6815);
#7569 = CURVE_STYLE('',#7570,POSITIVE_LENGTH_MEASURE(0.1),#6815);
#7570 = DRAUGHTING_PRE_DEFINED_CURVE_FONT('continuous');
#7571 = STYLED_ITEM('color',(#7572),#4568);
#7572 = PRESENTATION_STYLE_ASSIGNMENT((#7573,#7578));
#7573 = SURFACE_STYLE_USAGE(.BOTH.,#7574);
#7574 = SURFACE_SIDE_STYLE('',(#7575));
#7575 = SURFACE_STYLE_FILL_AREA(#7576);
#7576 = FILL_AREA_STYLE('',(#7577));
#7577 = FILL_AREA_STYLE_COLOUR('',#7001);
#7578 = CURVE_STYLE('',#7579,POSITIVE_LENGTH_MEASURE(0.1),#7001);
#7579 = DRAUGHTING_PRE_DEFINED_CURVE_FONT('continuous');
#7580 = STYLED_ITEM('color',(#7581),#4590);
#7581 = PRESENTATION_STYLE_ASSIGNMENT((#7582,#7587));
#7582 = SURFACE_STYLE_USAGE(.BOTH.,#7583);
#7583 = SURFACE_SIDE_STYLE('',(#7584));
#7584 = SURFACE_STYLE_FILL_AREA(#7585);
#7585 = FILL_AREA_STYLE('',(#7586));
#7586 = FILL_AREA_STYLE_COLOUR('',#6815);
#7587 = CURVE_STYLE('',#7588,POSITIVE_LENGTH_MEASURE(0.1),#6815);
#7588 = DRAUGHTING_PRE_DEFINED_CURVE_FONT('continuous');
#7589 = STYLED_ITEM('color',(#7590),#4682);
#7590 = PRESENTATION_STYLE_ASSIGNMENT((#7591,#7596));
#7591 = SURFACE_STYLE_USAGE(.BOTH.,#7592);
#7592 = SURFACE_SIDE_STYLE('',(#7593));
#7593 = SURFACE_STYLE_FILL_AREA(#7594);
#7594 = FILL_AREA_STYLE('',(#7595));
#7595 = FILL_AREA_STYLE_COLOUR('',#6815);
#7596 = CURVE_STYLE('',#7597,POSITIVE_LENGTH_MEASURE(0.1),#6815);
#7597 = DRAUGHTING_PRE_DEFINED_CURVE_FONT('continuous');
#7598 = STYLED_ITEM('color',(#7599),#4707);
#7599 = PRESENTATION_STYLE_ASSIGNMENT((#7600,#7605));
#7600 = SURFACE_STYLE_USAGE(.BOTH.,#7601);
#7601 = SURFACE_SIDE_STYLE('',(#7602));
#7602 = SURFACE_STYLE_FILL_AREA(#7603);
#7603 = FILL_AREA_STYLE('',(#7604));
#7604 = FILL_AREA_STYLE_COLOUR('',#6815);
#7605 = CURVE_STYLE('',#7606,POSITIVE_LENGTH_MEASURE(0.1),#6815);
#7606 = DRAUGHTING_PRE_DEFINED_CURVE_FONT('continuous');
#7607 = STYLED_ITEM('color',(#7608),#4791);
#7608 = PRESENTATION_STYLE_ASSIGNMENT((#7609,#7614));
#7609 = SURFACE_STYLE_USAGE(.BOTH.,#7610);
#7610 = SURFACE_SIDE_STYLE('',(#7611));
#7611 = SURFACE_STYLE_FILL_AREA(#7612);
#7612 = FILL_AREA_STYLE('',(#7613));
#7613 = FILL_AREA_STYLE_COLOUR('',#7001);
#7614 = CURVE_STYLE('',#7615,POSITIVE_LENGTH_MEASURE(0.1),#7001);
#7615 = DRAUGHTING_PRE_DEFINED_CURVE_FONT('continuous');
#7616 = STYLED_ITEM('color',(#7617),#4813);
#7617 = PRESENTATION_STYLE_ASSIGNMENT((#7618,#7623));
#7618 = SURFACE_STYLE_USAGE(.BOTH.,#7619);
#7619 = SURFACE_SIDE_STYLE('',(#7620));
#7620 = SURFACE_STYLE_FILL_AREA(#7621);
#7621 = FILL_AREA_STYLE('',(#7622));
#7622 = FILL_AREA_STYLE_COLOUR('',#6815);
#7623 = CURVE_STYLE('',#7624,POSITIVE_LENGTH_MEASURE(0.1),#6815);
#7624 = DRAUGHTING_PRE_DEFINED_CURVE_FONT('continuous');
#7625 = STYLED_ITEM('color',(#7626),#4905);
#7626 = PRESENTATION_STYLE_ASSIGNMENT((#7627,#7632));
#7627 = SURFACE_STYLE_USAGE(.BOTH.,#7628);
#7628 = SURFACE_SIDE_STYLE('',(#7629));
#7629 = SURFACE_STYLE_FILL_AREA(#7630);
#7630 = FILL_AREA_STYLE('',(#7631));
#7631 = FILL_AREA_STYLE_COLOUR('',#6815);
#7632 = CURVE_STYLE('',#7633,POSITIVE_LENGTH_MEASURE(0.1),#6815);
#7633 = DRAUGHTING_PRE_DEFINED_CURVE_FONT('continuous');
#7634 = STYLED_ITEM('color',(#7635),#4930);
#7635 = PRESENTATION_STYLE_ASSIGNMENT((#7636,#7641));
#7636 = SURFACE_STYLE_USAGE(.BOTH.,#7637);
#7637 = SURFACE_SIDE_STYLE('',(#7638));
#7638 = SURFACE_STYLE_FILL_AREA(#7639);
#7639 = FILL_AREA_STYLE('',(#7640));
#7640 = FILL_AREA_STYLE_COLOUR('',#6815);
#7641 = CURVE_STYLE('',#7642,POSITIVE_LENGTH_MEASURE(0.1),#6815);
#7642 = DRAUGHTING_PRE_DEFINED_CURVE_FONT('continuous');
#7643 = STYLED_ITEM('color',(#7644),#5014);
#7644 = PRESENTATION_STYLE_ASSIGNMENT((#7645,#7650));
#7645 = SURFACE_STYLE_USAGE(.BOTH.,#7646);
#7646 = SURFACE_SIDE_STYLE('',(#7647));
#7647 = SURFACE_STYLE_FILL_AREA(#7648);
#7648 = FILL_AREA_STYLE('',(#7649));
#7649 = FILL_AREA_STYLE_COLOUR('',#6815);
#7650 = CURVE_STYLE('',#7651,POSITIVE_LENGTH_MEASURE(0.1),#6815);
#7651 = DRAUGHTING_PRE_DEFINED_CURVE_FONT('continuous');
#7652 = STYLED_ITEM('color',(#7653),#5031);
#7653 = PRESENTATION_STYLE_ASSIGNMENT((#7654,#7659));
#7654 = SURFACE_STYLE_USAGE(.BOTH.,#7655);
#7655 = SURFACE_SIDE_STYLE('',(#7656));
#7656 = SURFACE_STYLE_FILL_AREA(#7657);
#7657 = FILL_AREA_STYLE('',(#7658));
#7658 = FILL_AREA_STYLE_COLOUR('',#6815);
#7659 = CURVE_STYLE('',#7660,POSITIVE_LENGTH_MEASURE(0.1),#6815);
#7660 = DRAUGHTING_PRE_DEFINED_CURVE_FONT('continuous');
#7661 = STYLED_ITEM('color',(#7662),#5050);
#7662 = PRESENTATION_STYLE_ASSIGNMENT((#7663,#7668));
#7663 = SURFACE_STYLE_USAGE(.BOTH.,#7664);
#7664 = SURFACE_SIDE_STYLE('',(#7665));
#7665 = SURFACE_STYLE_FILL_AREA(#7666);
#7666 = FILL_AREA_STYLE('',(#7667));
#7667 = FILL_AREA_STYLE_COLOUR('',#6815);
#7668 = CURVE_STYLE('',#7669,POSITIVE_LENGTH_MEASURE(0.1),#6815);
#7669 = DRAUGHTING_PRE_DEFINED_CURVE_FONT('continuous');
#7670 = STYLED_ITEM('color',(#7671),#5069);
#7671 = PRESENTATION_STYLE_ASSIGNMENT((#7672,#7677));
#7672 = SURFACE_STYLE_USAGE(.BOTH.,#7673);
#7673 = SURFACE_SIDE_STYLE('',(#7674));
#7674 = SURFACE_STYLE_FILL_AREA(#7675);
#7675 = FILL_AREA_STYLE('',(#7676));
#7676 = FILL_AREA_STYLE_COLOUR('',#6815);
#7677 = CURVE_STYLE('',#7678,POSITIVE_LENGTH_MEASURE(0.1),#6815);
#7678 = DRAUGHTING_PRE_DEFINED_CURVE_FONT('continuous');
#7679 = STYLED_ITEM('color',(#7680),#5088);
#7680 = PRESENTATION_STYLE_ASSIGNMENT((#7681,#7686));
#7681 = SURFACE_STYLE_USAGE(.BOTH.,#7682);
#7682 = SURFACE_SIDE_STYLE('',(#7683));
#7683 = SURFACE_STYLE_FILL_AREA(#7684);
#7684 = FILL_AREA_STYLE('',(#7685));
#7685 = FILL_AREA_STYLE_COLOUR('',#7001);
#7686 = CURVE_STYLE('',#7687,POSITIVE_LENGTH_MEASURE(0.1),#7001);
#7687 = DRAUGHTING_PRE_DEFINED_CURVE_FONT('continuous');
#7688 = STYLED_ITEM('color',(#7689),#5134);
#7689 = PRESENTATION_STYLE_ASSIGNMENT((#7690,#7695));
#7690 = SURFACE_STYLE_USAGE(.BOTH.,#7691);
#7691 = SURFACE_SIDE_STYLE('',(#7692));
#7692 = SURFACE_STYLE_FILL_AREA(#7693);
#7693 = FILL_AREA_STYLE('',(#7694));
#7694 = FILL_AREA_STYLE_COLOUR('',#7001);
#7695 = CURVE_STYLE('',#7696,POSITIVE_LENGTH_MEASURE(0.1),#7001);
#7696 = DRAUGHTING_PRE_DEFINED_CURVE_FONT('continuous');
#7697 = STYLED_ITEM('color',(#7698),#5150);
#7698 = PRESENTATION_STYLE_ASSIGNMENT((#7699,#7704));
#7699 = SURFACE_STYLE_USAGE(.BOTH.,#7700);
#7700 = SURFACE_SIDE_STYLE('',(#7701));
#7701 = SURFACE_STYLE_FILL_AREA(#7702);
#7702 = FILL_AREA_STYLE('',(#7703));
#7703 = FILL_AREA_STYLE_COLOUR('',#6815);
#7704 = CURVE_STYLE('',#7705,POSITIVE_LENGTH_MEASURE(0.1),#6815);
#7705 = DRAUGHTING_PRE_DEFINED_CURVE_FONT('continuous');
#7706 = STYLED_ITEM('color',(#7707),#5169);
#7707 = PRESENTATION_STYLE_ASSIGNMENT((#7708,#7713));
#7708 = SURFACE_STYLE_USAGE(.BOTH.,#7709);
#7709 = SURFACE_SIDE_STYLE('',(#7710));
#7710 = SURFACE_STYLE_FILL_AREA(#7711);
#7711 = FILL_AREA_STYLE('',(#7712));
#7712 = FILL_AREA_STYLE_COLOUR('',#6815);
#7713 = CURVE_STYLE('',#7714,POSITIVE_LENGTH_MEASURE(0.1),#6815);
#7714 = DRAUGHTING_PRE_DEFINED_CURVE_FONT('continuous');
#7715 = STYLED_ITEM('color',(#7716),#5188);
#7716 = PRESENTATION_STYLE_ASSIGNMENT((#7717,#7722));
#7717 = SURFACE_STYLE_USAGE(.BOTH.,#7718);
#7718 = SURFACE_SIDE_STYLE('',(#7719));
#7719 = SURFACE_STYLE_FILL_AREA(#7720);
#7720 = FILL_AREA_STYLE('',(#7721));
#7721 = FILL_AREA_STYLE_COLOUR('',#6815);
#7722 = CURVE_STYLE('',#7723,POSITIVE_LENGTH_MEASURE(0.1),#6815);
#7723 = DRAUGHTING_PRE_DEFINED_CURVE_FONT('continuous');
#7724 = STYLED_ITEM('color',(#7725),#5207);
#7725 = PRESENTATION_STYLE_ASSIGNMENT((#7726,#7731));
#7726 = SURFACE_STYLE_USAGE(.BOTH.,#7727);
#7727 = SURFACE_SIDE_STYLE('',(#7728));
#7728 = SURFACE_STYLE_FILL_AREA(#7729);
#7729 = FILL_AREA_STYLE('',(#7730));
#7730 = FILL_AREA_STYLE_COLOUR('',#7001);
#7731 = CURVE_STYLE('',#7732,POSITIVE_LENGTH_MEASURE(0.1),#7001);
#7732 = DRAUGHTING_PRE_DEFINED_CURVE_FONT('continuous');
#7733 = STYLED_ITEM('color',(#7734),#5223);
#7734 = PRESENTATION_STYLE_ASSIGNMENT((#7735,#7740));
#7735 = SURFACE_STYLE_USAGE(.BOTH.,#7736);
#7736 = SURFACE_SIDE_STYLE('',(#7737));
#7737 = SURFACE_STYLE_FILL_AREA(#7738);
#7738 = FILL_AREA_STYLE('',(#7739));
#7739 = FILL_AREA_STYLE_COLOUR('',#6815);
#7740 = CURVE_STYLE('',#7741,POSITIVE_LENGTH_MEASURE(0.1),#6815);
#7741 = DRAUGHTING_PRE_DEFINED_CURVE_FONT('continuous');
#7742 = STYLED_ITEM('color',(#7743),#5240);
#7743 = PRESENTATION_STYLE_ASSIGNMENT((#7744,#7749));
#7744 = SURFACE_STYLE_USAGE(.BOTH.,#7745);
#7745 = SURFACE_SIDE_STYLE('',(#7746));
#7746 = SURFACE_STYLE_FILL_AREA(#7747);
#7747 = FILL_AREA_STYLE('',(#7748));
#7748 = FILL_AREA_STYLE_COLOUR('',#7001);
#7749 = CURVE_STYLE('',#7750,POSITIVE_LENGTH_MEASURE(0.1),#7001);
#7750 = DRAUGHTING_PRE_DEFINED_CURVE_FONT('continuous');
#7751 = STYLED_ITEM('color',(#7752),#5252);
#7752 = PRESENTATION_STYLE_ASSIGNMENT((#7753,#7758));
#7753 = SURFACE_STYLE_USAGE(.BOTH.,#7754);
#7754 = SURFACE_SIDE_STYLE('',(#7755));
#7755 = SURFACE_STYLE_FILL_AREA(#7756);
#7756 = FILL_AREA_STYLE('',(#7757));
#7757 = FILL_AREA_STYLE_COLOUR('',#6815);
#7758 = CURVE_STYLE('',#7759,POSITIVE_LENGTH_MEASURE(0.1),#6815);
#7759 = DRAUGHTING_PRE_DEFINED_CURVE_FONT('continuous');
#7760 = STYLED_ITEM('color',(#7761),#5269);
#7761 = PRESENTATION_STYLE_ASSIGNMENT((#7762,#7767));
#7762 = SURFACE_STYLE_USAGE(.BOTH.,#7763);
#7763 = SURFACE_SIDE_STYLE('',(#7764));
#7764 = SURFACE_STYLE_FILL_AREA(#7765);
#7765 = FILL_AREA_STYLE('',(#7766));
#7766 = FILL_AREA_STYLE_COLOUR('',#6815);
#7767 = CURVE_STYLE('',#7768,POSITIVE_LENGTH_MEASURE(0.1),#6815);
#7768 = DRAUGHTING_PRE_DEFINED_CURVE_FONT('continuous');
#7769 = STYLED_ITEM('color',(#7770),#5286);
#7770 = PRESENTATION_STYLE_ASSIGNMENT((#7771,#7776));
#7771 = SURFACE_STYLE_USAGE(.BOTH.,#7772);
#7772 = SURFACE_SIDE_STYLE('',(#7773));
#7773 = SURFACE_STYLE_FILL_AREA(#7774);
#7774 = FILL_AREA_STYLE('',(#7775));
#7775 = FILL_AREA_STYLE_COLOUR('',#6815);
#7776 = CURVE_STYLE('',#7777,POSITIVE_LENGTH_MEASURE(0.1),#6815);
#7777 = DRAUGHTING_PRE_DEFINED_CURVE_FONT('continuous');
#7778 = STYLED_ITEM('color',(#7779),#5303);
#7779 = PRESENTATION_STYLE_ASSIGNMENT((#7780,#7785));
#7780 = SURFACE_STYLE_USAGE(.BOTH.,#7781);
#7781 = SURFACE_SIDE_STYLE('',(#7782));
#7782 = SURFACE_STYLE_FILL_AREA(#7783);
#7783 = FILL_AREA_STYLE('',(#7784));
#7784 = FILL_AREA_STYLE_COLOUR('',#6815);
#7785 = CURVE_STYLE('',#7786,POSITIVE_LENGTH_MEASURE(0.1),#6815);
#7786 = DRAUGHTING_PRE_DEFINED_CURVE_FONT('continuous');
#7787 = STYLED_ITEM('color',(#7788),#5320);
#7788 = PRESENTATION_STYLE_ASSIGNMENT((#7789,#7794));
#7789 = SURFACE_STYLE_USAGE(.BOTH.,#7790);
#7790 = SURFACE_SIDE_STYLE('',(#7791));
#7791 = SURFACE_STYLE_FILL_AREA(#7792);
#7792 = FILL_AREA_STYLE('',(#7793));
#7793 = FILL_AREA_STYLE_COLOUR('',#6815);
#7794 = CURVE_STYLE('',#7795,POSITIVE_LENGTH_MEASURE(0.1),#6815);
#7795 = DRAUGHTING_PRE_DEFINED_CURVE_FONT('continuous');
#7796 = STYLED_ITEM('color',(#7797),#5337);
#7797 = PRESENTATION_STYLE_ASSIGNMENT((#7798,#7803));
#7798 = SURFACE_STYLE_USAGE(.BOTH.,#7799);
#7799 = SURFACE_SIDE_STYLE('',(#7800));
#7800 = SURFACE_STYLE_FILL_AREA(#7801);
#7801 = FILL_AREA_STYLE('',(#7802));
#7802 = FILL_AREA_STYLE_COLOUR('',#6815);
#7803 = CURVE_STYLE('',#7804,POSITIVE_LENGTH_MEASURE(0.1),#6815);
#7804 = DRAUGHTING_PRE_DEFINED_CURVE_FONT('continuous');
#7805 = STYLED_ITEM('color',(#7806),#5354);
#7806 = PRESENTATION_STYLE_ASSIGNMENT((#7807,#7812));
#7807 = SURFACE_STYLE_USAGE(.BOTH.,#7808);
#7808 = SURFACE_SIDE_STYLE('',(#7809));
#7809 = SURFACE_STYLE_FILL_AREA(#7810);
#7810 = FILL_AREA_STYLE('',(#7811));
#7811 = FILL_AREA_STYLE_COLOUR('',#6815);
#7812 = CURVE_STYLE('',#7813,POSITIVE_LENGTH_MEASURE(0.1),#6815);
#7813 = DRAUGHTING_PRE_DEFINED_CURVE_FONT('continuous');
#7814 = STYLED_ITEM('color',(#7815),#5371);
#7815 = PRESENTATION_STYLE_ASSIGNMENT((#7816,#7821));
#7816 = SURFACE_STYLE_USAGE(.BOTH.,#7817);
#7817 = SURFACE_SIDE_STYLE('',(#7818));
#7818 = SURFACE_STYLE_FILL_AREA(#7819);
#7819 = FILL_AREA_STYLE('',(#7820));
#7820 = FILL_AREA_STYLE_COLOUR('',#6815);
#7821 = CURVE_STYLE('',#7822,POSITIVE_LENGTH_MEASURE(0.1),#6815);
#7822 = DRAUGHTING_PRE_DEFINED_CURVE_FONT('continuous');
#7823 = STYLED_ITEM('color',(#7824),#5383);
#7824 = PRESENTATION_STYLE_ASSIGNMENT((#7825,#7830));
#7825 = SURFACE_STYLE_USAGE(.BOTH.,#7826);
#7826 = SURFACE_SIDE_STYLE('',(#7827));
#7827 = SURFACE_STYLE_FILL_AREA(#7828);
#7828 = FILL_AREA_STYLE('',(#7829));
#7829 = FILL_AREA_STYLE_COLOUR('',#6815);
#7830 = CURVE_STYLE('',#7831,POSITIVE_LENGTH_MEASURE(0.1),#6815);
#7831 = DRAUGHTING_PRE_DEFINED_CURVE_FONT('continuous');
#7832 = STYLED_ITEM('color',(#7833),#5400);
#7833 = PRESENTATION_STYLE_ASSIGNMENT((#7834,#7839));
#7834 = SURFACE_STYLE_USAGE(.BOTH.,#7835);
#7835 = SURFACE_SIDE_STYLE('',(#7836));
#7836 = SURFACE_STYLE_FILL_AREA(#7837);
#7837 = FILL_AREA_STYLE('',(#7838));
#7838 = FILL_AREA_STYLE_COLOUR('',#6815);
#7839 = CURVE_STYLE('',#7840,POSITIVE_LENGTH_MEASURE(0.1),#6815);
#7840 = DRAUGHTING_PRE_DEFINED_CURVE_FONT('continuous');
#7841 = STYLED_ITEM('color',(#7842),#5417);
#7842 = PRESENTATION_STYLE_ASSIGNMENT((#7843,#7848));
#7843 = SURFACE_STYLE_USAGE(.BOTH.,#7844);
#7844 = SURFACE_SIDE_STYLE('',(#7845));
#7845 = SURFACE_STYLE_FILL_AREA(#7846);
#7846 = FILL_AREA_STYLE('',(#7847));
#7847 = FILL_AREA_STYLE_COLOUR('',#6815);
#7848 = CURVE_STYLE('',#7849,POSITIVE_LENGTH_MEASURE(0.1),#6815);
#7849 = DRAUGHTING_PRE_DEFINED_CURVE_FONT('continuous');
#7850 = STYLED_ITEM('color',(#7851),#5434);
#7851 = PRESENTATION_STYLE_ASSIGNMENT((#7852,#7857));
#7852 = SURFACE_STYLE_USAGE(.BOTH.,#7853);
#7853 = SURFACE_SIDE_STYLE('',(#7854));
#7854 = SURFACE_STYLE_FILL_AREA(#7855);
#7855 = FILL_AREA_STYLE('',(#7856));
#7856 = FILL_AREA_STYLE_COLOUR('',#6815);
#7857 = CURVE_STYLE('',#7858,POSITIVE_LENGTH_MEASURE(0.1),#6815);
#7858 = DRAUGHTING_PRE_DEFINED_CURVE_FONT('continuous');
#7859 = STYLED_ITEM('color',(#7860),#5451);
#7860 = PRESENTATION_STYLE_ASSIGNMENT((#7861,#7866));
#7861 = SURFACE_STYLE_USAGE(.BOTH.,#7862);
#7862 = SURFACE_SIDE_STYLE('',(#7863));
#7863 = SURFACE_STYLE_FILL_AREA(#7864);
#7864 = FILL_AREA_STYLE('',(#7865));
#7865 = FILL_AREA_STYLE_COLOUR('',#6815);
#7866 = CURVE_STYLE('',#7867,POSITIVE_LENGTH_MEASURE(0.1),#6815);
#7867 = DRAUGHTING_PRE_DEFINED_CURVE_FONT('continuous');
#7868 = STYLED_ITEM('color',(#7869),#5468);
#7869 = PRESENTATION_STYLE_ASSIGNMENT((#7870,#7875));
#7870 = SURFACE_STYLE_USAGE(.BOTH.,#7871);
#7871 = SURFACE_SIDE_STYLE('',(#7872));
#7872 = SURFACE_STYLE_FILL_AREA(#7873);
#7873 = FILL_AREA_STYLE('',(#7874));
#7874 = FILL_AREA_STYLE_COLOUR('',#6815);
#7875 = CURVE_STYLE('',#7876,POSITIVE_LENGTH_MEASURE(0.1),#6815);
#7876 = DRAUGHTING_PRE_DEFINED_CURVE_FONT('continuous');
#7877 = STYLED_ITEM('color',(#7878),#5485);
#7878 = PRESENTATION_STYLE_ASSIGNMENT((#7879,#7884));
#7879 = SURFACE_STYLE_USAGE(.BOTH.,#7880);
#7880 = SURFACE_SIDE_STYLE('',(#7881));
#7881 = SURFACE_STYLE_FILL_AREA(#7882);
#7882 = FILL_AREA_STYLE('',(#7883));
#7883 = FILL_AREA_STYLE_COLOUR('',#6815);
#7884 = CURVE_STYLE('',#7885,POSITIVE_LENGTH_MEASURE(0.1),#6815);
#7885 = DRAUGHTING_PRE_DEFINED_CURVE_FONT('continuous');
#7886 = STYLED_ITEM('color',(#7887),#5502);
#7887 = PRESENTATION_STYLE_ASSIGNMENT((#7888,#7893));
#7888 = SURFACE_STYLE_USAGE(.BOTH.,#7889);
#7889 = SURFACE_SIDE_STYLE('',(#7890));
#7890 = SURFACE_STYLE_FILL_AREA(#7891);
#7891 = FILL_AREA_STYLE('',(#7892));
#7892 = FILL_AREA_STYLE_COLOUR('',#6815);
#7893 = CURVE_STYLE('',#7894,POSITIVE_LENGTH_MEASURE(0.1),#6815);
#7894 = DRAUGHTING_PRE_DEFINED_CURVE_FONT('continuous');
#7895 = STYLED_ITEM('color',(#7896),#5514);
#7896 = PRESENTATION_STYLE_ASSIGNMENT((#7897,#7902));
#7897 = SURFACE_STYLE_USAGE(.BOTH.,#7898);
#7898 = SURFACE_SIDE_STYLE('',(#7899));
#7899 = SURFACE_STYLE_FILL_AREA(#7900);
#7900 = FILL_AREA_STYLE('',(#7901));
#7901 = FILL_AREA_STYLE_COLOUR('',#6815);
#7902 = CURVE_STYLE('',#7903,POSITIVE_LENGTH_MEASURE(0.1),#6815);
#7903 = DRAUGHTING_PRE_DEFINED_CURVE_FONT('continuous');
#7904 = STYLED_ITEM('color',(#7905),#5531);
#7905 = PRESENTATION_STYLE_ASSIGNMENT((#7906,#7911));
#7906 = SURFACE_STYLE_USAGE(.BOTH.,#7907);
#7907 = SURFACE_SIDE_STYLE('',(#7908));
#7908 = SURFACE_STYLE_FILL_AREA(#7909);
#7909 = FILL_AREA_STYLE('',(#7910));
#7910 = FILL_AREA_STYLE_COLOUR('',#6815);
#7911 = CURVE_STYLE('',#7912,POSITIVE_LENGTH_MEASURE(0.1),#6815);
#7912 = DRAUGHTING_PRE_DEFINED_CURVE_FONT('continuous');
#7913 = STYLED_ITEM('color',(#7914),#5548);
#7914 = PRESENTATION_STYLE_ASSIGNMENT((#7915,#7920));
#7915 = SURFACE_STYLE_USAGE(.BOTH.,#7916);
#7916 = SURFACE_SIDE_STYLE('',(#7917));
#7917 = SURFACE_STYLE_FILL_AREA(#7918);
#7918 = FILL_AREA_STYLE('',(#7919));
#7919 = FILL_AREA_STYLE_COLOUR('',#6815);
#7920 = CURVE_STYLE('',#7921,POSITIVE_LENGTH_MEASURE(0.1),#6815);
#7921 = DRAUGHTING_PRE_DEFINED_CURVE_FONT('continuous');
#7922 = STYLED_ITEM('color',(#7923),#5565);
#7923 = PRESENTATION_STYLE_ASSIGNMENT((#7924,#7929));
#7924 = SURFACE_STYLE_USAGE(.BOTH.,#7925);
#7925 = SURFACE_SIDE_STYLE('',(#7926));
#7926 = SURFACE_STYLE_FILL_AREA(#7927);
#7927 = FILL_AREA_STYLE('',(#7928));
#7928 = FILL_AREA_STYLE_COLOUR('',#6815);
#7929 = CURVE_STYLE('',#7930,POSITIVE_LENGTH_MEASURE(0.1),#6815);
#7930 = DRAUGHTING_PRE_DEFINED_CURVE_FONT('continuous');
#7931 = STYLED_ITEM('color',(#7932),#5582);
#7932 = PRESENTATION_STYLE_ASSIGNMENT((#7933,#7938));
#7933 = SURFACE_STYLE_USAGE(.BOTH.,#7934);
#7934 = SURFACE_SIDE_STYLE('',(#7935));
#7935 = SURFACE_STYLE_FILL_AREA(#7936);
#7936 = FILL_AREA_STYLE('',(#7937));
#7937 = FILL_AREA_STYLE_COLOUR('',#6815);
#7938 = CURVE_STYLE('',#7939,POSITIVE_LENGTH_MEASURE(0.1),#6815);
#7939 = DRAUGHTING_PRE_DEFINED_CURVE_FONT('continuous');
#7940 = STYLED_ITEM('color',(#7941),#5599);
#7941 = PRESENTATION_STYLE_ASSIGNMENT((#7942,#7947));
#7942 = SURFACE_STYLE_USAGE(.BOTH.,#7943);
#7943 = SURFACE_SIDE_STYLE('',(#7944));
#7944 = SURFACE_STYLE_FILL_AREA(#7945);
#7945 = FILL_AREA_STYLE('',(#7946));
#7946 = FILL_AREA_STYLE_COLOUR('',#6815);
#7947 = CURVE_STYLE('',#7948,POSITIVE_LENGTH_MEASURE(0.1),#6815);
#7948 = DRAUGHTING_PRE_DEFINED_CURVE_FONT('continuous');
#7949 = STYLED_ITEM('color',(#7950),#5616);
#7950 = PRESENTATION_STYLE_ASSIGNMENT((#7951,#7956));
#7951 = SURFACE_STYLE_USAGE(.BOTH.,#7952);
#7952 = SURFACE_SIDE_STYLE('',(#7953));
#7953 = SURFACE_STYLE_FILL_AREA(#7954);
#7954 = FILL_AREA_STYLE('',(#7955));
#7955 = FILL_AREA_STYLE_COLOUR('',#6815);
#7956 = CURVE_STYLE('',#7957,POSITIVE_LENGTH_MEASURE(0.1),#6815);
#7957 = DRAUGHTING_PRE_DEFINED_CURVE_FONT('continuous');
#7958 = STYLED_ITEM('color',(#7959),#5633);
#7959 = PRESENTATION_STYLE_ASSIGNMENT((#7960,#7965));
#7960 = SURFACE_STYLE_USAGE(.BOTH.,#7961);
#7961 = SURFACE_SIDE_STYLE('',(#7962));
#7962 = SURFACE_STYLE_FILL_AREA(#7963);
#7963 = FILL_AREA_STYLE('',(#7964));
#7964 = FILL_AREA_STYLE_COLOUR('',#6815);
#7965 = CURVE_STYLE('',#7966,POSITIVE_LENGTH_MEASURE(0.1),#6815);
#7966 = DRAUGHTING_PRE_DEFINED_CURVE_FONT('continuous');
#7967 = STYLED_ITEM('color',(#7968),#5645);
#7968 = PRESENTATION_STYLE_ASSIGNMENT((#7969,#7974));
#7969 = SURFACE_STYLE_USAGE(.BOTH.,#7970);
#7970 = SURFACE_SIDE_STYLE('',(#7971));
#7971 = SURFACE_STYLE_FILL_AREA(#7972);
#7972 = FILL_AREA_STYLE('',(#7973));
#7973 = FILL_AREA_STYLE_COLOUR('',#6815);
#7974 = CURVE_STYLE('',#7975,POSITIVE_LENGTH_MEASURE(0.1),#6815);
#7975 = DRAUGHTING_PRE_DEFINED_CURVE_FONT('continuous');
#7976 = STYLED_ITEM('color',(#7977),#5662);
#7977 = PRESENTATION_STYLE_ASSIGNMENT((#7978,#7983));
#7978 = SURFACE_STYLE_USAGE(.BOTH.,#7979);
#7979 = SURFACE_SIDE_STYLE('',(#7980));
#7980 = SURFACE_STYLE_FILL_AREA(#7981);
#7981 = FILL_AREA_STYLE('',(#7982));
#7982 = FILL_AREA_STYLE_COLOUR('',#6815);
#7983 = CURVE_STYLE('',#7984,POSITIVE_LENGTH_MEASURE(0.1),#6815);
#7984 = DRAUGHTING_PRE_DEFINED_CURVE_FONT('continuous');
#7985 = STYLED_ITEM('color',(#7986),#5679);
#7986 = PRESENTATION_STYLE_ASSIGNMENT((#7987,#7992));
#7987 = SURFACE_STYLE_USAGE(.BOTH.,#7988);
#7988 = SURFACE_SIDE_STYLE('',(#7989));
#7989 = SURFACE_STYLE_FILL_AREA(#7990);
#7990 = FILL_AREA_STYLE('',(#7991));
#7991 = FILL_AREA_STYLE_COLOUR('',#6815);
#7992 = CURVE_STYLE('',#7993,POSITIVE_LENGTH_MEASURE(0.1),#6815);
#7993 = DRAUGHTING_PRE_DEFINED_CURVE_FONT('continuous');
#7994 = STYLED_ITEM('color',(#7995),#5696);
#7995 = PRESENTATION_STYLE_ASSIGNMENT((#7996,#8001));
#7996 = SURFACE_STYLE_USAGE(.BOTH.,#7997);
#7997 = SURFACE_SIDE_STYLE('',(#7998));
#7998 = SURFACE_STYLE_FILL_AREA(#7999);
#7999 = FILL_AREA_STYLE('',(#8000));
#8000 = FILL_AREA_STYLE_COLOUR('',#6815);
#8001 = CURVE_STYLE('',#8002,POSITIVE_LENGTH_MEASURE(0.1),#6815);
#8002 = DRAUGHTING_PRE_DEFINED_CURVE_FONT('continuous');
#8003 = STYLED_ITEM('color',(#8004),#5713);
#8004 = PRESENTATION_STYLE_ASSIGNMENT((#8005,#8010));
#8005 = SURFACE_STYLE_USAGE(.BOTH.,#8006);
#8006 = SURFACE_SIDE_STYLE('',(#8007));
#8007 = SURFACE_STYLE_FILL_AREA(#8008);
#8008 = FILL_AREA_STYLE('',(#8009));
#8009 = FILL_AREA_STYLE_COLOUR('',#6815);
#8010 = CURVE_STYLE('',#8011,POSITIVE_LENGTH_MEASURE(0.1),#6815);
#8011 = DRAUGHTING_PRE_DEFINED_CURVE_FONT('continuous');
#8012 = STYLED_ITEM('color',(#8013),#5730);
#8013 = PRESENTATION_STYLE_ASSIGNMENT((#8014,#8019));
#8014 = SURFACE_STYLE_USAGE(.BOTH.,#8015);
#8015 = SURFACE_SIDE_STYLE('',(#8016));
#8016 = SURFACE_STYLE_FILL_AREA(#8017);
#8017 = FILL_AREA_STYLE('',(#8018));
#8018 = FILL_AREA_STYLE_COLOUR('',#6815);
#8019 = CURVE_STYLE('',#8020,POSITIVE_LENGTH_MEASURE(0.1),#6815);
#8020 = DRAUGHTING_PRE_DEFINED_CURVE_FONT('continuous');
#8021 = STYLED_ITEM('color',(#8022),#5747);
#8022 = PRESENTATION_STYLE_ASSIGNMENT((#8023,#8028));
#8023 = SURFACE_STYLE_USAGE(.BOTH.,#8024);
#8024 = SURFACE_SIDE_STYLE('',(#8025));
#8025 = SURFACE_STYLE_FILL_AREA(#8026);
#8026 = FILL_AREA_STYLE('',(#8027));
#8027 = FILL_AREA_STYLE_COLOUR('',#6815);
#8028 = CURVE_STYLE('',#8029,POSITIVE_LENGTH_MEASURE(0.1),#6815);
#8029 = DRAUGHTING_PRE_DEFINED_CURVE_FONT('continuous');
#8030 = STYLED_ITEM('color',(#8031),#5759);
#8031 = PRESENTATION_STYLE_ASSIGNMENT((#8032,#8037));
#8032 = SURFACE_STYLE_USAGE(.BOTH.,#8033);
#8033 = SURFACE_SIDE_STYLE('',(#8034));
#8034 = SURFACE_STYLE_FILL_AREA(#8035);
#8035 = FILL_AREA_STYLE('',(#8036));
#8036 = FILL_AREA_STYLE_COLOUR('',#6815);
#8037 = CURVE_STYLE('',#8038,POSITIVE_LENGTH_MEASURE(0.1),#6815);
#8038 = DRAUGHTING_PRE_DEFINED_CURVE_FONT('continuous');
#8039 = STYLED_ITEM('color',(#8040),#5776);
#8040 = PRESENTATION_STYLE_ASSIGNMENT((#8041,#8046));
#8041 = SURFACE_STYLE_USAGE(.BOTH.,#8042);
#8042 = SURFACE_SIDE_STYLE('',(#8043));
#8043 = SURFACE_STYLE_FILL_AREA(#8044);
#8044 = FILL_AREA_STYLE('',(#8045));
#8045 = FILL_AREA_STYLE_COLOUR('',#6815);
#8046 = CURVE_STYLE('',#8047,POSITIVE_LENGTH_MEASURE(0.1),#6815);
#8047 = DRAUGHTING_PRE_DEFINED_CURVE_FONT('continuous');
#8048 = STYLED_ITEM('color',(#8049),#5793);
#8049 = PRESENTATION_STYLE_ASSIGNMENT((#8050,#8055));
#8050 = SURFACE_STYLE_USAGE(.BOTH.,#8051);
#8051 = SURFACE_SIDE_STYLE('',(#8052));
#8052 = SURFACE_STYLE_FILL_AREA(#8053);
#8053 = FILL_AREA_STYLE('',(#8054));
#8054 = FILL_AREA_STYLE_COLOUR('',#6815);
#8055 = CURVE_STYLE('',#8056,POSITIVE_LENGTH_MEASURE(0.1),#6815);
#8056 = DRAUGHTING_PRE_DEFINED_CURVE_FONT('continuous');
#8057 = STYLED_ITEM('color',(#8058),#5810);
#8058 = PRESENTATION_STYLE_ASSIGNMENT((#8059,#8064));
#8059 = SURFACE_STYLE_USAGE(.BOTH.,#8060);
#8060 = SURFACE_SIDE_STYLE('',(#8061));
#8061 = SURFACE_STYLE_FILL_AREA(#8062);
#8062 = FILL_AREA_STYLE('',(#8063));
#8063 = FILL_AREA_STYLE_COLOUR('',#6815);
#8064 = CURVE_STYLE('',#8065,POSITIVE_LENGTH_MEASURE(0.1),#6815);
#8065 = DRAUGHTING_PRE_DEFINED_CURVE_FONT('continuous');
#8066 = STYLED_ITEM('color',(#8067),#5827);
#8067 = PRESENTATION_STYLE_ASSIGNMENT((#8068,#8073));
#8068 = SURFACE_STYLE_USAGE(.BOTH.,#8069);
#8069 = SURFACE_SIDE_STYLE('',(#8070));
#8070 = SURFACE_STYLE_FILL_AREA(#8071);
#8071 = FILL_AREA_STYLE('',(#8072));
#8072 = FILL_AREA_STYLE_COLOUR('',#6815);
#8073 = CURVE_STYLE('',#8074,POSITIVE_LENGTH_MEASURE(0.1),#6815);
#8074 = DRAUGHTING_PRE_DEFINED_CURVE_FONT('continuous');
#8075 = STYLED_ITEM('color',(#8076),#5844);
#8076 = PRESENTATION_STYLE_ASSIGNMENT((#8077,#8082));
#8077 = SURFACE_STYLE_USAGE(.BOTH.,#8078);
#8078 = SURFACE_SIDE_STYLE('',(#8079));
#8079 = SURFACE_STYLE_FILL_AREA(#8080);
#8080 = FILL_AREA_STYLE('',(#8081));
#8081 = FILL_AREA_STYLE_COLOUR('',#6815);
#8082 = CURVE_STYLE('',#8083,POSITIVE_LENGTH_MEASURE(0.1),#6815);
#8083 = DRAUGHTING_PRE_DEFINED_CURVE_FONT('continuous');
#8084 = STYLED_ITEM('color',(#8085),#5861);
#8085 = PRESENTATION_STYLE_ASSIGNMENT((#8086,#8091));
#8086 = SURFACE_STYLE_USAGE(.BOTH.,#8087);
#8087 = SURFACE_SIDE_STYLE('',(#8088));
#8088 = SURFACE_STYLE_FILL_AREA(#8089);
#8089 = FILL_AREA_STYLE('',(#8090));
#8090 = FILL_AREA_STYLE_COLOUR('',#6815);
#8091 = CURVE_STYLE('',#8092,POSITIVE_LENGTH_MEASURE(0.1),#6815);
#8092 = DRAUGHTING_PRE_DEFINED_CURVE_FONT('continuous');
#8093 = STYLED_ITEM('color',(#8094),#5873);
#8094 = PRESENTATION_STYLE_ASSIGNMENT((#8095,#8100));
#8095 = SURFACE_STYLE_USAGE(.BOTH.,#8096);
#8096 = SURFACE_SIDE_STYLE('',(#8097));
#8097 = SURFACE_STYLE_FILL_AREA(#8098);
#8098 = FILL_AREA_STYLE('',(#8099));
#8099 = FILL_AREA_STYLE_COLOUR('',#6815);
#8100 = CURVE_STYLE('',#8101,POSITIVE_LENGTH_MEASURE(0.1),#6815);
#8101 = DRAUGHTING_PRE_DEFINED_CURVE_FONT('continuous');
#8102 = STYLED_ITEM('color',(#8103),#5890);
#8103 = PRESENTATION_STYLE_ASSIGNMENT((#8104,#8109));
#8104 = SURFACE_STYLE_USAGE(.BOTH.,#8105);
#8105 = SURFACE_SIDE_STYLE('',(#8106));
#8106 = SURFACE_STYLE_FILL_AREA(#8107);
#8107 = FILL_AREA_STYLE('',(#8108));
#8108 = FILL_AREA_STYLE_COLOUR('',#6815);
#8109 = CURVE_STYLE('',#8110,POSITIVE_LENGTH_MEASURE(0.1),#6815);
#8110 = DRAUGHTING_PRE_DEFINED_CURVE_FONT('continuous');
#8111 = STYLED_ITEM('color',(#8112),#5907);
#8112 = PRESENTATION_STYLE_ASSIGNMENT((#8113,#8118));
#8113 = SURFACE_STYLE_USAGE(.BOTH.,#8114);
#8114 = SURFACE_SIDE_STYLE('',(#8115));
#8115 = SURFACE_STYLE_FILL_AREA(#8116);
#8116 = FILL_AREA_STYLE('',(#8117));
#8117 = FILL_AREA_STYLE_COLOUR('',#6815);
#8118 = CURVE_STYLE('',#8119,POSITIVE_LENGTH_MEASURE(0.1),#6815);
#8119 = DRAUGHTING_PRE_DEFINED_CURVE_FONT('continuous');
#8120 = STYLED_ITEM('color',(#8121),#5924);
#8121 = PRESENTATION_STYLE_ASSIGNMENT((#8122,#8127));
#8122 = SURFACE_STYLE_USAGE(.BOTH.,#8123);
#8123 = SURFACE_SIDE_STYLE('',(#8124));
#8124 = SURFACE_STYLE_FILL_AREA(#8125);
#8125 = FILL_AREA_STYLE('',(#8126));
#8126 = FILL_AREA_STYLE_COLOUR('',#6815);
#8127 = CURVE_STYLE('',#8128,POSITIVE_LENGTH_MEASURE(0.1),#6815);
#8128 = DRAUGHTING_PRE_DEFINED_CURVE_FONT('continuous');
#8129 = STYLED_ITEM('color',(#8130),#5941);
#8130 = PRESENTATION_STYLE_ASSIGNMENT((#8131,#8136));
#8131 = SURFACE_STYLE_USAGE(.BOTH.,#8132);
#8132 = SURFACE_SIDE_STYLE('',(#8133));
#8133 = SURFACE_STYLE_FILL_AREA(#8134);
#8134 = FILL_AREA_STYLE('',(#8135));
#8135 = FILL_AREA_STYLE_COLOUR('',#6815);
#8136 = CURVE_STYLE('',#8137,POSITIVE_LENGTH_MEASURE(0.1),#6815);
#8137 = DRAUGHTING_PRE_DEFINED_CURVE_FONT('continuous');
#8138 = STYLED_ITEM('color',(#8139),#5958);
#8139 = PRESENTATION_STYLE_ASSIGNMENT((#8140,#8145));
#8140 = SURFACE_STYLE_USAGE(.BOTH.,#8141);
#8141 = SURFACE_SIDE_STYLE('',(#8142));
#8142 = SURFACE_STYLE_FILL_AREA(#8143);
#8143 = FILL_AREA_STYLE('',(#8144));
#8144 = FILL_AREA_STYLE_COLOUR('',#6815);
#8145 = CURVE_STYLE('',#8146,POSITIVE_LENGTH_MEASURE(0.1),#6815);
#8146 = DRAUGHTING_PRE_DEFINED_CURVE_FONT('continuous');
#8147 = STYLED_ITEM('color',(#8148),#5975);
#8148 = PRESENTATION_STYLE_ASSIGNMENT((#8149,#8154));
#8149 = SURFACE_STYLE_USAGE(.BOTH.,#8150);
#8150 = SURFACE_SIDE_STYLE('',(#8151));
#8151 = SURFACE_STYLE_FILL_AREA(#8152);
#8152 = FILL_AREA_STYLE('',(#8153));
#8153 = FILL_AREA_STYLE_COLOUR('',#6815);
#8154 = CURVE_STYLE('',#8155,POSITIVE_LENGTH_MEASURE(0.1),#6815);
#8155 = DRAUGHTING_PRE_DEFINED_CURVE_FONT('continuous');
#8156 = STYLED_ITEM('color',(#8157),#5992);
#8157 = PRESENTATION_STYLE_ASSIGNMENT((#8158,#8163));
#8158 = SURFACE_STYLE_USAGE(.BOTH.,#8159);
#8159 = SURFACE_SIDE_STYLE('',(#8160));
#8160 = SURFACE_STYLE_FILL_AREA(#8161);
#8161 = FILL_AREA_STYLE('',(#8162));
#8162 = FILL_AREA_STYLE_COLOUR('',#6815);
#8163 = CURVE_STYLE('',#8164,POSITIVE_LENGTH_MEASURE(0.1),#6815);
#8164 = DRAUGHTING_PRE_DEFINED_CURVE_FONT('continuous');
#8165 = STYLED_ITEM('color',(#8166),#6004);
#8166 = PRESENTATION_STYLE_ASSIGNMENT((#8167,#8172));
#8167 = SURFACE_STYLE_USAGE(.BOTH.,#8168);
#8168 = SURFACE_SIDE_STYLE('',(#8169));
#8169 = SURFACE_STYLE_FILL_AREA(#8170);
#8170 = FILL_AREA_STYLE('',(#8171));
#8171 = FILL_AREA_STYLE_COLOUR('',#6815);
#8172 = CURVE_STYLE('',#8173,POSITIVE_LENGTH_MEASURE(0.1),#6815);
#8173 = DRAUGHTING_PRE_DEFINED_CURVE_FONT('continuous');
#8174 = STYLED_ITEM('color',(#8175),#6021);
#8175 = PRESENTATION_STYLE_ASSIGNMENT((#8176,#8181));
#8176 = SURFACE_STYLE_USAGE(.BOTH.,#8177);
#8177 = SURFACE_SIDE_STYLE('',(#8178));
#8178 = SURFACE_STYLE_FILL_AREA(#8179);
#8179 = FILL_AREA_STYLE('',(#8180));
#8180 = FILL_AREA_STYLE_COLOUR('',#6815);
#8181 = CURVE_STYLE('',#8182,POSITIVE_LENGTH_MEASURE(0.1),#6815);
#8182 = DRAUGHTING_PRE_DEFINED_CURVE_FONT('continuous');
#8183 = STYLED_ITEM('color',(#8184),#6038);
#8184 = PRESENTATION_STYLE_ASSIGNMENT((#8185,#8190));
#8185 = SURFACE_STYLE_USAGE(.BOTH.,#8186);
#8186 = SURFACE_SIDE_STYLE('',(#8187));
#8187 = SURFACE_STYLE_FILL_AREA(#8188);
#8188 = FILL_AREA_STYLE('',(#8189));
#8189 = FILL_AREA_STYLE_COLOUR('',#6815);
#8190 = CURVE_STYLE('',#8191,POSITIVE_LENGTH_MEASURE(0.1),#6815);
#8191 = DRAUGHTING_PRE_DEFINED_CURVE_FONT('continuous');
#8192 = STYLED_ITEM('color',(#8193),#6055);
#8193 = PRESENTATION_STYLE_ASSIGNMENT((#8194,#8199));
#8194 = SURFACE_STYLE_USAGE(.BOTH.,#8195);
#8195 = SURFACE_SIDE_STYLE('',(#8196));
#8196 = SURFACE_STYLE_FILL_AREA(#8197);
#8197 = FILL_AREA_STYLE('',(#8198));
#8198 = FILL_AREA_STYLE_COLOUR('',#6815);
#8199 = CURVE_STYLE('',#8200,POSITIVE_LENGTH_MEASURE(0.1),#6815);
#8200 = DRAUGHTING_PRE_DEFINED_CURVE_FONT('continuous');
#8201 = STYLED_ITEM('color',(#8202),#6072);
#8202 = PRESENTATION_STYLE_ASSIGNMENT((#8203,#8208));
#8203 = SURFACE_STYLE_USAGE(.BOTH.,#8204);
#8204 = SURFACE_SIDE_STYLE('',(#8205));
#8205 = SURFACE_STYLE_FILL_AREA(#8206);
#8206 = FILL_AREA_STYLE('',(#8207));
#8207 = FILL_AREA_STYLE_COLOUR('',#6815);
#8208 = CURVE_STYLE('',#8209,POSITIVE_LENGTH_MEASURE(0.1),#6815);
#8209 = DRAUGHTING_PRE_DEFINED_CURVE_FONT('continuous');
#8210 = STYLED_ITEM('color',(#8211),#6089);
#8211 = PRESENTATION_STYLE_ASSIGNMENT((#8212,#8217));
#8212 = SURFACE_STYLE_USAGE(.BOTH.,#8213);
#8213 = SURFACE_SIDE_STYLE('',(#8214));
#8214 = SURFACE_STYLE_FILL_AREA(#8215);
#8215 = FILL_AREA_STYLE('',(#8216));
#8216 = FILL_AREA_STYLE_COLOUR('',#6815);
#8217 = CURVE_STYLE('',#8218,POSITIVE_LENGTH_MEASURE(0.1),#6815);
#8218 = DRAUGHTING_PRE_DEFINED_CURVE_FONT('continuous');
#8219 = STYLED_ITEM('color',(#8220),#6106);
#8220 = PRESENTATION_STYLE_ASSIGNMENT((#8221,#8226));
#8221 = SURFACE_STYLE_USAGE(.BOTH.,#8222);
#8222 = SURFACE_SIDE_STYLE('',(#8223));
#8223 = SURFACE_STYLE_FILL_AREA(#8224);
#8224 = FILL_AREA_STYLE('',(#8225));
#8225 = FILL_AREA_STYLE_COLOUR('',#6815);
#8226 = CURVE_STYLE('',#8227,POSITIVE_LENGTH_MEASURE(0.1),#6815);
#8227 = DRAUGHTING_PRE_DEFINED_CURVE_FONT('continuous');
#8228 = STYLED_ITEM('color',(#8229),#6123);
#8229 = PRESENTATION_STYLE_ASSIGNMENT((#8230,#8235));
#8230 = SURFACE_STYLE_USAGE(.BOTH.,#8231);
#8231 = SURFACE_SIDE_STYLE('',(#8232));
#8232 = SURFACE_STYLE_FILL_AREA(#8233);
#8233 = FILL_AREA_STYLE('',(#8234));
#8234 = FILL_AREA_STYLE_COLOUR('',#6815);
#8235 = CURVE_STYLE('',#8236,POSITIVE_LENGTH_MEASURE(0.1),#6815);
#8236 = DRAUGHTING_PRE_DEFINED_CURVE_FONT('continuous');
#8237 = STYLED_ITEM('color',(#8238),#6135);
#8238 = PRESENTATION_STYLE_ASSIGNMENT((#8239,#8244));
#8239 = SURFACE_STYLE_USAGE(.BOTH.,#8240);
#8240 = SURFACE_SIDE_STYLE('',(#8241));
#8241 = SURFACE_STYLE_FILL_AREA(#8242);
#8242 = FILL_AREA_STYLE('',(#8243));
#8243 = FILL_AREA_STYLE_COLOUR('',#6815);
#8244 = CURVE_STYLE('',#8245,POSITIVE_LENGTH_MEASURE(0.1),#6815);
#8245 = DRAUGHTING_PRE_DEFINED_CURVE_FONT('continuous');
#8246 = STYLED_ITEM('color',(#8247),#6152);
#8247 = PRESENTATION_STYLE_ASSIGNMENT((#8248,#8253));
#8248 = SURFACE_STYLE_USAGE(.BOTH.,#8249);
#8249 = SURFACE_SIDE_STYLE('',(#8250));
#8250 = SURFACE_STYLE_FILL_AREA(#8251);
#8251 = FILL_AREA_STYLE('',(#8252));
#8252 = FILL_AREA_STYLE_COLOUR('',#6815);
#8253 = CURVE_STYLE('',#8254,POSITIVE_LENGTH_MEASURE(0.1),#6815);
#8254 = DRAUGHTING_PRE_DEFINED_CURVE_FONT('continuous');
#8255 = STYLED_ITEM('color',(#8256),#6169);
#8256 = PRESENTATION_STYLE_ASSIGNMENT((#8257,#8262));
#8257 = SURFACE_STYLE_USAGE(.BOTH.,#8258);
#8258 = SURFACE_SIDE_STYLE('',(#8259));
#8259 = SURFACE_STYLE_FILL_AREA(#8260);
#8260 = FILL_AREA_STYLE('',(#8261));
#8261 = FILL_AREA_STYLE_COLOUR('',#6815);
#8262 = CURVE_STYLE('',#8263,POSITIVE_LENGTH_MEASURE(0.1),#6815);
#8263 = DRAUGHTING_PRE_DEFINED_CURVE_FONT('continuous');
#8264 = STYLED_ITEM('color',(#8265),#6186);
#8265 = PRESENTATION_STYLE_ASSIGNMENT((#8266,#8271));
#8266 = SURFACE_STYLE_USAGE(.BOTH.,#8267);
#8267 = SURFACE_SIDE_STYLE('',(#8268));
#8268 = SURFACE_STYLE_FILL_AREA(#8269);
#8269 = FILL_AREA_STYLE('',(#8270));
#8270 = FILL_AREA_STYLE_COLOUR('',#6815);
#8271 = CURVE_STYLE('',#8272,POSITIVE_LENGTH_MEASURE(0.1),#6815);
#8272 = DRAUGHTING_PRE_DEFINED_CURVE_FONT('continuous');
#8273 = STYLED_ITEM('color',(#8274),#6203);
#8274 = PRESENTATION_STYLE_ASSIGNMENT((#8275,#8280));
#8275 = SURFACE_STYLE_USAGE(.BOTH.,#8276);
#8276 = SURFACE_SIDE_STYLE('',(#8277));
#8277 = SURFACE_STYLE_FILL_AREA(#8278);
#8278 = FILL_AREA_STYLE('',(#8279));
#8279 = FILL_AREA_STYLE_COLOUR('',#6815);
#8280 = CURVE_STYLE('',#8281,POSITIVE_LENGTH_MEASURE(0.1),#6815);
#8281 = DRAUGHTING_PRE_DEFINED_CURVE_FONT('continuous');
#8282 = STYLED_ITEM('color',(#8283),#6220);
#8283 = PRESENTATION_STYLE_ASSIGNMENT((#8284,#8289));
#8284 = SURFACE_STYLE_USAGE(.BOTH.,#8285);
#8285 = SURFACE_SIDE_STYLE('',(#8286));
#8286 = SURFACE_STYLE_FILL_AREA(#8287);
#8287 = FILL_AREA_STYLE('',(#8288));
#8288 = FILL_AREA_STYLE_COLOUR('',#6815);
#8289 = CURVE_STYLE('',#8290,POSITIVE_LENGTH_MEASURE(0.1),#6815);
#8290 = DRAUGHTING_PRE_DEFINED_CURVE_FONT('continuous');
#8291 = STYLED_ITEM('color',(#8292),#6237);
#8292 = PRESENTATION_STYLE_ASSIGNMENT((#8293,#8298));
#8293 = SURFACE_STYLE_USAGE(.BOTH.,#8294);
#8294 = SURFACE_SIDE_STYLE('',(#8295));
#8295 = SURFACE_STYLE_FILL_AREA(#8296);
#8296 = FILL_AREA_STYLE('',(#8297));
#8297 = FILL_AREA_STYLE_COLOUR('',#6815);
#8298 = CURVE_STYLE('',#8299,POSITIVE_LENGTH_MEASURE(0.1),#6815);
#8299 = DRAUGHTING_PRE_DEFINED_CURVE_FONT('continuous');
#8300 = STYLED_ITEM('color',(#8301),#6254);
#8301 = PRESENTATION_STYLE_ASSIGNMENT((#8302,#8307));
#8302 = SURFACE_STYLE_USAGE(.BOTH.,#8303);
#8303 = SURFACE_SIDE_STYLE('',(#8304));
#8304 = SURFACE_STYLE_FILL_AREA(#8305);
#8305 = FILL_AREA_STYLE('',(#8306));
#8306 = FILL_AREA_STYLE_COLOUR('',#6815);
#8307 = CURVE_STYLE('',#8308,POSITIVE_LENGTH_MEASURE(0.1),#6815);
#8308 = DRAUGHTING_PRE_DEFINED_CURVE_FONT('continuous');
#8309 = STYLED_ITEM('color',(#8310),#6266);
#8310 = PRESENTATION_STYLE_ASSIGNMENT((#8311,#8317));
#8311 = SURFACE_STYLE_USAGE(.BOTH.,#8312);
#8312 = SURFACE_SIDE_STYLE('',(#8313));
#8313 = SURFACE_STYLE_FILL_AREA(#8314);
#8314 = FILL_AREA_STYLE('',(#8315));
#8315 = FILL_AREA_STYLE_COLOUR('',#8316);
#8316 = COLOUR_RGB('',0.690999998585,0.664000007176,0.597999987832);
#8317 = CURVE_STYLE('',#8318,POSITIVE_LENGTH_MEASURE(0.1),#8316);
#8318 = DRAUGHTING_PRE_DEFINED_CURVE_FONT('continuous');
#8319 = MECHANICAL_DESIGN_GEOMETRIC_PRESENTATION_REPRESENTATION('',(
    #8320),#6796);
#8320 = STYLED_ITEM('color',(#8321),#6292);
#8321 = PRESENTATION_STYLE_ASSIGNMENT((#8322));
#8322 = SURFACE_STYLE_USAGE(.BOTH.,#8323);
#8323 = SURFACE_SIDE_STYLE('',(#8324));
#8324 = SURFACE_STYLE_FILL_AREA(#8325);
#8325 = FILL_AREA_STYLE('',(#8326));
#8326 = FILL_AREA_STYLE_COLOUR('',#8327);
#8327 = COLOUR_RGB('',0.778388722362,0.270808355515,0.284682305191);
#8328 = MECHANICAL_DESIGN_GEOMETRIC_PRESENTATION_REPRESENTATION('',(
    #8329,#8336,#8343,#8350,#8357,#8364,#8371,#8378,#8385,#8392,#8399,
    #8407,#8414,#8421,#8428,#8435,#8442,#8449,#8456,#8463,#8470,#8477,
    #8484,#8491,#8498,#8505,#8512,#8519),#926);
#8329 = STYLED_ITEM('color',(#8330),#74);
#8330 = PRESENTATION_STYLE_ASSIGNMENT((#8331));
#8331 = SURFACE_STYLE_USAGE(.BOTH.,#8332);
#8332 = SURFACE_SIDE_STYLE('',(#8333));
#8333 = SURFACE_STYLE_FILL_AREA(#8334);
#8334 = FILL_AREA_STYLE('',(#8335));
#8335 = FILL_AREA_STYLE_COLOUR('',#6815);
#8336 = STYLED_ITEM('color',(#8337),#150);
#8337 = PRESENTATION_STYLE_ASSIGNMENT((#8338));
#8338 = SURFACE_STYLE_USAGE(.BOTH.,#8339);
#8339 = SURFACE_SIDE_STYLE('',(#8340));
#8340 = SURFACE_STYLE_FILL_AREA(#8341);
#8341 = FILL_AREA_STYLE('',(#8342));
#8342 = FILL_AREA_STYLE_COLOUR('',#6815);
#8343 = STYLED_ITEM('color',(#8344),#181);
#8344 = PRESENTATION_STYLE_ASSIGNMENT((#8345));
#8345 = SURFACE_STYLE_USAGE(.BOTH.,#8346);
#8346 = SURFACE_SIDE_STYLE('',(#8347));
#8347 = SURFACE_STYLE_FILL_AREA(#8348);
#8348 = FILL_AREA_STYLE('',(#8349));
#8349 = FILL_AREA_STYLE_COLOUR('',#6815);
#8350 = STYLED_ITEM('color',(#8351),#206);
#8351 = PRESENTATION_STYLE_ASSIGNMENT((#8352));
#8352 = SURFACE_STYLE_USAGE(.BOTH.,#8353);
#8353 = SURFACE_SIDE_STYLE('',(#8354));
#8354 = SURFACE_STYLE_FILL_AREA(#8355);
#8355 = FILL_AREA_STYLE('',(#8356));
#8356 = FILL_AREA_STYLE_COLOUR('',#6815);
#8357 = STYLED_ITEM('color',(#8358),#231);
#8358 = PRESENTATION_STYLE_ASSIGNMENT((#8359));
#8359 = SURFACE_STYLE_USAGE(.BOTH.,#8360);
#8360 = SURFACE_SIDE_STYLE('',(#8361));
#8361 = SURFACE_STYLE_FILL_AREA(#8362);
#8362 = FILL_AREA_STYLE('',(#8363));
#8363 = FILL_AREA_STYLE_COLOUR('',#6815);
#8364 = STYLED_ITEM('color',(#8365),#255);
#8365 = PRESENTATION_STYLE_ASSIGNMENT((#8366));
#8366 = SURFACE_STYLE_USAGE(.BOTH.,#8367);
#8367 = SURFACE_SIDE_STYLE('',(#8368));
#8368 = SURFACE_STYLE_FILL_AREA(#8369);
#8369 = FILL_AREA_STYLE('',(#8370));
#8370 = FILL_AREA_STYLE_COLOUR('',#6815);
#8371 = STYLED_ITEM('color',(#8372),#279);
#8372 = PRESENTATION_STYLE_ASSIGNMENT((#8373));
#8373 = SURFACE_STYLE_USAGE(.BOTH.,#8374);
#8374 = SURFACE_SIDE_STYLE('',(#8375));
#8375 = SURFACE_STYLE_FILL_AREA(#8376);
#8376 = FILL_AREA_STYLE('',(#8377));
#8377 = FILL_AREA_STYLE_COLOUR('',#6815);
#8378 = STYLED_ITEM('color',(#8379),#304);
#8379 = PRESENTATION_STYLE_ASSIGNMENT((#8380));
#8380 = SURFACE_STYLE_USAGE(.BOTH.,#8381);
#8381 = SURFACE_SIDE_STYLE('',(#8382));
#8382 = SURFACE_STYLE_FILL_AREA(#8383);
#8383 = FILL_AREA_STYLE('',(#8384));
#8384 = FILL_AREA_STYLE_COLOUR('',#6815);
#8385 = STYLED_ITEM('color',(#8386),#329);
#8386 = PRESENTATION_STYLE_ASSIGNMENT((#8387));
#8387 = SURFACE_STYLE_USAGE(.BOTH.,#8388);
#8388 = SURFACE_SIDE_STYLE('',(#8389));
#8389 = SURFACE_STYLE_FILL_AREA(#8390);
#8390 = FILL_AREA_STYLE('',(#8391));
#8391 = FILL_AREA_STYLE_COLOUR('',#6815);
#8392 = STYLED_ITEM('color',(#8393),#346);
#8393 = PRESENTATION_STYLE_ASSIGNMENT((#8394));
#8394 = SURFACE_STYLE_USAGE(.BOTH.,#8395);
#8395 = SURFACE_SIDE_STYLE('',(#8396));
#8396 = SURFACE_STYLE_FILL_AREA(#8397);
#8397 = FILL_AREA_STYLE('',(#8398));
#8398 = FILL_AREA_STYLE_COLOUR('',#6815);
#8399 = STYLED_ITEM('color',(#8400),#432);
#8400 = PRESENTATION_STYLE_ASSIGNMENT((#8401));
#8401 = SURFACE_STYLE_USAGE(.BOTH.,#8402);
#8402 = SURFACE_SIDE_STYLE('',(#8403));
#8403 = SURFACE_STYLE_FILL_AREA(#8404);
#8404 = FILL_AREA_STYLE('',(#8405));
#8405 = FILL_AREA_STYLE_COLOUR('',#8406);
#8406 = COLOUR_RGB('',0.379000005575,0.270000008848,0.214999999939);
#8407 = STYLED_ITEM('color',(#8408),#464);
#8408 = PRESENTATION_STYLE_ASSIGNMENT((#8409));
#8409 = SURFACE_STYLE_USAGE(.BOTH.,#8410);
#8410 = SURFACE_SIDE_STYLE('',(#8411));
#8411 = SURFACE_STYLE_FILL_AREA(#8412);
#8412 = FILL_AREA_STYLE('',(#8413));
#8413 = FILL_AREA_STYLE_COLOUR('',#8406);
#8414 = STYLED_ITEM('color',(#8415),#488);
#8415 = PRESENTATION_STYLE_ASSIGNMENT((#8416));
#8416 = SURFACE_STYLE_USAGE(.BOTH.,#8417);
#8417 = SURFACE_SIDE_STYLE('',(#8418));
#8418 = SURFACE_STYLE_FILL_AREA(#8419);
#8419 = FILL_AREA_STYLE('',(#8420));
#8420 = FILL_AREA_STYLE_COLOUR('',#8406);
#8421 = STYLED_ITEM('color',(#8422),#513);
#8422 = PRESENTATION_STYLE_ASSIGNMENT((#8423));
#8423 = SURFACE_STYLE_USAGE(.BOTH.,#8424);
#8424 = SURFACE_SIDE_STYLE('',(#8425));
#8425 = SURFACE_STYLE_FILL_AREA(#8426);
#8426 = FILL_AREA_STYLE('',(#8427));
#8427 = FILL_AREA_STYLE_COLOUR('',#8406);
#8428 = STYLED_ITEM('color',(#8429),#537);
#8429 = PRESENTATION_STYLE_ASSIGNMENT((#8430));
#8430 = SURFACE_STYLE_USAGE(.BOTH.,#8431);
#8431 = SURFACE_SIDE_STYLE('',(#8432));
#8432 = SURFACE_STYLE_FILL_AREA(#8433);
#8433 = FILL_AREA_STYLE('',(#8434));
#8434 = FILL_AREA_STYLE_COLOUR('',#8406);
#8435 = STYLED_ITEM('color',(#8436),#562);
#8436 = PRESENTATION_STYLE_ASSIGNMENT((#8437));
#8437 = SURFACE_STYLE_USAGE(.BOTH.,#8438);
#8438 = SURFACE_SIDE_STYLE('',(#8439));
#8439 = SURFACE_STYLE_FILL_AREA(#8440);
#8440 = FILL_AREA_STYLE('',(#8441));
#8441 = FILL_AREA_STYLE_COLOUR('',#8406);
#8442 = STYLED_ITEM('color',(#8443),#586);
#8443 = PRESENTATION_STYLE_ASSIGNMENT((#8444));
#8444 = SURFACE_STYLE_USAGE(.BOTH.,#8445);
#8445 = SURFACE_SIDE_STYLE('',(#8446));
#8446 = SURFACE_STYLE_FILL_AREA(#8447);
#8447 = FILL_AREA_STYLE('',(#8448));
#8448 = FILL_AREA_STYLE_COLOUR('',#8406);
#8449 = STYLED_ITEM('color',(#8450),#611);
#8450 = PRESENTATION_STYLE_ASSIGNMENT((#8451));
#8451 = SURFACE_STYLE_USAGE(.BOTH.,#8452);
#8452 = SURFACE_SIDE_STYLE('',(#8453));
#8453 = SURFACE_STYLE_FILL_AREA(#8454);
#8454 = FILL_AREA_STYLE('',(#8455));
#8455 = FILL_AREA_STYLE_COLOUR('',#8406);
#8456 = STYLED_ITEM('color',(#8457),#628);
#8457 = PRESENTATION_STYLE_ASSIGNMENT((#8458));
#8458 = SURFACE_STYLE_USAGE(.BOTH.,#8459);
#8459 = SURFACE_SIDE_STYLE('',(#8460));
#8460 = SURFACE_STYLE_FILL_AREA(#8461);
#8461 = FILL_AREA_STYLE('',(#8462));
#8462 = FILL_AREA_STYLE_COLOUR('',#6815);
#8463 = STYLED_ITEM('color',(#8464),#714);
#8464 = PRESENTATION_STYLE_ASSIGNMENT((#8465));
#8465 = SURFACE_STYLE_USAGE(.BOTH.,#8466);
#8466 = SURFACE_SIDE_STYLE('',(#8467));
#8467 = SURFACE_STYLE_FILL_AREA(#8468);
#8468 = FILL_AREA_STYLE('',(#8469));
#8469 = FILL_AREA_STYLE_COLOUR('',#6815);
#8470 = STYLED_ITEM('color',(#8471),#745);
#8471 = PRESENTATION_STYLE_ASSIGNMENT((#8472));
#8472 = SURFACE_STYLE_USAGE(.BOTH.,#8473);
#8473 = SURFACE_SIDE_STYLE('',(#8474));
#8474 = SURFACE_STYLE_FILL_AREA(#8475);
#8475 = FILL_AREA_STYLE('',(#8476));
#8476 = FILL_AREA_STYLE_COLOUR('',#6815);
#8477 = STYLED_ITEM('color',(#8478),#770);
#8478 = PRESENTATION_STYLE_ASSIGNMENT((#8479));
#8479 = SURFACE_STYLE_USAGE(.BOTH.,#8480);
#8480 = SURFACE_SIDE_STYLE('',(#8481));
#8481 = SURFACE_STYLE_FILL_AREA(#8482);
#8482 = FILL_AREA_STYLE('',(#8483));
#8483 = FILL_AREA_STYLE_COLOUR('',#6815);
#8484 = STYLED_ITEM('color',(#8485),#795);
#8485 = PRESENTATION_STYLE_ASSIGNMENT((#8486));
#8486 = SURFACE_STYLE_USAGE(.BOTH.,#8487);
#8487 = SURFACE_SIDE_STYLE('',(#8488));
#8488 = SURFACE_STYLE_FILL_AREA(#8489);
#8489 = FILL_AREA_STYLE('',(#8490));
#8490 = FILL_AREA_STYLE_COLOUR('',#6815);
#8491 = STYLED_ITEM('color',(#8492),#819);
#8492 = PRESENTATION_STYLE_ASSIGNMENT((#8493));
#8493 = SURFACE_STYLE_USAGE(.BOTH.,#8494);
#8494 = SURFACE_SIDE_STYLE('',(#8495));
#8495 = SURFACE_STYLE_FILL_AREA(#8496);
#8496 = FILL_AREA_STYLE('',(#8497));
#8497 = FILL_AREA_STYLE_COLOUR('',#6815);
#8498 = STYLED_ITEM('color',(#8499),#843);
#8499 = PRESENTATION_STYLE_ASSIGNMENT((#8500));
#8500 = SURFACE_STYLE_USAGE(.BOTH.,#8501);
#8501 = SURFACE_SIDE_STYLE('',(#8502));
#8502 = SURFACE_STYLE_FILL_AREA(#8503);
#8503 = FILL_AREA_STYLE('',(#8504));
#8504 = FILL_AREA_STYLE_COLOUR('',#6815);
#8505 = STYLED_ITEM('color',(#8506),#868);
#8506 = PRESENTATION_STYLE_ASSIGNMENT((#8507));
#8507 = SURFACE_STYLE_USAGE(.BOTH.,#8508);
#8508 = SURFACE_SIDE_STYLE('',(#8509));
#8509 = SURFACE_STYLE_FILL_AREA(#8510);
#8510 = FILL_AREA_STYLE('',(#8511));
#8511 = FILL_AREA_STYLE_COLOUR('',#6815);
#8512 = STYLED_ITEM('color',(#8513),#893);
#8513 = PRESENTATION_STYLE_ASSIGNMENT((#8514));
#8514 = SURFACE_STYLE_USAGE(.BOTH.,#8515);
#8515 = SURFACE_SIDE_STYLE('',(#8516));
#8516 = SURFACE_STYLE_FILL_AREA(#8517);
#8517 = FILL_AREA_STYLE('',(#8518));
#8518 = FILL_AREA_STYLE_COLOUR('',#6815);
#8519 = STYLED_ITEM('color',(#8520),#910);
#8520 = PRESENTATION_STYLE_ASSIGNMENT((#8521));
#8521 = SURFACE_STYLE_USAGE(.BOTH.,#8522);
#8522 = SURFACE_SIDE_STYLE('',(#8523));
#8523 = SURFACE_STYLE_FILL_AREA(#8524);
#8524 = FILL_AREA_STYLE('',(#8525));
#8525 = FILL_AREA_STYLE_COLOUR('',#6815);
ENDSEC;
END-ISO-10303-21;
